Date,USDC-USD,USDT-USD
2018-10-08,1.002210021018982,0.9958140254020691
2018-10-09,1.0068600177764893,0.9967790246009827
2018-10-10,1.009619951248169,0.9935020208358765
2018-10-11,1.0097800493240356,0.9930260181427002
2018-10-12,1.012719988822937,0.9941020011901855
2018-10-13,1.0074299573898315,0.9880459904670715
2018-10-14,1.0163099765777588,0.9895700216293335
2018-10-15,1.0268000364303589,0.9801380038261414
2018-10-16,1.0214300155639648,0.9751520156860352
2018-10-17,1.0121899843215942,0.9712250232696533
2018-10-18,1.0148899555206299,0.9808580279350281
2018-10-19,1.0069799423217773,0.987712025642395
2018-10-20,1.0064300298690796,0.983830988407135
2018-10-21,1.0128999948501587,0.9835479855537415
2018-10-22,1.0092999935150146,0.9839980006217957
2018-10-23,1.0105899572372437,0.987962007522583
2018-10-24,1.0100200176239014,0.9886119961738586
2018-10-25,1.0079699754714966,0.9887909889221191
2018-10-26,1.0116300582885742,0.9897890090942383
2018-10-27,1.008239984512329,0.9930970072746277
2018-10-28,1.0110700130462646,0.9984530210494995
2018-10-29,1.008370041847229,0.9968590140342712
2018-10-30,1.0046800374984741,0.9966710209846497
2018-10-31,0.9963859915733337,0.9881219863891602
2018-11-01,0.992501974105835,0.9917200207710266
2018-11-02,0.9999690055847168,0.9935010075569153
2018-11-03,1.003790020942688,0.9994329810142517
2018-11-04,0.997668981552124,0.9887080192565918
2018-11-05,0.9987480044364929,0.9931759834289551
2018-11-06,1.0005199909210205,0.992796003818512
2018-11-07,1.0042999982833862,0.9932699799537659
2018-11-08,1.0038399696350098,0.994333028793335
2018-11-09,1.008039951324463,0.9948319792747498
2018-11-10,1.0109599828720093,0.9971799850463867
2018-11-11,1.0090099573135376,0.9904620051383972
2018-11-12,1.013200044631958,0.9891480207443237
2018-11-13,1.0128200054168701,0.9851179718971252
2018-11-14,1.023069977760315,0.9666439890861511
2018-11-15,1.0183099508285522,0.9820219874382019
2018-11-16,1.030269980430603,0.9870269894599915
2018-11-17,1.009119987487793,0.9858689904212952
2018-11-18,1.0118800401687622,0.9925330281257629
2018-11-19,1.0201900005340576,0.982729971408844
2018-11-20,1.019950032234192,0.9687989950180054
2018-11-21,1.0144100189208984,0.9875040054321289
2018-11-22,1.0194799900054932,0.9981880187988281
2018-11-23,1.020609974861145,0.9825699925422668
2018-11-24,1.0229599475860596,0.9802240133285522
2018-11-25,1.0259599685668945,0.9809690117835999
2018-11-26,1.037410020828247,0.9772430062294006
2018-11-27,1.0120999813079834,0.9842600226402283
2018-11-28,1.011639952659607,0.9986220002174377
2018-11-29,1.0145970582962036,0.9973769783973694
2018-11-30,1.010396957397461,0.9918230175971985
2018-12-01,1.0081969499588013,1.0010520219802856
2018-12-02,1.0127710103988647,0.9983720183372498
2018-12-03,1.0097490549087524,0.9965940117835999
2018-12-04,1.0127949714660645,1.0000309944152832
2018-12-05,1.0136330127716064,0.9929659962654114
2018-12-06,1.018265962600708,0.9982960224151611
2018-12-07,1.011307954788208,1.0014309883117676
2018-12-08,1.0221829414367676,1.019974946975708
2018-12-09,1.018252968788147,1.0155019760131836
2018-12-10,1.0246930122375488,1.016603946685791
2018-12-11,1.0203360319137573,1.009793996810913
2018-12-12,1.0227700471878052,1.0097559690475464
2018-12-13,1.0159130096435547,1.0033780336380005
2018-12-14,1.0172920227050781,1.002197027206421
2018-12-15,0.9979400038719177,1.0049890279769897
2018-12-16,1.0119609832763672,1.006335973739624
2018-12-17,1.0142329931259155,1.0099409818649292
2018-12-18,1.0098539590835571,1.012868046760559
2018-12-19,1.0192300081253052,1.0223619937896729
2018-12-20,1.015118956565857,1.0194170475006104
2018-12-21,1.0154269933700562,1.0155060291290283
2018-12-22,1.0106680393218994,1.0208059549331665
2018-12-23,1.0107189416885376,1.0159549713134766
2018-12-24,1.0115710496902466,1.0157769918441772
2018-12-25,1.0117369890213013,1.0190500020980835
2018-12-26,1.0136239528656006,1.0195499658584595
2018-12-27,1.0174800157546997,1.0241739749908447
2018-12-28,1.0112099647521973,1.0231599807739258
2018-12-29,1.0216649770736694,1.0314730405807495
2018-12-30,1.0131690502166748,1.0190860033035278
2018-12-31,1.016564965248108,1.0137219429016113
2019-01-01,1.0133010149002075,1.018334984779358
2019-01-02,1.0181729793548584,1.0240119695663452
2019-01-03,1.0135769844055176,1.0194729566574097
2019-01-04,1.0081599950790405,1.017199993133545
2019-01-05,1.0110100507736206,1.0184890031814575
2019-01-06,1.0101079940795898,1.0235780477523804
2019-01-07,1.0053579807281494,1.0139869451522827
2019-01-08,1.0079180002212524,1.0193500518798828
2019-01-09,1.0022640228271484,1.0168299674987793
2019-01-10,1.01310396194458,1.023460030555725
2019-01-11,1.0147349834442139,1.0233160257339478
2019-01-12,1.0106910467147827,1.0208810567855835
2019-01-13,1.0111089944839478,1.0200910568237305
2019-01-14,1.007591962814331,1.0208560228347778
2019-01-15,1.0120689868927002,1.0205579996109009
2019-01-16,1.0123629570007324,1.018522024154663
2019-01-17,1.0303529500961304,1.017495036125183
2019-01-18,1.0131150484085083,1.0172510147094727
2019-01-19,1.0114109516143799,1.0167820453643799
2019-01-20,1.0166690349578857,1.0171459913253784
2019-01-21,1.0125470161437988,1.013375997543335
2019-01-22,1.0085409879684448,1.0090359449386597
2019-01-23,1.008734941482544,1.0082969665527344
2019-01-24,1.0102709531784058,1.0085400342941284
2019-01-25,1.0120500326156616,1.0105220079421997
2019-01-26,1.0124759674072266,1.0092639923095703
2019-01-27,1.013942003250122,1.0087169408798218
2019-01-28,1.0118019580841064,1.008829951286316
2019-01-29,1.014050006866455,1.0094380378723145
2019-01-30,1.013232946395874,1.0071879625320435
2019-01-31,1.0124850273132324,1.0064899921417236
2019-02-01,1.0158439874649048,1.0063090324401855
2019-02-02,1.0183379650115967,1.0026999711990356
2019-02-03,1.0142439603805542,1.000046968460083
2019-02-04,1.0114250183105469,0.9998260140419006
2019-02-05,1.0087289810180664,0.9995319843292236
2019-02-06,1.0130510330200195,1.0010030269622803
2019-02-07,1.0110479593276978,1.0010780096054077
2019-02-08,1.0173120498657227,1.0019429922103882
2019-02-09,1.011700987815857,1.0002950429916382
2019-02-10,1.0143890380859375,1.0042170286178589
2019-02-11,1.013288974761963,1.0031650066375732
2019-02-12,1.017773985862732,1.003978967666626
2019-02-13,1.0116280317306519,1.0039680004119873
2019-02-14,1.011428952217102,1.0064820051193237
2019-02-15,1.011823058128357,1.0034409761428833
2019-02-16,1.0132390260696411,1.0032639503479004
2019-02-17,1.0237890481948853,1.0009560585021973
2019-02-18,1.01289701461792,1.0054529905319214
2019-02-19,1.0040689706802368,1.0076160430908203
2019-02-20,1.015740990638733,1.0069780349731445
2019-02-21,1.012017011642456,1.0044180154800415
2019-02-22,1.0157380104064941,1.0085400342941284
2019-02-23,1.0121450424194336,1.0085289478302002
2019-02-24,1.0071810483932495,1.012045979499817
2019-02-25,1.0175859928131104,1.0150519609451294
2019-02-26,1.0111720561981201,1.0108469724655151
2019-02-27,1.01596200466156,1.0090450048446655
2019-02-28,1.013672947883606,1.0100669860839844
2019-03-01,1.010856032371521,1.0068680047988892
2019-03-02,1.0099849700927734,1.011415958404541
2019-03-03,1.0119750499725342,1.0102200508117676
2019-03-04,1.015483021736145,1.0116169452667236
2019-03-05,1.0168449878692627,1.011154055595398
2019-03-06,1.013903021812439,1.0105830430984497
2019-03-07,1.0134849548339844,1.0084749460220337
2019-03-08,1.0145189762115479,1.009524941444397
2019-03-09,1.0123579502105713,1.0059759616851807
2019-03-10,1.0195039510726929,1.008821964263916
2019-03-11,1.0136200189590454,1.0087800025939941
2019-03-12,1.0121569633483887,1.0065979957580566
2019-03-13,1.0132919549942017,1.0100829601287842
2019-03-14,1.0170899629592896,1.0107070207595825
2019-03-15,1.0152599811553955,1.0098010301589966
2019-03-16,1.0154279470443726,1.0109610557556152
2019-03-17,1.01944899559021,1.0092179775238037
2019-03-18,1.0153980255126953,1.0109469890594482
2019-03-19,1.016152024269104,1.014009952545166
2019-03-20,1.014158010482788,1.0105570554733276
2019-03-21,1.0140479803085327,1.0117360353469849
2019-03-22,1.0090160369873047,1.0076220035552979
2019-03-23,1.012213945388794,1.0073519945144653
2019-03-24,1.0080540180206299,1.0056380033493042
2019-03-25,1.0128129720687866,1.0075520277023315
2019-03-26,1.0125080347061157,1.0103390216827393
2019-03-27,1.016144037246704,1.0122530460357666
2019-03-28,1.013795018196106,1.0108519792556763
2019-03-29,1.0025290250778198,0.9984959959983826
2019-03-30,1.0019899606704712,1.0003490447998047
2019-03-31,1.00149405002594,1.0005589723587036
2019-04-01,1.002632975578308,1.003026008605957
2019-04-02,1.0019299983978271,1.008167028427124
2019-04-03,1.0009289979934692,1.0075019598007202
2019-04-04,1.0023449659347534,1.0054210424423218
2019-04-05,1.0027990341186523,1.0070099830627441
2019-04-06,1.0010019540786743,1.0036629438400269
2019-04-07,1.0053590536117554,1.004601001739502
2019-04-08,1.002128005027771,1.0089830160140991
2019-04-09,1.0011810064315796,1.0078530311584473
2019-04-10,1.0013790130615234,1.0037620067596436
2019-04-11,1.0028259754180908,1.0056090354919434
2019-04-12,1.0028979778289795,1.007194995880127
2019-04-13,1.0040669441223145,1.0067390203475952
2019-04-14,1.008025050163269,1.005378007888794
2019-04-15,0.9989799857139587,1.0012099742889404
2019-04-16,1.0104080438613892,1.0105220079421997
2019-04-17,1.0056840181350708,1.0063070058822632
2019-04-18,1.0026450157165527,1.0049949884414673
2019-04-19,1.002629041671753,1.005918025970459
2019-04-20,1.0009690523147583,1.0052030086517334
2019-04-21,1.0020829439163208,1.0066570043563843
2019-04-22,1.0038379430770874,1.0060889720916748
2019-04-23,0.999439001083374,1.0083229541778564
2019-04-24,0.9989309906959534,1.0055639743804932
2019-04-25,1.0071500539779663,0.9928079843521118
2019-04-26,1.019394040107727,0.9911029934883118
2019-04-27,1.0129790306091309,0.9947509765625
2019-04-28,1.0155940055847168,0.9938730001449585
2019-04-29,1.0152809619903564,1.0003700256347656
2019-04-30,1.0153039693832397,1.0060490369796753
2019-05-01,1.0119030475616455,1.002150058746338
2019-05-02,1.0161919593811035,1.00114905834198
2019-05-03,1.017825961112976,1.001222014427185
2019-05-04,1.0092450380325317,1.0004780292510986
2019-05-05,1.0093859434127808,1.0022759437561035
2019-05-06,1.0081909894943237,0.9995459914207458
2019-05-07,1.0106920003890991,0.9980149865150452
2019-05-08,1.0074000358581543,1.0013740062713623
2019-05-09,1.0040440559387207,0.9992809891700745
2019-05-10,1.005607008934021,1.0011019706726074
2019-05-11,0.9968580007553101,1.0007590055465698
2019-05-12,0.9983530044555664,0.9956340193748474
2019-05-13,0.9996979832649231,1.0051089525222778
2019-05-14,0.9988409876823425,1.0000009536743164
2019-05-15,0.9981859922409058,1.002776026725769
2019-05-16,0.998786985874176,0.9990400075912476
2019-05-17,0.9987289905548096,0.9967730045318604
2019-05-18,0.9965419769287109,0.9966400265693665
2019-05-19,1.0027730464935303,1.0106099843978882
2019-05-20,0.9965239763259888,1.0038479566574097
2019-05-21,0.9988890290260315,1.0054969787597656
2019-05-22,1.000087022781372,1.001399040222168
2019-05-23,0.9999629855155945,1.0044280290603638
2019-05-24,0.9983749985694885,1.0030039548873901
2019-05-25,0.9980149865150452,1.003458023071289
2019-05-26,0.9971129894256592,1.0098580121994019
2019-05-27,1.004837989807129,1.0049450397491455
2019-05-28,1.0051790475845337,1.0000100135803223
2019-05-29,0.9984300136566162,1.0012849569320679
2019-05-30,0.9994900226593018,1.0019710063934326
2019-05-31,1.0010470151901245,1.0034730434417725
2019-06-01,0.9999369978904724,1.0039310455322266
2019-06-02,0.9991909861564636,1.00211501121521
2019-06-03,0.9978970289230347,0.9995620250701904
2019-06-04,1.0024850368499756,0.9950630068778992
2019-06-05,1.0036959648132324,1.005081057548523
2019-06-06,1.0037330389022827,1.0036699771881104
2019-06-07,1.0016900300979614,1.0066499710083008
2019-06-08,0.9941239953041077,1.0047270059585571
2019-06-09,1.0016640424728394,1.0029710531234741
2019-06-10,1.0006829500198364,1.0056289434432983
2019-06-11,1.0007380247116089,1.0050740242004395
2019-06-12,0.9998540282249451,1.0029280185699463
2019-06-13,0.9989529848098755,1.001899003982544
2019-06-14,1.0025800466537476,1.006155014038086
2019-06-15,0.9992340207099915,1.005560040473938
2019-06-16,1.0002110004425049,1.0029590129852295
2019-06-17,1.002318024635315,1.004986047744751
2019-06-18,0.9986280202865601,0.9999520182609558
2019-06-19,0.9989100098609924,1.002128005027771
2019-06-20,0.9976630210876465,1.0002269744873047
2019-06-21,0.9980509877204895,1.0027990341186523
2019-06-22,0.9999750256538391,0.9958170056343079
2019-06-23,1.0004630088806152,0.9966909885406494
2019-06-24,1.0,0.997842013835907
2019-06-25,1.0028460025787354,0.9993330240249634
2019-06-26,1.0045219659805298,0.9918190240859985
2019-06-27,1.0018219947814941,0.98573899269104
2019-06-28,1.0026700496673584,1.0006639957427979
2019-06-29,0.9996320009231567,0.9986039996147156
2019-06-30,1.0031919479370117,0.9924870133399963
2019-07-01,1.000836968421936,0.9960520267486572
2019-07-02,1.0020630359649658,1.0028799772262573
2019-07-03,1.0009900331497192,1.0050150156021118
2019-07-04,0.9993860125541687,0.9999290108680725
2019-07-05,1.000465989112854,1.0016690492630005
2019-07-06,0.9961199760437012,0.997409999370575
2019-07-07,0.996720016002655,1.0024499893188477
2019-07-08,0.9993699789047241,1.0046260356903076
2019-07-09,0.9994770288467407,1.0022200345993042
2019-07-10,1.0011099576950073,0.9997820258140564
2019-07-11,0.999334990978241,0.9965140223503113
2019-07-12,1.0013999938964844,1.0066759586334229
2019-07-13,0.9991310238838196,0.9986940026283264
2019-07-14,0.9985679984092712,0.9999949932098389
2019-07-15,1.003612995147705,1.0082859992980957
2019-07-16,0.9999409914016724,0.9959239959716797
2019-07-17,1.002289056777954,1.0062659978866577
2019-07-18,1.003288984298706,1.0088520050048828
2019-07-19,0.9998520016670227,1.002974033355713
2019-07-20,1.001829981803894,1.0050380229949951
2019-07-21,1.0014309883117676,1.0007829666137695
2019-07-22,1.0017110109329224,1.0003960132598877
2019-07-23,1.0011039972305298,0.9976310133934021
2019-07-24,1.003262996673584,1.0030479431152344
2019-07-25,1.0031249523162842,1.0031269788742065
2019-07-26,1.0026079416275024,1.00387704372406
2019-07-27,1.0006229877471924,0.9989039897918701
2019-07-28,1.0020149946212769,1.002236008644104
2019-07-29,1.0027250051498413,1.000520944595337
2019-07-30,1.0026229619979858,1.003175973892212
2019-07-31,1.0016930103302002,1.003749966621399
2019-08-01,1.0022579431533813,1.0060679912567139
2019-08-02,0.999779999256134,1.001747965812683
2019-08-03,1.0017809867858887,1.004276990890503
2019-08-04,0.9980900287628174,1.0050679445266724
2019-08-05,1.0021049976348877,1.0099719762802124
2019-08-06,0.9996020197868347,0.9982110261917114
2019-08-07,1.001155972480774,1.0019609928131104
2019-08-08,0.9964849948883057,0.9974539875984192
2019-08-09,0.999862015247345,0.9987419843673706
2019-08-10,1.0031139850616455,0.9996640086174011
2019-08-11,0.9975429773330688,0.9976500272750854
2019-08-12,1.0023590326309204,0.9984269738197327
2019-08-13,1.0006300210952759,0.9966070055961609
2019-08-14,1.0019680261611938,0.9932669997215271
2019-08-15,1.0009139776229858,1.0027680397033691
2019-08-16,1.0008610486984253,1.0024290084838867
2019-08-17,1.0008529424667358,1.0009180307388306
2019-08-18,1.0017839670181274,1.0034220218658447
2019-08-19,1.001147985458374,1.0042760372161865
2019-08-20,1.0015640258789062,1.0005550384521484
2019-08-21,0.9997230172157288,0.9944720268249512
2019-08-22,1.0002379417419434,1.0029799938201904
2019-08-23,1.001518964767456,1.0039069652557373
2019-08-24,1.0026819705963135,1.0026370286941528
2019-08-25,0.9991750121116638,0.9995589852333069
2019-08-26,1.0021369457244873,1.0013469457626343
2019-08-27,1.0013070106506348,0.9991369843482971
2019-08-28,0.9998210072517395,0.9969180226325989
2019-08-29,1.00347101688385,1.002593994140625
2019-08-30,1.0004849433898926,1.0020899772644043
2019-08-31,1.0034420490264893,1.0037440061569214
2019-09-01,1.0012099742889404,1.0045729875564575
2019-09-02,0.9979900121688843,1.0030850172042847
2019-09-03,1.000586986541748,1.0025520324707031
2019-09-04,1.0010980367660522,1.0024809837341309
2019-09-05,0.9992520213127136,1.0010449886322021
2019-09-06,1.0024770498275757,1.0033999681472778
2019-09-07,1.0024060010910034,1.0059139728546143
2019-09-08,1.00319504737854,1.0052529573440552
2019-09-09,1.0013749599456787,1.0024889707565308
2019-09-10,1.00131094455719,0.9998059868812561
2019-09-11,1.00205397605896,1.0024069547653198
2019-09-12,0.9990249872207642,1.002316951751709
2019-09-13,0.998835027217865,1.0013740062713623
2019-09-14,0.9993460178375244,1.0022350549697876
2019-09-15,1.0033869743347168,1.0039039850234985
2019-09-16,0.999925971031189,1.0016260147094727
2019-09-17,1.003121018409729,1.0048860311508179
2019-09-18,1.0040550231933594,1.0048890113830566
2019-09-19,0.998835027217865,1.0029890537261963
2019-09-20,1.0013699531555176,1.0009510517120361
2019-09-21,1.003059983253479,1.0023540258407593
2019-09-22,1.0021309852600098,1.002634048461914
2019-09-23,1.0030649900436401,1.0025479793548584
2019-09-24,1.0041019916534424,1.0071580410003662
2019-09-25,1.0049020051956177,1.0067490339279175
2019-09-26,1.0053210258483887,1.0044310092926025
2019-09-27,1.0063689947128296,1.0103440284729004
2019-09-28,1.0021699666976929,1.0046279430389404
2019-09-29,1.0044900178909302,1.0056769847869873
2019-09-30,1.001386046409607,1.0041090250015259
2019-10-01,1.0032730102539062,1.0063960552215576
2019-10-02,1.0011279582977295,1.0042450428009033
2019-10-03,1.0023709535598755,1.0049480199813843
2019-10-04,1.0054069757461548,1.0088410377502441
2019-10-05,0.9988629817962646,1.0019320249557495
2019-10-06,1.0135469436645508,1.0120869874954224
2019-10-07,1.0054919719696045,1.008523941040039
2019-10-08,1.0054450035095215,1.006119966506958
2019-10-09,1.0008679628372192,1.0057189464569092
2019-10-10,1.000491976737976,1.003237009048462
2019-10-11,1.007017970085144,1.0123519897460938
2019-10-12,1.0028409957885742,1.0044749975204468
2019-10-13,1.0031689405441284,1.0049420595169067
2019-10-14,1.002748966217041,1.004194974899292
2019-10-15,1.004289984703064,1.0040500164031982
2019-10-16,1.0046789646148682,1.0061269998550415
2019-10-17,1.00313401222229,1.0042070150375366
2019-10-18,1.0016740560531616,1.0027389526367188
2019-10-19,1.0039299726486206,1.0068509578704834
2019-10-20,1.0005029439926147,1.0028860569000244
2019-10-21,1.0025880336761475,1.0041780471801758
2019-10-22,1.0026930570602417,1.0044900178909302
2019-10-23,1.0031700134277344,1.0024490356445312
2019-10-24,1.0077229738235474,1.0074280500411987
2019-10-25,1.0006400346755981,1.0021719932556152
2019-10-26,0.9988849759101868,1.0015950202941895
2019-10-27,1.0008139610290527,1.004241943359375
2019-10-28,1.0011579990386963,1.0028549432754517
2019-10-29,0.9996349811553955,1.0021350383758545
2019-10-30,1.0025880336761475,1.0058530569076538
2019-10-31,1.0049749612808228,1.0064189434051514
2019-11-01,1.0018739700317383,1.004101037979126
2019-11-02,1.0027459859848022,1.0047580003738403
2019-11-03,1.0032119750976562,1.0044469833374023
2019-11-04,1.002729058265686,1.004343032836914
2019-11-05,1.003358006477356,1.004742980003357
2019-11-06,1.0014070272445679,1.0030330419540405
2019-11-07,1.0061039924621582,1.0057320594787598
2019-11-08,1.002701997756958,1.0024980306625366
2019-11-09,0.9999079704284668,1.000188946723938
2019-11-10,1.0020999908447266,1.002694010734558
2019-11-11,1.0040650367736816,1.002437949180603
2019-11-12,1.0027070045471191,1.001397967338562
2019-11-13,1.004377007484436,1.0031750202178955
2019-11-14,1.0069390535354614,1.0055819749832153
2019-11-15,1.0025899410247803,1.0013689994812012
2019-11-16,1.0079690217971802,1.0067460536956787
2019-11-17,1.0082190036773682,1.0084710121154785
2019-11-18,1.0136289596557617,1.0120079517364502
2019-11-19,1.0102250576019287,1.0089679956436157
2019-11-20,1.0070140361785889,1.0054399967193604
2019-11-21,1.0040420293807983,1.000411033630371
2019-11-22,1.0012470483779907,1.0030449628829956
2019-11-23,1.0117440223693848,1.0131299495697021
2019-11-24,1.0088789463043213,1.0175189971923828
2019-11-25,1.000393033027649,1.0031139850616455
2019-11-26,1.0079350471496582,1.0097730159759521
2019-11-27,1.0074880123138428,1.0050270557403564
2019-11-28,1.006754994392395,1.004080057144165
2019-11-29,1.0030499696731567,1.0045210123062134
2019-11-30,0.9976580142974854,1.0017030239105225
2019-12-01,0.9964500069618225,1.0024809837341309
2019-12-02,0.9987940192222595,1.0016809701919556
2019-12-03,1.0021460056304932,1.0031349658966064
2019-12-04,1.0049550533294678,1.0079389810562134
2019-12-05,1.0089449882507324,1.0100719928741455
2019-12-06,1.0032509565353394,1.0034279823303223
2019-12-07,1.0065590143203735,1.0074119567871094
2019-12-08,1.0054700374603271,1.006376028060913
2019-12-09,1.005753993988037,1.0042530298233032
2019-12-10,1.0063409805297852,1.0058549642562866
2019-12-11,1.0007699728012085,1.0119229555130005
2019-12-12,1.0069659948349,1.0058369636535645
2019-12-13,1.0030560493469238,1.0017509460449219
2019-12-14,1.0068659782409668,1.0060880184173584
2019-12-15,1.005689024925232,1.0046160221099854
2019-12-16,1.0036170482635498,1.0039860010147095
2019-12-17,0.9987260103225708,0.9933390021324158
2019-12-18,1.009050965309143,1.006127953529358
2019-12-19,1.009814977645874,1.0085690021514893
2019-12-20,1.0057090520858765,1.0058419704437256
2019-12-21,1.0077459812164307,1.0057580471038818
2019-12-22,1.002087950706482,1.0038870573043823
2019-12-23,1.0005830526351929,1.0121359825134277
2019-12-24,1.0102360248565674,1.0085870027542114
2019-12-25,1.012935996055603,1.004660964012146
2019-12-26,1.0050480365753174,1.0039880275726318
2019-12-27,1.0086439847946167,1.0058029890060425
2019-12-28,1.0024019479751587,1.0003069639205933
2019-12-29,1.005282998085022,1.0042099952697754
2019-12-30,1.0093580484390259,1.0061750411987305
2019-12-31,1.003730058670044,0.9996790289878845
2020-01-01,1.004078984260559,0.9998360276222229
2020-01-02,1.0050170421600342,1.0015649795532227
2020-01-03,1.0052729845046997,1.0041919946670532
2020-01-04,1.0094660520553589,1.007472038269043
2020-01-05,1.0084969997406006,1.0061969757080078
2020-01-06,1.0031189918518066,1.0029029846191406
2020-01-07,0.9994999766349792,1.001723051071167
2020-01-08,1.0046030282974243,1.0042530298233032
2020-01-09,1.007030963897705,1.006572961807251
2020-01-10,1.0008219480514526,1.0014619827270508
2020-01-11,1.0025290250778198,1.0000909566879272
2020-01-12,1.0043179988861084,1.002478003501892
2020-01-13,1.0043189525604248,1.0033470392227173
2020-01-14,1.0023709535598755,1.0018210411071777
2020-01-15,1.0011650323867798,0.9996560215950012
2020-01-16,1.002668023109436,0.9992309808731079
2020-01-17,1.0045230388641357,1.002879023551941
2020-01-18,1.0053199529647827,1.0027409791946411
2020-01-19,0.9972900152206421,0.9985349774360657
2020-01-20,1.000802993774414,1.0006879568099976
2020-01-21,1.002642035484314,1.0014179944992065
2020-01-22,1.001615047454834,1.000594973564148
2020-01-23,1.0008790493011475,0.9984089732170105
2020-01-24,1.0027929544448853,1.0029699802398682
2020-01-25,1.0020350217819214,1.0021129846572876
2020-01-26,1.0121840238571167,1.0005040168762207
2020-01-27,1.0191210508346558,1.0018999576568604
2020-01-28,1.0241960287094116,1.0007599592208862
2020-01-29,1.02509605884552,1.002295970916748
2020-01-30,1.0440289974212646,1.0014519691467285
2020-01-31,1.0283739566802979,1.000648021697998
2020-02-01,1.0275460481643677,1.0012160539627075
2020-02-02,1.0282100439071655,1.0005439519882202
2020-02-03,1.0264339447021484,0.9989129900932312
2020-02-04,1.0244359970092773,1.0017449855804443
2020-02-05,1.0318690538406372,1.0028380155563354
2020-02-06,1.0246570110321045,0.997215986251831
2020-02-07,1.0169310569763184,0.997750997543335
2020-02-08,1.0195419788360596,0.999534010887146
2020-02-09,1.0245779752731323,1.0014729499816895
2020-02-10,1.0188560485839844,1.0006400346755981
2020-02-11,1.014909029006958,0.9984229803085327
2020-02-12,1.0331369638442993,1.002558946609497
2020-02-13,1.0191160440444946,0.9985790252685547
2020-02-14,1.0167230367660522,1.0001139640808105
2020-02-15,1.0112550258636475,0.999127984046936
2020-02-16,1.009634017944336,0.9992719888687134
2020-02-17,1.0118980407714844,0.9984740018844604
2020-02-18,1.0212210416793823,1.0007590055465698
2020-02-19,1.0074139833450317,1.0013240575790405
2020-02-20,1.009511947631836,1.002593994140625
2020-02-21,1.0112249851226807,1.0031379461288452
2020-02-22,0.999921977519989,1.0018290281295776
2020-02-23,0.997281014919281,0.9980170130729675
2020-02-24,0.9995369911193848,0.9987999796867371
2020-02-25,1.0003379583358765,1.0014539957046509
2020-02-26,1.0029979944229126,1.002742052078247
2020-02-27,1.0006190538406372,0.9984130263328552
2020-02-28,0.9929810166358948,0.9970890283584595
2020-02-29,1.0045859813690186,1.0063680410385132
2020-03-01,1.001160979270935,1.0004980564117432
2020-03-02,0.9942110180854797,0.9950000047683716
2020-03-03,1.002810001373291,1.0024969577789307
2020-03-04,1.000452995300293,1.000622034072876
2020-03-05,1.004377007484436,1.0025219917297363
2020-03-06,0.9974340200424194,0.9984300136566162
2020-03-07,1.0004119873046875,1.000182032585144
2020-03-08,1.0074039697647095,1.0097750425338745
2020-03-09,1.0011110305786133,0.9990479946136475
2020-03-10,1.001518964767456,1.0017210245132446
2020-03-11,0.9973170161247253,0.9988059997558594
2020-03-12,1.0405529737472534,1.0535850524902344
2020-03-13,1.0025219917297363,0.999629020690918
2020-03-14,1.0004969835281372,1.0016210079193115
2020-03-15,1.0031440258026123,1.0019869804382324
2020-03-16,0.9986029863357544,0.997003972530365
2020-03-17,0.9702379703521729,0.9761450290679932
2020-03-18,0.9701240062713623,0.9742479920387268
2020-03-19,1.0021040439605713,1.0031930208206177
2020-03-20,0.9965850114822388,0.9975559711456299
2020-03-21,1.0009139776229858,1.0009499788284302
2020-03-22,0.9959359765052795,0.9990320205688477
2020-03-23,0.9910209774971008,0.9968119859695435
2020-03-24,0.9959819912910461,1.0004730224609375
2020-03-25,0.9975219964981079,0.9985939860343933
2020-03-26,0.994055986404419,0.9984830021858215
2020-03-27,1.0121639966964722,1.0133179426193237
2020-03-28,0.9968720078468323,0.9997040033340454
2020-03-29,0.9780380129814148,1.0019630193710327
2020-03-30,1.0054659843444824,1.0065339803695679
2020-03-31,1.0013339519500732,1.0030269622802734
2020-04-01,0.9957470297813416,1.0047459602355957
2020-04-02,0.9996029734611511,1.000717043876648
2020-04-03,1.0006660223007202,1.0017119646072388
2020-04-04,1.0015809535980225,1.004112958908081
2020-04-05,1.001513957977295,1.00285005569458
2020-04-06,0.9967290163040161,0.9928330183029175
2020-04-07,0.9963279962539673,0.9986289739608765
2020-04-08,0.9958459734916687,0.9991239905357361
2020-04-09,1.001512050628662,1.0034650564193726
2020-04-10,0.9989709854125977,1.0007929801940918
2020-04-11,0.9950069785118103,0.9981160163879395
2020-04-12,1.0040650367736816,1.0081690549850464
2020-04-13,0.9984229803085327,1.0003269910812378
2020-04-14,0.9959269762039185,0.9968060255050659
2020-04-15,0.9996610283851624,0.9995290040969849
2020-04-16,1.0010969638824463,1.0027190446853638
2020-04-17,1.0056430101394653,1.006742000579834
2020-04-18,0.9998850226402283,1.000777006149292
2020-04-19,1.0060579776763916,1.0077040195465088
2020-04-20,1.002189040184021,1.004804015159607
2020-04-21,1.002432942390442,1.0064560174942017
2020-04-22,1.0005290508270264,1.000910997390747
2020-04-23,0.9938079714775085,0.9976919889450073
2020-04-24,1.0061980485916138,1.0079319477081299
2020-04-25,1.003965973854065,1.0046800374984741
2020-04-26,0.998956024646759,1.0003119707107544
2020-04-27,1.0023150444030762,1.0040910243988037
2020-04-28,1.0042239427566528,1.007822036743164
2020-04-29,1.0051510334014893,1.0081230401992798
2020-04-30,1.0018210411071777,1.0051120519638062
2020-05-01,1.0049200057983398,1.0081369876861572
2020-05-02,1.0025089979171753,1.0034780502319336
2020-05-03,0.9992960095405579,1.0035079717636108
2020-05-04,1.0026520490646362,1.0061089992523193
2020-05-05,0.999118983745575,1.0008560419082642
2020-05-06,1.0080729722976685,1.0179309844970703
2020-05-07,1.000923991203308,1.0028949975967407
2020-05-08,1.003993034362793,1.003764033317566
2020-05-09,1.0021129846572876,1.0048179626464844
2020-05-10,1.0016930103302002,1.0010550022125244
2020-05-11,0.9973210096359253,0.9983639717102051
2020-05-12,1.0011919736862183,1.0007350444793701
2020-05-13,1.0010110139846802,1.0002319812774658
2020-05-14,0.996882975101471,0.9988600015640259
2020-05-15,1.0029480457305908,1.003972053527832
2020-05-16,0.9993360042572021,1.0001939535140991
2020-05-17,1.0015939474105835,1.0015900135040283
2020-05-18,1.0013099908828735,1.001350998878479
2020-05-19,0.9953950047492981,0.9960190057754517
2020-05-20,0.999987006187439,0.9989479780197144
2020-05-21,1.001997947692871,1.0020010471343994
2020-05-22,1.0031440258026123,1.0022870302200317
2020-05-23,1.0046000480651855,1.005537986755371
2020-05-24,1.0024019479751587,1.0010889768600464
2020-05-25,1.002305030822754,1.0031989812850952
2020-05-26,0.9993709921836853,0.9980080127716064
2020-05-27,1.00232994556427,1.004554033279419
2020-05-28,0.9989590048789978,1.0011529922485352
2020-05-29,1.0024189949035645,1.0033550262451172
2020-05-30,1.003275990486145,1.0004030466079712
2020-05-31,1.0024689435958862,0.9980329871177673
2020-06-01,1.0024440288543701,1.0011210441589355
2020-06-02,0.9989050030708313,0.9975240230560303
2020-06-03,0.9999409914016724,1.0000059604644775
2020-06-04,1.00137197971344,1.0025089979171753
2020-06-05,1.0028610229492188,1.003026008605957
2020-06-06,0.9982699751853943,0.9993029832839966
2020-06-07,1.0016709566116333,1.0030139684677124
2020-06-08,0.9983950257301331,1.0021369457244873
2020-06-09,1.0029230117797852,1.0034689903259277
2020-06-10,0.9994649887084961,1.0014359951019287
2020-06-11,1.0023080110549927,1.000601053237915
2020-06-12,1.00149405002594,1.0031150579452515
2020-06-13,1.0010230541229248,1.0020780563354492
2020-06-14,1.0045729875564575,1.0054470300674438
2020-06-15,1.0009260177612305,1.0021779537200928
2020-06-16,1.0001510381698608,1.0003329515457153
2020-06-17,1.0011800527572632,1.000372052192688
2020-06-18,1.0023080110549927,1.0020179748535156
2020-06-19,0.9984899759292603,0.9938290119171143
2020-06-20,0.9992280006408691,0.9988840222358704
2020-06-21,1.002208948135376,1.0013630390167236
2020-06-22,0.9961900115013123,0.9979249835014343
2020-06-23,1.0019760131835938,1.0030380487442017
2020-06-24,1.0017549991607666,1.000303030014038
2020-06-25,1.0000619888305664,1.0001020431518555
2020-06-26,0.9998390078544617,0.998956024646759
2020-06-27,1.00382399559021,1.0040309429168701
2020-06-28,1.0029109716415405,1.0025149583816528
2020-06-29,0.9994040131568909,1.0019840002059937
2020-06-30,0.9997029900550842,0.9999039769172668
2020-07-01,1.0003249645233154,1.0015610456466675
2020-07-02,1.0057460069656372,1.0157179832458496
2020-07-03,1.0002379417419434,0.999521017074585
2020-07-04,0.9995759725570679,1.0010780096054077
2020-07-05,0.9978169798851013,0.998898983001709
2020-07-06,0.9992070198059082,1.0002360343933105
2020-07-07,1.0001449584960938,0.9992070198059082
2020-07-08,0.9992240071296692,0.9998599886894226
2020-07-09,1.003674030303955,1.0030750036239624
2020-07-10,0.9999300241470337,0.9999859929084778
2020-07-11,1.0008219480514526,1.0010520219802856
2020-07-12,0.998242974281311,0.9986339807510376
2020-07-13,1.002431035041809,0.9995520114898682
2020-07-14,0.9988080263137817,0.9990460276603699
2020-07-15,0.999521017074585,0.9994440078735352
2020-07-16,0.9999430179595947,0.9999799728393555
2020-07-17,0.9992190003395081,0.9996160268783569
2020-07-18,0.9975590109825134,0.9987949728965759
2020-07-19,0.997107982635498,0.9983519911766052
2020-07-20,0.9988300204277039,1.0006020069122314
2020-07-21,0.99754798412323,0.9988939762115479
2020-07-22,1.0006999969482422,1.000877022743225
2020-07-23,0.9976549744606018,0.9981859922409058
2020-07-24,0.9980660080909729,0.9989929795265198
2020-07-25,0.9978049993515015,0.998062014579773
2020-07-26,0.9974169731140137,0.9988710284233093
2020-07-27,0.9985129833221436,1.0010969638824463
2020-07-28,0.9986090064048767,1.0008540153503418
2020-07-29,1.0000499486923218,1.0025399923324585
2020-07-30,0.9998160004615784,1.0018630027770996
2020-07-31,1.0064829587936401,1.0001410245895386
2020-08-01,0.9963759779930115,0.9970129728317261
2020-08-02,0.9973639845848083,0.9978510141372681
2020-08-03,1.0000510215759277,1.0014139413833618
2020-08-04,1.0000499486923218,1.0003989934921265
2020-08-05,1.0001280307769775,1.0030889511108398
2020-08-06,1.000236988067627,1.0001749992370605
2020-08-07,1.0002690553665161,1.0028460025787354
2020-08-08,0.9994279742240906,1.0001640319824219
2020-08-09,1.0017600059509277,1.0031700134277344
2020-08-10,1.0020719766616821,1.0010590553283691
2020-08-11,1.001999020576477,1.0036909580230713
2020-08-12,1.0041979551315308,1.0137909650802612
2020-08-13,1.005012035369873,1.0202100276947021
2020-08-14,0.9996050000190735,1.0010240077972412
2020-08-15,0.9989650249481201,1.0010319948196411
2020-08-16,0.9992660284042358,1.0018810033798218
2020-08-17,0.9980220198631287,1.0001109838485718
2020-08-18,1.0013400316238403,1.0027199983596802
2020-08-19,1.0015809535980225,1.0024080276489258
2020-08-20,0.9997199773788452,1.0004090070724487
2020-08-21,1.0024340152740479,1.0045490264892578
2020-08-22,0.9999390244483948,1.0009560585021973
2020-08-23,0.9994680285453796,1.0023449659347534
2020-08-24,1.0006300210952759,1.0019760131835938
2020-08-25,1.0017069578170776,1.002364993095398
2020-08-26,1.0013920068740845,1.0018529891967773
2020-08-27,1.0012890100479126,1.0022059679031372
2020-08-28,1.0017069578170776,1.0020359754562378
2020-08-29,1.0026040077209473,1.0028239488601685
2020-08-30,1.0012550354003906,1.0011730194091797
2020-08-31,1.0039089918136597,1.0031909942626953
2020-09-01,1.0011860132217407,1.0039570331573486
2020-09-02,1.0001909732818604,1.0018279552459717
2020-09-03,1.0030310153961182,1.0054949522018433
2020-09-04,1.0034589767456055,1.0036859512329102
2020-09-05,1.0047329664230347,1.0001510381698608
2020-09-06,1.00108003616333,1.0028380155563354
2020-09-07,1.001541018486023,1.0005370378494263
2020-09-08,1.0034940242767334,1.0010249614715576
2020-09-09,1.001889944076538,1.002102017402649
2020-09-10,1.0027409791946411,1.0014569759368896
2020-09-11,1.0015109777450562,1.0015170574188232
2020-09-12,1.0017169713974,1.0013070106506348
2020-09-13,1.001317024230957,0.9992129802703857
2020-09-14,1.001939058303833,1.0012890100479126
2020-09-15,1.0,1.0024869441986084
2020-09-16,0.9979730248451233,1.003443956375122
2020-09-17,1.0004290342330933,1.001878023147583
2020-09-18,0.9996410012245178,0.9995020031929016
2020-09-19,1.0013999938964844,1.0020170211791992
2020-09-20,1.001181960105896,1.002653956413269
2020-09-21,1.001842975616455,1.003262996673584
2020-09-22,1.0002599954605103,1.0014439821243286
2020-09-23,1.0009959936141968,1.0009230375289917
2020-09-24,1.000223994255066,1.0012680292129517
2020-09-25,1.0003600120544434,1.0014679431915283
2020-09-26,1.0005630254745483,1.0018320083618164
2020-09-27,1.000473976135254,1.0014859437942505
2020-09-28,1.0001250505447388,1.0011210441589355
2020-09-29,1.0005509853363037,1.0008540153503418
2020-09-30,1.0005639791488647,1.00136399269104
2020-10-01,1.000815987586975,1.0006990432739258
2020-10-02,1.0004969835281372,1.0010490417480469
2020-10-03,1.0009729862213135,1.0011080503463745
2020-10-04,1.0003689527511597,1.001358985900879
2020-10-05,1.0004719495773315,1.0008660554885864
2020-10-06,1.0008829832077026,1.0004479885101318
2020-10-07,1.000167965888977,1.0007070302963257
2020-10-08,1.000430941581726,1.0012520551681519
2020-10-09,1.0007270574569702,1.0011800527572632
2020-10-10,1.0002909898757935,1.0008840560913086
2020-10-11,1.00075101852417,1.0007339715957642
2020-10-12,1.0003910064697266,1.0013020038604736
2020-10-13,1.0004299879074097,1.0011110305786133
2020-10-14,1.000802993774414,1.0010069608688354
2020-10-15,1.0004520416259766,1.0007959604263306
2020-10-16,1.000643014907837,1.0010470151901245
2020-10-17,1.0004440546035767,1.0006970167160034
2020-10-18,1.000430941581726,1.0007840394973755
2020-10-19,1.0006380081176758,1.0008529424667358
2020-10-20,1.0004390478134155,1.000985026359558
2020-10-21,0.9999560117721558,1.0018340349197388
2020-10-22,0.9999930262565613,1.0010910034179688
2020-10-23,1.0003130435943604,1.0006569623947144
2020-10-24,0.9999279975891113,1.0009089708328247
2020-10-25,1.000195026397705,1.0007209777832031
2020-10-26,1.000175952911377,1.00095796585083
2020-10-27,0.9999949932098389,1.0002230405807495
2020-10-28,1.000082015991211,1.0003399848937988
2020-10-29,1.0001460313796997,1.0003490447998047
2020-10-30,1.0002650022506714,1.0009039640426636
2020-10-31,1.0002779960632324,1.0002000331878662
2020-11-01,1.0003039836883545,1.000378966331482
2020-11-02,1.0002679824829102,1.0005229711532593
2020-11-03,0.9999719858169556,1.0005520582199097
2020-11-04,1.0003479719161987,1.0010789632797241
2020-11-05,0.9999880194664001,1.0004199743270874
2020-11-06,1.0001410245895386,1.0002959966659546
2020-11-07,1.0001009702682495,1.0015759468078613
2020-11-08,0.9999570250511169,1.000846028327942
2020-11-09,0.9999319911003113,1.0006530284881592
2020-11-10,1.0003249645233154,1.001127004623413
2020-11-11,1.0001499652862549,1.000985026359558
2020-11-12,0.9992070198059082,1.0005090236663818
2020-11-13,1.0000120401382446,1.00034499168396
2020-11-14,1.000223994255066,1.0002880096435547
2020-11-15,1.000167965888977,1.000646948814392
2020-11-16,1.0001620054244995,1.0004119873046875
2020-11-17,1.0000760555267334,1.0008399486541748
2020-11-18,1.000120997428894,1.0003989934921265
2020-11-19,1.0001879930496216,1.0007810592651367
2020-11-20,1.000038981437683,1.000427007675171
2020-11-21,0.9999920129776001,0.9988740086555481
2020-11-22,0.9999780058860779,0.9992030262947083
2020-11-23,0.9998199939727783,1.0000920295715332
2020-11-24,0.9998300075531006,0.9998080134391785
2020-11-25,1.00005304813385,1.00005304813385
2020-11-26,1.0002349615097046,1.0020350217819214
2020-11-27,1.000769019126892,1.0011999607086182
2020-11-28,1.0000430345535278,1.001001000404358
2020-11-29,1.000072956085205,1.0008900165557861
2020-11-30,1.0001920461654663,1.0003770589828491
2020-12-01,1.0002269744873047,1.0013229846954346
2020-12-02,1.0000519752502441,1.0006710290908813
2020-12-03,0.9999880194664001,1.0008399486541748
2020-12-04,1.0000540018081665,1.000236988067627
2020-12-05,1.0000239610671997,1.0005450248718262
2020-12-06,1.0002700090408325,1.001202940940857
2020-12-07,1.0000079870224,1.0005710124969482
2020-12-08,1.0001020431518555,0.999705970287323
2020-12-09,1.0007890462875366,1.000383973121643
2020-12-10,1.0000460147857666,1.0002529621124268
2020-12-11,0.9999930262565613,1.000458002090454
2020-12-12,1.0000009536743164,1.0004639625549316
2020-12-13,0.999888002872467,0.9999520182609558
2020-12-14,0.9999719858169556,0.9999319911003113
2020-12-15,1.0002319812774658,1.0009169578552246
2020-12-16,0.9998660087585449,0.9999790191650391
2020-12-17,0.9998289942741394,0.9998379945755005
2020-12-18,0.9998970031738281,1.0008679628372192
2020-12-19,0.9999600052833557,1.0004990100860596
2020-12-20,0.9998930096626282,0.9996430277824402
2020-12-21,0.9998660087585449,0.9998270273208618
2020-12-22,0.9999709725379944,0.9996410012245178
2020-12-23,0.9999390244483948,0.999426007270813
2020-12-24,1.000074028968811,0.9999309778213501
2020-12-25,1.000190019607544,1.000167965888977
2020-12-26,0.9997329711914062,0.9984809756278992
2020-12-27,1.0000790357589722,0.9988539814949036
2020-12-28,1.0001009702682495,0.9986029863357544
2020-12-29,0.9999780058860779,0.9985899925231934
2020-12-30,1.0000109672546387,1.0002750158309937
2020-12-31,0.9998070001602173,1.0005979537963867
2021-01-01,0.9998229742050171,1.0019160509109497
2021-01-02,1.0001620054244995,1.000599980354309
2021-01-03,0.9997360110282898,1.000514030456543
2021-01-04,0.9993720054626465,1.0001280307769775
2021-01-05,0.9997490048408508,1.002202033996582
2021-01-06,0.9996809959411621,1.001528024673462
2021-01-07,0.9979119896888733,1.0003999471664429
2021-01-08,0.9996839761734009,1.0000449419021606
2021-01-09,0.9997770190238953,1.0029469728469849
2021-01-10,1.0000900030136108,1.0002230405807495
2021-01-11,0.9999510049819946,1.000586986541748
2021-01-12,1.0005979537963867,1.0004140138626099
2021-01-13,0.9998109936714172,1.0000170469284058
2021-01-14,1.0001150369644165,0.9989640116691589
2021-01-15,1.0000849962234497,0.999845027923584
2021-01-16,1.000133991241455,1.000195026397705
2021-01-17,1.0004550218582153,1.0004140138626099
2021-01-18,1.000566005706787,1.0008039474487305
2021-01-19,1.0000410079956055,1.0004359483718872
2021-01-20,0.9999769926071167,1.0006860494613647
2021-01-21,1.000419020652771,0.9996960163116455
2021-01-22,1.0002750158309937,1.0013500452041626
2021-01-23,1.0000059604644775,1.0005550384521484
2021-01-24,1.0001620054244995,1.0014170408248901
2021-01-25,1.0000439882278442,0.9999709725379944
2021-01-26,1.0000699758529663,1.0010809898376465
2021-01-27,1.0000180006027222,1.0017640590667725
2021-01-28,0.9995779991149902,1.0015430450439453
2021-01-29,0.9999709725379944,1.0004860162734985
2021-01-30,1.000025987625122,1.001242995262146
2021-01-31,0.9999610185623169,1.0008080005645752
2021-02-01,0.9999459981918335,1.0006450414657593
2021-02-02,1.0004210472106934,1.0014270544052124
2021-02-03,0.9997509717941284,1.0010130405426025
2021-02-04,0.9997410178184509,1.0008039474487305
2021-02-05,0.9999449849128723,1.0001310110092163
2021-02-06,0.9999970197677612,1.0011290311813354
2021-02-07,0.9998859763145447,1.0012110471725464
2021-02-08,0.999796986579895,1.0010440349578857
2021-02-09,1.000040054321289,1.0012320280075073
2021-02-10,1.0000170469284058,1.000722050666809
2021-02-11,0.9998440146446228,1.0003670454025269
2021-02-12,0.9998239874839783,1.0016920566558838
2021-02-13,0.9998610019683838,1.0008280277252197
2021-02-14,1.0000250339508057,1.0007460117340088
2021-02-15,1.000038981437683,1.000249981880188
2021-02-16,1.0001139640808105,1.0004030466079712
2021-02-17,0.9998409748077393,1.0003700256347656
2021-02-18,1.0000460147857666,1.0000189542770386
2021-02-19,1.0000510215759277,1.0002009868621826
2021-02-20,0.9998520016670227,1.000067949295044
2021-02-21,0.9999449849128723,1.000331997871399
2021-02-22,1.000074028968811,1.0001109838485718
2021-02-23,1.0002210140228271,1.0000319480895996
2021-02-24,1.000229001045227,1.0007569789886475
2021-02-25,1.0000720024108887,1.0001490116119385
2021-02-26,0.9999859929084778,0.9999939799308777
2021-02-27,1.0000309944152832,1.0011780261993408
2021-02-28,1.0002959966659546,1.00211501121521
2021-03-01,0.9997569918632507,1.0004090070724487
2021-03-02,1.0000779628753662,1.0010219812393188
2021-03-03,1.0000020265579224,1.0004169940948486
2021-03-04,1.000162959098816,1.000074028968811
2021-03-05,1.000277042388916,1.0008189678192139
2021-03-06,0.9998810291290283,1.000190019607544
2021-03-07,0.9999939799308777,1.0003180503845215
2021-03-08,0.9999840259552002,1.000432014465332
2021-03-09,1.000074028968811,1.0006680488586426
2021-03-10,1.0000519752502441,1.000525951385498
2021-03-11,1.000128984451294,1.0005830526351929
2021-03-12,1.0001740455627441,1.0003429651260376
2021-03-13,1.0002319812774658,0.999845027923584
2021-03-14,0.9999979734420776,0.9997910261154175
2021-03-15,1.0000840425491333,1.0003739595413208
2021-03-16,0.9999939799308777,1.0000580549240112
2021-03-17,0.9989020228385925,0.9990829825401306
2021-03-18,1.0009939670562744,1.0009249448776245
2021-03-19,1.002437949180603,1.0026320219039917
2021-03-20,1.0021510124206543,1.0022300481796265
2021-03-21,1.0009620189666748,1.0012799501419067
2021-03-22,1.0013099908828735,1.0018110275268555
2021-03-23,1.0008039474487305,1.001194953918457
2021-03-24,1.001554012298584,1.0013010501861572
2021-03-25,1.000830054283142,1.0010160207748413
2021-03-26,1.0008009672164917,1.001222014427185
2021-03-27,1.0002739429473877,1.000601053237915
2021-03-28,1.0007920265197754,1.0006070137023926
2021-03-29,1.0000239610671997,0.9997590184211731
2021-03-30,1.0005580186843872,1.0008959770202637
2021-03-31,0.9996050000190735,1.0000200271606445
2021-04-01,1.0008690357208252,1.0004639625549316
2021-04-02,1.000349998474121,1.0005760192871094
2021-04-03,1.0027910470962524,1.0030850172042847
2021-04-04,1.0029569864273071,1.0034019947052002
2021-04-05,1.0000449419021606,1.0002540349960327
2021-04-06,1.0014230012893677,1.0016800165176392
2021-04-07,1.0022369623184204,1.0018550157546997
2021-04-08,1.0002399682998657,1.0001670122146606
2021-04-09,1.001492977142334,1.0010980367660522
2021-04-10,1.0005910396575928,1.0004689693450928
2021-04-11,1.002869963645935,1.0021770000457764
2021-04-12,1.000370979309082,0.9999369978904724
2021-04-13,0.999455988407135,0.9992750287055969
2021-04-14,1.0014359951019287,1.0015900135040283
2021-04-15,1.0003260374069214,1.000877022743225
2021-04-16,1.0010329484939575,1.0023449659347534
2021-04-17,1.0104960203170776,1.0115300416946411
2021-04-18,1.000095009803772,1.0001039505004883
2021-04-19,0.9999669790267944,0.9998649954795837
2021-04-20,1.0000540018081665,0.9999380111694336
2021-04-21,1.000133991241455,0.9999319911003113
2021-04-22,1.0000280141830444,1.0000900030136108
2021-04-23,0.9999780058860779,1.0001620054244995
2021-04-24,1.0000649690628052,0.999908983707428
2021-04-25,1.0001790523529053,0.9999340176582336
2021-04-26,0.999987006187439,1.0000419616699219
2021-04-27,0.9999269843101501,1.0000619888305664
2021-04-28,1.0001989603042603,1.0000519752502441
2021-04-29,1.0001440048217773,0.999966025352478
2021-04-30,0.9998239874839783,1.0000089406967163
2021-05-01,1.0001540184020996,1.0001109838485718
2021-05-02,0.9999489784240723,1.0001319646835327
2021-05-03,1.0001039505004883,1.0001649856567383
2021-05-04,1.000195026397705,0.9999510049819946
2021-05-05,1.0001180171966553,0.999875009059906
2021-05-06,1.000054955482483,1.000169038772583
2021-05-07,1.0000770092010498,1.0001660585403442
2021-05-08,1.000033974647522,1.0000779628753662
2021-05-09,1.0000519752502441,1.0000580549240112
2021-05-10,1.0000170469284058,1.0001369714736938
2021-05-11,1.0001670122146606,0.9999669790267944
2021-05-12,1.0000970363616943,0.9999930262565613
2021-05-13,0.9998239874839783,0.9998679757118225
2021-05-14,0.9999619722366333,0.9999650120735168
2021-05-15,1.0000900030136108,0.9998229742050171
2021-05-16,1.000154972076416,0.9999750256538391
2021-05-17,1.000100016593933,0.9998019933700562
2021-05-18,1.0000180006027222,1.0006799697875977
2021-05-19,0.999925971031189,1.0016160011291504
2021-05-20,0.9998800158500671,1.001852035522461
2021-05-21,1.0004169940948486,1.0018880367279053
2021-05-22,1.0008070468902588,1.0015549659729004
2021-05-23,1.0004220008850098,1.0016740560531616
2021-05-24,1.0002870559692383,1.001471996307373
2021-05-25,0.9999300241470337,1.00114905834198
2021-05-26,1.000417947769165,1.0017659664154053
2021-05-27,1.0002490282058716,1.0009909868240356
2021-05-28,1.0001959800720215,1.0004810094833374
2021-05-29,0.9999009966850281,1.000391960144043
2021-05-30,0.9994980096817017,1.0000629425048828
2021-05-31,1.000264048576355,1.0005329847335815
2021-06-01,1.0000250339508057,1.0001089572906494
2021-06-02,1.000277042388916,1.0005500316619873
2021-06-03,1.000241994857788,1.0005710124969482
2021-06-04,1.0007489919662476,1.0010379552841187
2021-06-05,1.0001840591430664,1.0003130435943604
2021-06-06,1.0005769729614258,1.0008399486541748
2021-06-07,1.000540018081665,1.0007890462875366
2021-06-08,1.0004969835281372,1.001189947128296
2021-06-09,0.9999499917030334,1.0005719661712646
2021-06-10,1.0003169775009155,1.0007380247116089
2021-06-11,1.0004349946975708,1.0005110502243042
2021-06-12,1.0011359453201294,1.0011399984359741
2021-06-13,0.9996299743652344,0.9997329711914062
2021-06-14,1.0000300407409668,1.0006259679794312
2021-06-15,1.00028395652771,1.0003770589828491
2021-06-16,1.000167965888977,1.0000230073928833
2021-06-17,1.000717043876648,1.0007450580596924
2021-06-18,1.0013840198516846,1.001749038696289
2021-06-19,1.001386046409607,1.001451015472412
2021-06-20,1.0009620189666748,1.0008749961853027
2021-06-21,1.0002599954605103,1.0000890493392944
2021-06-22,1.0008050203323364,1.0010019540786743
2021-06-23,1.0004700422286987,1.0007460117340088
2021-06-24,1.0001260042190552,1.0001490116119385
2021-06-25,1.0000170469284058,0.999845027923584
2021-06-26,1.0014359951019287,1.0012140274047852
2021-06-27,1.0005910396575928,1.000641942024231
2021-06-28,0.9999250173568726,0.9999279975891113
2021-06-29,1.0000660419464111,1.0000239610671997
2021-06-30,1.0000890493392944,1.000216007232666
2021-07-01,1.0001920461654663,1.0002260208129883
2021-07-02,1.000035047531128,1.0000330209732056
2021-07-03,0.9999840259552002,0.9999560117721558
2021-07-04,0.9994999766349792,0.9995009899139404
2021-07-05,1.0005279779434204,1.0006669759750366
2021-07-06,1.0000590085983276,1.0000900030136108
2021-07-07,1.0003700256347656,1.000707983970642
2021-07-08,0.9999449849128723,0.9998999834060669
2021-07-09,0.9998310208320618,0.9996389746665955
2021-07-10,1.0001540184020996,0.9999799728393555
2021-07-11,1.0002679824829102,1.0002249479293823
2021-07-12,1.000372052192688,1.000270962715149
2021-07-13,1.0001399517059326,0.9998999834060669
2021-07-14,0.9999539852142334,1.0001349449157715
2021-07-15,1.0001460313796997,0.9999470114707947
2021-07-16,1.0003360509872437,1.0003730058670044
2021-07-17,1.0004949569702148,1.0005520582199097
2021-07-18,1.000573992729187,1.00062096118927
2021-07-19,1.0002590417861938,1.0000929832458496
2021-07-20,1.0002750158309937,1.000296950340271
2021-07-21,1.0002009868621826,1.0002659559249878
2021-07-22,1.0002919435501099,1.0002169609069824
2021-07-23,1.0000649690628052,1.0003260374069214
2021-07-24,1.0002330541610718,1.0006979703903198
2021-07-25,0.9995869994163513,1.000162959098816
2021-07-26,1.000108003616333,1.0002540349960327
2021-07-27,1.0000189542770386,1.0001319646835327
2021-07-28,0.9997979998588562,1.0001169443130493
2021-07-29,1.0002080202102661,1.0002779960632324
2021-07-30,0.9998430013656616,1.0002830028533936
2021-07-31,0.9998469948768616,1.0002720355987549
2021-08-01,1.000161051750183,1.0003410577774048
2021-08-02,1.0002859830856323,1.000540018081665
2021-08-03,1.0002440214157104,1.0003039836883545
2021-08-04,1.0000629425048828,1.0000940561294556
2021-08-05,0.9995970129966736,1.0000970363616943
2021-08-06,0.9998109936714172,1.0003819465637207
2021-08-07,0.9998570084571838,1.0003859996795654
2021-08-08,0.9995890259742737,1.0002490282058716
2021-08-09,0.9998329877853394,1.0001529455184937
2021-08-10,0.9999369978904724,1.0003149509429932
2021-08-11,0.9999229907989502,1.000535011291504
2021-08-12,1.0000920295715332,1.0005420446395874
2021-08-13,0.9995139837265015,1.0002599954605103
2021-08-14,0.9999539852142334,1.0005860328674316
2021-08-15,0.9998490214347839,1.000643014907837
2021-08-16,1.0001020431518555,1.0004379749298096
2021-08-17,1.0003290176391602,1.0002189874649048
2021-08-18,1.000236988067627,1.000473976135254
2021-08-19,0.9996489882469177,0.9996849894523621
2021-08-20,1.000311017036438,1.0006680488586426
2021-08-21,0.9998660087585449,1.0007100105285645
2021-08-22,1.0001670122146606,1.0008790493011475
2021-08-23,1.0004600286483765,1.0008009672164917
2021-08-24,1.0001970529556274,1.000262975692749
2021-08-25,1.0000369548797607,1.000359058380127
2021-08-26,1.0001649856567383,1.0004299879074097
2021-08-27,0.999891996383667,1.0003550052642822
2021-08-28,1.0000369548797607,1.000627040863037
2021-08-29,1.0004980564117432,1.0012249946594238
2021-08-30,1.0002880096435547,1.0005079507827759
2021-08-31,1.0002139806747437,1.0005290508270264
2021-09-01,0.9998189806938171,1.0003210306167603
2021-09-02,1.000020980834961,1.0002809762954712
2021-09-03,0.9998400211334229,1.0002199411392212
2021-09-04,0.9999369978904724,1.000383973121643
2021-09-05,0.9995750188827515,1.0002609491348267
2021-09-06,0.9995179772377014,0.9998720288276672
2021-09-07,1.0002620220184326,1.000493049621582
2021-09-08,1.0003050565719604,1.0002399682998657
2021-09-09,1.0002100467681885,1.0001460313796997
2021-09-10,1.0002310276031494,1.0003199577331543
2021-09-11,1.0009709596633911,1.000978946685791
2021-09-12,0.9994900226593018,0.9996979832649231
2021-09-13,1.000095009803772,1.0002349615097046
2021-09-14,1.0002779960632324,1.0004810094833374
2021-09-15,1.000020980834961,1.0004600286483765
2021-09-16,1.0000640153884888,1.0004509687423706
2021-09-17,0.9998319745063782,0.9996479749679565
2021-09-18,0.999405026435852,0.999472975730896
2021-09-19,1.0002549886703491,1.0004420280456543
2021-09-20,1.000383973121643,0.9999160170555115
2021-09-21,1.0003440380096436,1.0000879764556885
2021-09-22,0.9995629787445068,1.000040054321289
2021-09-23,1.000038981437683,1.0005079507827759
2021-09-24,1.0001349449157715,1.0008200407028198
2021-09-25,1.0003390312194824,1.0009889602661133
2021-09-26,1.0002549886703491,1.0007250308990479
2021-09-27,1.0003039836883545,1.000512957572937
2021-09-28,1.0003869533538818,1.000298023223877
2021-09-29,1.000411033630371,1.0002820491790771
2021-09-30,1.0001399517059326,1.000154972076416
2021-10-01,0.9995449781417847,1.0001779794692993
2021-10-02,0.9997900128364563,1.00028395652771
2021-10-03,0.9996809959411621,1.0002009868621826
2021-10-04,0.9994159936904907,0.9998379945755005
2021-10-05,0.9998490214347839,1.000440001487732
2021-10-06,0.9999899864196777,1.0003169775009155
2021-10-07,1.0000230073928833,1.0003750324249268
2021-10-08,0.9997910261154175,1.000115990638733
2021-10-09,0.9998959898948669,1.0000460147857666
2021-10-10,1.0005979537963867,1.0010180473327637
2021-10-11,1.000391960144043,1.0006959438323975
2021-10-12,0.9999619722366333,1.0000959634780884
2021-10-13,1.0001469850540161,1.0000970363616943
2021-10-14,0.9997419714927673,1.000033974647522
2021-10-15,0.9992390275001526,0.9991520047187805
2021-10-16,0.9999679923057556,1.000040054321289
2021-10-17,1.0002989768981934,1.0002800226211548
2021-10-18,1.0000580549240112,1.0000189542770386
2021-10-19,0.9999390244483948,1.0001169443130493
2021-10-20,0.9995899796485901,0.9999399781227112
2021-10-21,1.0001180171966553,1.000022053718567
2021-10-22,1.0003340244293213,0.999879002571106
2021-10-23,1.0011990070343018,1.0008230209350586
2021-10-24,1.0003080368041992,1.0002230405807495
2021-10-25,0.9996500015258789,0.9993749856948853
2021-10-26,1.0001349449157715,1.0002280473709106
2021-10-27,1.0002729892730713,1.0007909536361694
2021-10-28,0.9999210238456726,1.0004839897155762
2021-10-29,0.9998289942741394,1.0000489950180054
2021-10-30,1.0001310110092163,1.0005179643630981
2021-10-31,0.9997239708900452,1.0003759860992432
2021-11-01,0.9998610019683838,1.0002909898757935
2021-11-02,0.9998959898948669,1.0008150339126587
2021-11-03,1.0002249479293823,1.0006779432296753
2021-11-04,1.0002059936523438,1.0008569955825806
2021-11-05,1.0005619525909424,1.0015530586242676
2021-11-06,1.00034499168396,1.0014539957046509
2021-11-07,1.0006489753723145,1.0015170574188232
2021-11-08,0.9998279809951782,1.0004429817199707
2021-11-09,1.0000749826431274,1.000201940536499
2021-11-10,0.9995229840278625,1.0000970363616943
2021-11-11,0.9998559951782227,1.0006439685821533
2021-11-12,0.9992960095405579,1.0001139640808105
2021-11-13,1.000830054283142,1.0008480548858643
2021-11-14,0.9996470212936401,1.0003670454025269
2021-11-15,0.9996430277824402,1.0015020370483398
2021-11-16,1.0004249811172485,1.0006749629974365
2021-11-17,0.9998499751091003,1.0000629425048828
2021-11-18,0.9996960163116455,0.999970018863678
2021-11-19,0.9999909996986389,1.0008200407028198
2021-11-20,0.9996989965438843,1.0003620386123657
2021-11-21,1.0002349615097046,1.0008729696273804
2021-11-22,0.9999619722366333,1.0004509687423706
2021-11-23,1.0001150369644165,1.0001250505447388
2021-11-24,1.0007070302963257,1.0006970167160034
2021-11-25,1.000331997871399,0.9996010065078735
2021-11-26,0.9998430013656616,1.0003670454025269
2021-11-27,1.0015939474105835,1.0010989904403687
2021-11-28,0.999875009059906,1.0001250505447388
2021-11-29,1.0000779628753662,1.000525951385498
2021-11-30,0.999455988407135,1.0002859830856323
2021-12-01,0.9995930194854736,1.0002549886703491
2021-12-02,0.9988390207290649,1.0001740455627441
2021-12-03,1.0003269910812378,1.0006170272827148
2021-12-04,0.9999939799308777,1.0000070333480835
2021-12-05,0.9987149834632874,1.0006300210952759
2021-12-06,0.9995260238647461,1.0013619661331177
2021-12-07,1.0000629425048828,1.000972032546997
2021-12-08,0.9999129772186279,0.9993659853935242
2021-12-09,1.000527024269104,1.0008820295333862
2021-12-10,1.0012160539627075,1.0017399787902832
2021-12-11,1.0001720190048218,1.0005559921264648
2021-12-12,1.0002390146255493,1.0010509490966797
2021-12-13,0.999779999256134,1.0001310110092163
2021-12-14,1.000195026397705,1.000648021697998
2021-12-15,1.0002440214157104,1.0004019737243652
2021-12-16,0.9989519715309143,1.0002599954605103
2021-12-17,0.9998059868812561,1.000838041305542
2021-12-18,0.9999300241470337,1.0001829862594604
2021-12-19,0.9998829960823059,0.9999880194664001
2021-12-20,0.999642014503479,0.9989709854125977
2021-12-21,1.0000660419464111,1.000396966934204
2021-12-22,0.9981629848480225,1.000331997871399
2021-12-23,1.0002189874649048,1.0003880262374878
2021-12-24,1.0006649494171143,1.0012019872665405
2021-12-25,0.9998559951782227,0.9999229907989502
2021-12-26,0.9991080164909363,1.0004489421844482
2021-12-27,0.9995819926261902,0.9999439716339111
2021-12-28,1.0008410215377808,1.0011680126190186
2021-12-29,0.9994630217552185,1.0002939701080322
2021-12-30,1.0003459453582764,1.0010360479354858
2021-12-31,1.000038981437683,1.000188946723938
2022-01-01,1.0000849962234497,1.000499963760376
2022-01-02,0.9997649788856506,1.0004600286483765
2022-01-03,0.9997079968452454,1.0001649856567383
2022-01-04,1.0005849599838257,1.0002080202102661
2022-01-05,0.9997569918632507,1.0001219511032104
2022-01-06,0.9995599985122681,1.000195026397705
2022-01-07,1.0004769563674927,1.0002520084381104
2022-01-08,0.9995120167732239,1.0000970363616943
2022-01-09,0.9998360276222229,1.0002570152282715
2022-01-10,1.0003809928894043,1.000180959701538
2022-01-11,1.000216007232666,1.0003620386123657
2022-01-12,0.9997990131378174,1.000290036201477
2022-01-13,0.9990249872207642,1.000404953956604
2022-01-14,1.000033974647522,1.0002830028533936
2022-01-15,0.9994819760322571,1.000641942024231
2022-01-16,0.9996920228004456,1.0004169940948486
2022-01-17,0.9996790289878845,1.0003679990768433
2022-01-18,1.0001050233840942,1.0004199743270874
2022-01-19,1.0003310441970825,1.0004899501800537
2022-01-20,1.0004119873046875,1.0002570152282715
2022-01-21,1.0004409551620483,1.000177025794983
2022-01-22,1.0000319480895996,1.0001579523086548
2022-01-23,1.0001449584960938,1.0004910230636597
2022-01-24,1.0003050565719604,1.0004390478134155
2022-01-25,1.0004290342330933,1.0006040334701538
2022-01-26,0.99993497133255,1.0006300210952759
2022-01-27,0.9997760057449341,1.0003440380096436
2022-01-28,0.9996510148048401,1.00034499168396
2022-01-29,1.0003950595855713,1.0003620386123657
2022-01-30,1.0000649690628052,1.0003410577774048
2022-01-31,0.9995390176773071,1.0004849433898926
2022-02-01,0.9996830224990845,1.0004260540008545
2022-02-02,0.9999669790267944,1.000380039215088
2022-02-03,1.0002310276031494,1.0003859996795654
2022-02-04,0.9995329976081848,1.0005630254745483
2022-02-05,1.0001169443130493,1.000594973564148
2022-02-06,1.0003570318222046,1.0006790161132812
2022-02-07,0.9990220069885254,1.0005550384521484
2022-02-08,0.9991710186004639,1.0006190538406372
2022-02-09,0.9995869994163513,1.0007439851760864
2022-02-10,1.0001029968261719,1.0007259845733643
2022-02-11,0.9993680119514465,1.000722050666809
2022-02-12,1.000177025794983,1.000601053237915
2022-02-13,0.999983012676239,1.0004559755325317
2022-02-14,0.999364972114563,1.000512957572937
2022-02-15,0.9995710253715515,1.0005849599838257
2022-02-16,0.9997760057449341,1.000396966934204
2022-02-17,0.9994019865989685,1.0005149841308594
2022-02-18,0.999770998954773,1.0005589723587036
2022-02-19,0.9998700022697449,1.0005760192871094
2022-02-20,1.0000029802322388,1.0004080533981323
2022-02-21,0.999334990978241,1.0005019903182983
2022-02-22,1.0000449419021606,1.000704050064087
2022-02-23,0.9995129704475403,1.0004980564117432
2022-02-24,0.9999629855155945,1.0006359815597534
2022-02-25,0.9999430179595947,1.000473976135254
2022-02-26,0.9999920129776001,1.000396966934204
2022-02-27,0.9997220039367676,1.0004910230636597
2022-02-28,0.9998530149459839,1.0003509521484375
2022-03-01,0.999813973903656,1.0004520416259766
2022-03-02,0.9995689988136292,1.0004669427871704
2022-03-03,0.9999340176582336,1.0000170469284058
2022-03-04,0.9998409748077393,1.0001970529556274
2022-03-05,0.9993709921836853,1.0002750158309937
2022-03-06,0.9998509883880615,1.0002440214157104
2022-03-07,0.9991340041160583,1.0001230239868164
2022-03-08,1.0002599954605103,1.0002820491790771
2022-03-09,1.0004500150680542,1.0002939701080322
2022-03-10,0.999800980091095,1.0005650520324707
2022-03-11,0.9993410110473633,1.0002000331878662
2022-03-12,0.999538004398346,1.000080943107605
2022-03-13,0.9999650120735168,1.0001989603042603
2022-03-14,1.0002880096435547,1.0002189874649048
2022-03-15,0.9993669986724854,1.0003340244293213
2022-03-16,0.9998959898948669,1.0004349946975708
2022-03-17,0.999783992767334,1.000499963760376
2022-03-18,0.9998480081558228,1.0004830360412598
2022-03-19,0.9997479915618896,1.0005099773406982
2022-03-20,0.9999319911003113,1.000427007675171
2022-03-21,0.9998279809951782,1.0003470182418823
2022-03-22,0.9999039769172668,1.00033700466156
2022-03-23,0.9999529719352722,1.0004090070724487
2022-03-24,0.9997050166130066,1.000599980354309
2022-03-25,0.9991530179977417,1.00040602684021
2022-03-26,0.999891996383667,1.0003609657287598
2022-03-27,1.000038981437683,1.0003759860992432
2022-03-28,1.0001260042190552,1.0004119873046875
2022-03-29,0.9999960064888,1.0004500150680542
2022-03-30,0.9994310140609741,1.0002779960632324
2022-03-31,0.9994469881057739,1.0003039836883545
2022-04-01,0.9999939799308777,1.000357985496521
2022-04-02,0.999343991279602,1.0003440380096436
2022-04-03,1.0000940561294556,1.0002729892730713
2022-04-04,1.0001219511032104,1.0002280473709106
2022-04-05,0.9996960163116455,1.0001939535140991
2022-04-06,0.999584972858429,1.000154972076416
2022-04-07,1.0000369548797607,1.0002620220184326
2022-04-08,0.9997410178184509,1.0002880096435547
2022-04-09,1.0000840425491333,1.000372052192688
2022-04-10,0.9996259808540344,1.0002919435501099
2022-04-11,0.9997320175170898,1.0003479719161987
2022-04-12,0.9998649954795837,1.0004349946975708
2022-04-13,0.9997450113296509,1.0002750158309937
2022-04-14,0.9998390078544617,1.0001269578933716
2022-04-15,0.9997529983520508,1.0002390146255493
2022-04-16,1.0002260208129883,1.0002959966659546
2022-04-17,0.9992589950561523,1.0003139972686768
2022-04-18,0.9998729825019836,1.0002180337905884
2022-04-19,0.9998970031738281,1.0003429651260376
2022-04-20,0.9998469948768616,1.000201940536499
2022-04-21,1.0002820491790771,1.0001569986343384
2022-04-22,1.0001989603042603,1.0002340078353882
2022-04-23,1.0000040531158447,1.0002280473709106
2022-04-24,0.9999629855155945,1.0003440380096436
2022-04-25,1.0002180337905884,1.0001449584960938
2022-04-26,1.0001269578933716,1.000072956085205
2022-04-27,1.0003210306167603,1.0001529455184937
2022-04-28,1.0000289678573608,1.0001909732818604
2022-04-29,1.0000230073928833,1.0000200271606445
2022-04-30,1.0002950429916382,1.000154972076416
2022-05-01,1.0003809928894043,1.0001130104064941
2022-05-02,1.000059962272644,0.9999549984931946
2022-05-03,1.0001189708709717,1.0000449419021606
2022-05-04,1.0000770092010498,1.0000380277633667
2022-05-05,0.9999579787254333,0.9999880194664001
2022-05-06,1.0000720024108887,0.9999819993972778
2022-05-07,0.9999060034751892,0.9999210238456726
2022-05-08,1.000087022781372,0.9998540282249451
2022-05-09,0.9995949864387512,0.999908983707428
2022-05-10,0.9998279809951782,0.9997910261154175
2022-05-11,1.0007660388946533,0.9958720207214355
2022-05-12,1.0006589889526367,0.99760901927948
2022-05-13,1.0003470182418823,0.9982389807701111
2022-05-14,1.0003809928894043,0.9987800121307373
2022-05-15,1.0001829862594604,0.9990689754486084
2022-05-16,1.0005810260772705,0.9987789988517761
2022-05-17,1.0002189874649048,0.9989089965820312
2022-05-18,0.999770998954773,0.9988020062446594
2022-05-19,1.0002690553665161,0.9989709854125977
2022-05-20,0.9999070167541504,0.9988179802894592
2022-05-21,1.0002659559249878,0.9987930059432983
2022-05-22,1.0000920295715332,0.9990659952163696
2022-05-23,1.0001410245895386,0.9990879893302917
2022-05-24,1.0001790523529053,0.9991070032119751
2022-05-25,0.9998210072517395,0.9989759922027588
2022-05-26,0.9999300241470337,0.9989070296287537
2022-05-27,1.0004030466079712,0.9988629817962646
2022-05-28,1.0001499652862549,0.9990019798278809
2022-05-29,1.0005860328674316,0.9991779923439026
2022-05-30,1.0000989437103271,0.9993759989738464
2022-05-31,1.0002100467681885,0.9993879795074463
2022-06-01,1.0001300573349,0.9992600083351135
2022-06-02,1.000223994255066,0.9993169903755188
2022-06-03,1.000143051147461,0.9991700053215027
2022-06-04,1.0002429485321045,0.9993129968643188
2022-06-05,1.0001440048217773,0.9992960095405579
2022-06-06,1.000082015991211,0.9993109703063965
2022-06-07,1.0001029968261719,0.9994140267372131
2022-06-08,1.0002180337905884,0.9992619752883911
2022-06-09,1.0002440214157104,0.99931401014328
2022-06-10,1.0000629425048828,0.999180018901825
2022-06-11,1.0000900030136108,0.9990249872207642
2022-06-12,1.0000489950180054,0.9990800023078918
2022-06-13,1.0004340410232544,0.9985939860343933
2022-06-14,1.0007280111312866,0.9989539980888367
2022-06-15,1.000704050064087,0.9989420175552368
2022-06-16,1.0003679990768433,0.9989299774169922
2022-06-17,1.0002080202102661,0.9990360140800476
2022-06-18,1.0003149509429932,0.9986670017242432
2022-06-19,1.0004040002822876,0.9989690184593201
2022-06-20,1.0001519918441772,0.9989569783210754
2022-06-21,0.9999430179595947,0.9990940093994141
2022-06-22,1.000108003616333,0.9990950226783752
2022-06-23,1.000538945198059,0.9992799758911133
2022-06-24,0.9998639822006226,0.9993249773979187
2022-06-25,1.0001039505004883,0.9995480179786682
2022-06-26,0.9998130202293396,0.9993979930877686
2022-06-27,1.0001660585403442,0.9990919828414917
2022-06-28,1.0001399517059326,0.9988319873809814
2022-06-29,1.0003650188446045,0.9988840222358704
2022-06-30,0.9999139904975891,0.9988189935684204
2022-07-01,1.000177025794983,0.9988669753074646
2022-07-02,0.9999709725379944,0.998960018157959
2022-07-03,1.000372052192688,0.9990779757499695
2022-07-04,1.0003060102462769,0.9991090297698975
2022-07-05,1.00005304813385,0.9990919828414917
2022-07-06,0.999879002571106,0.999098002910614
2022-07-07,1.0000920295715332,0.9994459748268127
2022-07-08,0.9997779726982117,0.9994180202484131
2022-07-09,1.0000460147857666,0.999538004398346
2022-07-10,1.0000289678573608,0.9994649887084961
2022-07-11,1.000169038772583,0.9992250204086304
2022-07-12,0.9998530149459839,0.9993429780006409
2022-07-13,1.000046968460083,0.9993839859962463
2022-07-14,0.9999970197677612,0.9994069933891296
2022-07-15,0.9999629855155945,0.999705970287323
2022-07-16,1.0001510381698608,0.9997739791870117
2022-07-17,1.0002490282058716,0.9997339844703674
2022-07-18,1.0000779628753662,0.9997770190238953
2022-07-19,0.9998930096626282,1.0000920295715332
2022-07-20,0.9999129772186279,1.000067949295044
2022-07-21,1.000082015991211,1.0000799894332886
2022-07-22,1.0000170469284058,1.0000519752502441
2022-07-23,1.0000139474868774,1.0000360012054443
2022-07-24,1.0000840425491333,1.000035047531128
2022-07-25,0.9997419714927673,1.0000619888305664
2022-07-26,1.000141978263855,1.000046968460083
2022-07-27,1.0001150369644165,1.0002739429473877
2022-07-28,1.000022053718567,1.0002000331878662
2022-07-29,0.9996780157089233,1.000311017036438
2022-07-30,0.9998660087585449,1.000288963317871
2022-07-31,0.999796986579895,1.0003279447555542
2022-08-01,0.9998369812965393,1.0002039670944214
2022-08-02,0.9999340176582336,1.0001590251922607
2022-08-03,1.0000319480895996,1.0002039670944214
2022-08-04,1.0000360012054443,1.0001330375671387
2022-08-05,1.0000879764556885,1.0000419616699219
2022-08-06,0.999705970287323,1.0001250505447388
2022-08-07,0.9999189972877502,1.0001440048217773
2022-08-08,1.0000660419464111,1.000177025794983
2022-08-09,0.9997979998588562,1.0002089738845825
2022-08-10,1.0001349449157715,1.0002529621124268
2022-08-11,0.9999139904975891,1.00040602684021
2022-08-12,1.0000669956207275,1.0003360509872437
2022-08-13,0.9999520182609558,1.0003759860992432
2022-08-14,0.9998480081558228,1.000270962715149
2022-08-15,0.9999489784240723,1.0001740455627441
2022-08-16,1.00006103515625,1.0001150369644165
2022-08-17,0.9999549984931946,1.000072956085205
2022-08-18,0.9999070167541504,0.9999989867210388
2022-08-19,1.0000280141830444,1.000059962272644
2022-08-20,1.0002110004425049,0.9999740123748779
2022-08-21,1.0001410245895386,0.9999939799308777
2022-08-22,1.0001380443572998,0.9999840259552002
2022-08-23,0.9999819993972778,0.9999920129776001
2022-08-24,0.9998610019683838,1.000038981437683
2022-08-25,0.9999600052833557,1.0000799894332886
2022-08-26,0.9999740123748779,1.0000430345535278
2022-08-27,1.0000089406967163,1.0000189542770386
2022-08-28,1.0000309944152832,1.0000280141830444
2022-08-29,0.9999669790267944,1.0000319480895996
2022-08-30,1.0000059604644775,1.000080943107605
2022-08-31,1.0000280141830444,1.0000159740447998
2022-09-01,0.9999759793281555,1.0000100135803223
2022-09-02,1.0001009702682495,1.0000890493392944
2022-09-03,1.0001260042190552,1.000074028968811
2022-09-04,1.0001070499420166,1.00006103515625
2022-09-05,0.9998819828033447,1.0000380277633667
2022-09-06,0.9998779892921448,1.0000489950180054
2022-09-07,0.9999930262565613,1.0001089572906494
2022-09-08,0.9999139904975891,1.0001020431518555
2022-09-09,0.9999449849128723,1.0002349615097046
2022-09-10,0.9998630285263062,1.0002809762954712
2022-09-11,0.9999510049819946,1.00027596950531
2022-09-12,1.0000109672546387,1.0002039670944214
2022-09-13,1.0001139640808105,1.0000250339508057
2022-09-14,1.000040054321289,1.000141978263855
2022-09-15,1.0001620054244995,1.0000029802322388
2022-09-16,1.0001180171966553,0.9999809861183167
2022-09-17,1.0000319480895996,1.0000979900360107
2022-09-18,1.0000770092010498,1.0000230073928833
2022-09-19,0.9998729825019836,1.0001059770584106
2022-09-20,0.9999480247497559,1.000059962272644
2022-09-21,1.0001130104064941,1.0000859498977661
2022-09-22,0.9999200105667114,0.9999840259552002
2022-09-23,0.9999930262565613,0.9999809861183167
2022-09-24,0.9999729990959167,1.0000499486923218
2022-09-25,0.9999679923057556,1.000054955482483
2022-09-26,1.0001649856567383,0.9999899864196777
2022-09-27,1.0001230239868164,0.9999799728393555
2022-09-28,1.0000109672546387,0.9999759793281555
2022-09-29,1.0001239776611328,1.0000790357589722
2022-09-30,1.0000660419464111,1.0000489950180054
2022-10-01,0.9999840259552002,1.0000430345535278
2022-10-02,0.9999909996986389,1.000059962272644
2022-10-03,0.9999269843101501,1.0000890493392944
2022-10-04,0.9999319911003113,1.000251054763794
2022-10-05,0.9999380111694336,1.0001089572906494
2022-10-06,0.9999690055847168,1.000143051147461
2022-10-07,1.000022053718567,1.0001219511032104
2022-10-08,1.0001469850540161,1.0000829696655273
2022-10-09,0.9999930262565613,1.0001579523086548
2022-10-10,0.9999409914016724,1.0000180006027222
2022-10-11,1.0000250339508057,0.9999009966850281
2022-10-12,0.9999619722366333,0.9999920129776001
2022-10-13,1.0000159740447998,1.0000790357589722
2022-10-14,0.9999949932098389,1.000074028968811
2022-10-15,0.9999300241470337,1.000087022781372
2022-10-16,0.9999529719352722,1.0000569820404053
2022-10-17,0.9999849796295166,1.00006902217865
2022-10-18,0.9999979734420776,1.0001059770584106
2022-10-19,1.000054955482483,1.000059962272644
2022-10-20,1.0,0.9999939799308777
2022-10-21,1.0000139474868774,1.0001230239868164
2022-10-22,1.0000289678573608,1.0000849962234497
2022-10-23,1.0000300407409668,1.0000770092010498
2022-10-24,0.9999799728393555,1.0000569820404053
2022-10-25,0.999966025352478,1.0002080202102661
2022-10-26,1.0000269412994385,1.0001989603042603
2022-10-27,0.9999690055847168,1.0000920295715332
2022-10-28,0.9999229907989502,1.0001460313796997
2022-10-29,1.0000790357589722,1.0002260208129883
2022-10-30,1.0001150369644165,1.0001790523529053
2022-10-31,0.9999960064888,0.9999470114707947
2022-11-01,1.0000439882278442,0.9999240040779114
2022-11-02,1.0000970363616943,0.9999960064888
2022-11-03,1.0000649690628052,1.0000070333480835
2022-11-04,1.0000360012054443,1.0000760555267334
2022-11-05,0.9999039769172668,1.0001189708709717
2022-11-06,0.9998689889907837,1.0000900030136108
2022-11-07,1.0003230571746826,1.0000940561294556
2022-11-08,0.9999819993972778,1.0000319480895996
2022-11-09,1.0003420114517212,0.9986000061035156
2022-11-10,1.0006920099258423,0.9978349804878235
2022-11-11,1.0007339715957642,0.9982179999351501
2022-11-12,1.000223994255066,0.9986159801483154
2022-11-13,1.0001360177993774,0.9987549781799316
2022-11-14,1.0005860328674316,0.9990130066871643
2022-11-15,1.00034499168396,0.9991300106048584
2022-11-16,1.0001859664916992,0.9992290139198303
2022-11-17,1.0001620054244995,0.9994019865989685
2022-11-18,1.0002479553222656,0.9991629719734192
2022-11-19,1.000156044960022,0.999101996421814
2022-11-20,1.0002139806747437,0.9989820122718811
2022-11-21,1.0003299713134766,0.9990890026092529
2022-11-22,1.000419020652771,0.9991570115089417
2022-11-23,1.0003269910812378,0.9991940259933472
2022-11-24,1.0002150535583496,0.9994210004806519
2022-11-25,1.0000569820404053,0.9995779991149902
2022-11-26,1.0001510381698608,0.9995740056037903
2022-11-27,1.0001410245895386,0.9996039867401123
2022-11-28,1.0002009868621826,0.9996619820594788
2022-11-29,1.0000760555267334,0.9997439980506897
2022-11-30,1.0000079870224,1.0000150203704834
2022-12-01,1.0000029802322388,1.0000439882278442
2022-12-02,1.0000510215759277,1.0000649690628052
2022-12-03,0.9999619722366333,1.00006103515625
2022-12-04,1.0000159740447998,1.0001200437545776
2022-12-05,1.000020980834961,1.0000540018081665
2022-12-06,1.0000900030136108,1.0000770092010498
2022-12-07,1.0000269412994385,1.0000020265579224
2022-12-08,1.0000289678573608,1.0001269578933716
2022-12-09,1.0000430345535278,1.0000569820404053
2022-12-10,1.0000720024108887,1.0000460147857666
2022-12-11,0.9999960064888,1.0000779628753662
2022-12-12,1.0000959634780884,1.0001070499420166
2022-12-13,1.000133991241455,1.0000170469284058
2022-12-14,0.9999799728393555,1.0001050233840942
2022-12-15,1.0000150203704834,1.0000779628753662
2022-12-16,0.9999009966850281,1.0001569986343384
2022-12-17,1.0000200271606445,1.000161051750183
2022-12-18,0.9997609853744507,1.000154972076416
2022-12-19,1.0001909732818604,1.0000799894332886
2022-12-20,0.9999909996986389,1.0001109838485718
2022-12-21,1.0000959634780884,1.0000770092010498
2022-12-22,1.0001100301742554,1.0000109672546387
2022-12-23,1.000033974647522,0.9999809861183167
2022-12-24,1.0000460147857666,0.9999920129776001
2022-12-25,1.000082015991211,0.9999430179595947
2022-12-26,1.0001029968261719,0.9999949932098389
2022-12-27,1.000169038772583,0.9998499751091003
2022-12-28,1.0001850128173828,0.9996860027313232
2022-12-29,1.0001380443572998,0.9997349977493286
2022-12-30,1.000120997428894,0.99965900182724
2022-12-31,1.0000289678573608,0.9996740221977234
2023-01-01,0.9999930262565613,0.9996920228004456
2023-01-02,0.9999889731407166,0.999770998954773
2023-01-03,1.0000979900360107,0.9997590184211731
2023-01-04,1.0000040531158447,0.999763011932373
2023-01-05,1.000020980834961,0.9996970295906067
2023-01-06,1.000012993812561,0.9997379779815674
2023-01-07,0.9999819993972778,0.9998959898948669
2023-01-08,1.0001959800720215,0.9999570250511169
2023-01-09,1.0000460147857666,0.9999989867210388
2023-01-10,0.999987006187439,1.000100016593933
2023-01-11,1.0001319646835327,1.0000189542770386
2023-01-12,1.0000720024108887,1.0000920295715332
2023-01-13,1.0002470016479492,1.0002139806747437
2023-01-14,1.0000840425491333,1.0001569986343384
2023-01-15,0.999925971031189,1.0003739595413208
2023-01-16,0.9999619722366333,1.0001260042190552
2023-01-17,0.999809980392456,1.0001029968261719
2023-01-18,0.999845027923584,0.9999899864196777
2023-01-19,1.0000239610671997,1.0000230073928833
2023-01-20,1.0002650022506714,1.0001790523529053
2023-01-21,0.9998400211334229,1.0002169609069824
2023-01-22,0.9999759793281555,1.0002340078353882
2023-01-23,0.999858021736145,1.0002039670944214
2023-01-24,0.9999579787254333,1.0001300573349
2023-01-25,1.0000619888305664,1.0001749992370605
2023-01-26,0.9999600052833557,1.000082015991211
2023-01-27,1.0000269412994385,1.000182032585144
2023-01-28,1.0001300573349,1.0001939535140991
2023-01-29,1.0000009536743164,1.0000989437103271
2023-01-30,1.0001009702682495,1.0000929832458496
2023-01-31,1.0000580549240112,1.0001169443130493
2023-02-01,1.0001499652862549,1.0000979900360107
2023-02-02,0.9997749924659729,1.0001399517059326
2023-02-03,1.000035047531128,1.0001310110092163
2023-02-04,0.9999210238456726,1.000100016593933
2023-02-05,0.9999539852142334,1.0001980066299438
2023-02-06,0.9999279975891113,1.0001020431518555
2023-02-07,0.9999930262565613,1.0000770092010498
2023-02-08,1.0000120401382446,1.0001310110092163
2023-02-09,1.0001219511032104,1.0001590251922607
2023-02-10,1.0000309944152832,1.0001529455184937
2023-02-11,0.9999769926071167,1.000162959098816
2023-02-12,1.0000660419464111,1.0002100467681885
2023-02-13,1.000095009803772,1.000933051109314
2023-02-14,1.0000569820404053,1.0004040002822876
2023-02-15,1.0000710487365723,1.0002180337905884
2023-02-16,0.999858021736145,1.000162959098816
2023-02-17,0.99993497133255,1.0002210140228271
2023-02-18,0.9998869895935059,1.000182032585144
2023-02-19,0.9998970031738281,1.000236988067627
2023-02-20,1.000143051147461,1.0001870393753052
2023-02-21,1.0000640153884888,1.0001319646835327
2023-02-22,1.0001449584960938,1.0000989437103271
2023-02-23,1.0000829696655273,1.0001239776611328
2023-02-24,1.0000449419021606,1.0000699758529663
2023-02-25,1.0002870559692383,1.0001319646835327
2023-02-26,1.0001360177993774,1.000087022781372
2023-02-27,1.0000602006912231,1.0001505613327026
