RK,Name,POS,GP,MIN,PTS,FGM,FGA,FG%,3PM,3PA,3P%,FTM,FTA,FT%,REB,AST,STL,BLK,TO,DD2,TD3,Year
1,Kevin DurantOKC,PF,82,39.5,30.1,9.7,20.3,47.6,1.6,4.3,36.5,9.2,10.2,90.0,7.6,2.8,1.4,1.0,3.3,25,0,2010
2,LeBron JamesCLE,SF,76,39.0,29.7,10.1,20.1,50.3,1.7,5.1,33.3,7.8,10.2,76.7,7.3,8.6,1.6,1.0,3.4,31,4,2010
3,Carmelo AnthonyDEN,PF,69,38.2,28.2,10.0,21.8,45.8,0.9,2.7,31.6,7.4,8.9,83.0,6.6,3.2,1.3,0.4,3.0,10,0,2010
4,Kobe BryantLAL,SF,73,38.8,27.0,9.8,21.5,45.6,1.4,4.1,32.9,6.0,7.4,81.1,5.4,5.0,1.5,0.3,3.2,7,0,2010
5,Dwyane WadeMIA,G,77,36.3,26.6,9.3,19.6,47.6,0.9,3.2,30.0,6.9,9.1,76.1,4.8,6.5,1.8,1.1,3.3,17,0,2010
6,Monta EllisGS,SG,64,41.4,25.5,9.9,22.0,44.9,1.2,3.6,33.8,4.6,6.1,75.3,4.0,5.3,2.2,0.4,3.8,6,0,2010
7,Dirk NowitzkiDAL,F,81,37.5,25.0,8.9,18.5,48.1,0.6,1.5,42.1,6.6,7.2,91.5,7.7,2.7,0.9,1.0,1.8,19,1,2010
8,Danny GrangerIND,SF,62,36.7,24.1,7.9,18.4,42.8,2.5,7.1,36.1,5.9,6.9,84.8,5.5,2.8,1.5,0.8,2.5,3,0,2010
9,Chris BoshTOR,PF,70,36.1,24.0,8.6,16.5,51.8,0.1,0.3,36.4,6.7,8.4,79.7,10.8,2.4,0.6,1.0,2.4,49,0,2010
10,Amar'e StoudemirePHX,C,82,34.6,23.1,8.6,15.4,55.7,0.0,0.1,16.7,5.9,7.7,77.1,8.9,1.0,0.6,1.0,2.6,31,0,2010
11,Gilbert ArenasWSH,PG,32,36.5,22.6,7.9,19.3,41.1,2.0,5.7,34.8,4.8,6.5,73.9,4.2,7.2,1.3,0.3,3.7,5,1,2010
12,Brandon RoyPOR,SG,65,37.2,21.5,7.6,16.0,47.3,1.1,3.4,33.0,5.3,6.8,78.0,4.4,4.7,0.9,0.2,2.0,1,0,2010
13,Joe JohnsonATL,G,76,38.0,21.3,8.4,18.2,45.8,1.7,4.6,36.9,2.9,3.5,81.8,4.6,4.9,1.1,0.1,1.9,4,0,2010
14,Derrick RoseCHI,PG,78,36.8,20.8,8.6,17.6,48.9,0.2,0.8,26.7,3.3,4.3,76.6,3.8,6.0,0.7,0.3,2.8,6,0,2010
15,Zach RandolphMEM,F,81,37.7,20.8,8.0,16.5,48.8,0.2,0.6,28.8,4.5,5.7,77.8,11.7,1.8,1.0,0.4,2.1,57,0,2010
16,Stephen JacksonGS/CHA,SF,81,38.6,20.6,7.4,17.5,42.3,1.6,4.9,32.8,4.2,5.4,77.9,5.0,3.7,1.6,0.5,3.2,3,0,2010
17,Kevin MartinSAC/HOU,SG,46,35.5,20.6,6.3,15.1,41.7,1.5,4.6,33.3,6.5,7.4,87.6,3.6,2.4,1.0,0.1,2.0,1,0,2010
18,David LeeNY,PF,81,37.3,20.2,8.5,15.5,54.5,0.0,0.1,0.0,3.3,4.1,81.2,11.7,3.6,1.0,0.5,2.3,53,1,2010
19,Tyreke EvansSAC,G,72,37.2,20.1,7.4,16.2,45.8,0.5,2.0,25.5,4.8,6.5,74.8,5.3,5.8,1.5,0.4,3.0,13,1,2010
20,Corey MaggetteGS,SF,70,29.7,19.8,6.5,12.7,51.6,0.2,0.7,26.0,6.6,7.9,83.5,5.3,2.5,0.7,0.1,2.4,5,0,2010
21,Rudy GayMEM,SF,80,39.7,19.6,7.5,16.1,46.6,0.8,2.5,32.7,3.8,5.0,75.3,5.9,1.9,1.5,0.8,2.1,8,0,2010
22,Aaron BrooksHOU,G,82,35.6,19.6,7.0,16.2,43.2,2.5,6.4,39.8,3.0,3.6,82.2,2.6,5.3,0.8,0.2,2.8,6,0,2010
23,Chauncey BillupsDEN,PG,73,34.1,19.5,5.5,13.2,41.8,2.2,5.6,38.6,6.4,7.0,91.0,3.1,5.6,1.1,0.1,2.4,4,0,2010
24,Carlos BoozerUTAH,PF,78,34.3,19.5,7.9,14.1,56.2,0.0,0.0,0.0,3.7,4.9,74.2,11.2,3.2,1.1,0.5,2.7,55,0,2010
25,David WestNO,F,81,36.4,19.0,7.6,15.1,50.5,0.1,0.3,25.9,3.7,4.2,86.6,7.5,3.0,0.9,0.7,2.1,21,0,2010
26,Brook LopezNJ,C,82,36.9,18.8,6.9,13.8,49.9,0.0,0.0,0.0,5.1,6.2,81.7,8.6,2.3,0.7,1.7,2.5,33,0,2010
27,Antawn JamisonWSH/CLE,PF,66,36.5,18.7,7.2,15.7,46.1,1.3,3.7,34.4,2.9,4.5,64.7,8.4,1.3,1.1,0.3,1.4,25,0,2010
28,Chris PaulNO,PG,45,38.0,18.7,7.0,14.2,49.3,1.2,2.8,40.9,3.6,4.2,84.7,4.2,10.7,2.1,0.2,2.5,23,1,2010
29,Deron WilliamsUTAH,PG,76,36.9,18.7,6.5,13.9,46.9,1.3,3.4,37.1,4.4,5.5,80.1,4.0,10.5,1.3,0.2,3.3,44,0,2010
30,Chris KamanLAC,C,76,34.3,18.5,7.8,15.8,49.0,0.0,0.1,0.0,3.0,4.0,74.9,9.3,1.6,0.5,1.2,2.9,33,0,2010
31,Dwight HowardORL,C,82,34.7,18.3,6.2,10.2,61.2,0.0,0.1,0.0,5.9,10.0,59.2,13.2,1.8,0.9,2.8,3.3,64,0,2010
32,Pau GasolLAL,PF,65,37.0,18.3,7.0,13.0,53.6,0.0,0.1,0.0,4.4,5.6,79.0,11.3,3.4,0.6,1.7,2.2,40,0,2010
33,Paul PierceBOS,SF,71,34.0,18.3,5.8,12.2,47.2,1.5,3.7,41.4,5.2,6.1,85.2,4.4,3.1,1.2,0.4,2.3,1,0,2010
34,Gerald WallaceCHA,SF,76,41.0,18.2,6.0,12.4,48.4,0.7,1.8,37.1,5.6,7.2,77.6,10.0,2.1,1.5,1.1,2.3,33,0,2010
35,Richard HamiltonDET,SG,46,33.7,18.1,6.4,15.6,40.9,0.9,3.0,29.7,4.4,5.2,84.6,2.7,4.4,0.7,0.1,2.5,2,0,2010
36,Jamal CrawfordATL,G,79,31.1,18.0,6.3,14.0,44.9,2.1,5.4,38.2,3.4,4.0,85.7,2.5,3.0,0.8,0.2,1.7,0,0,2010
37,Tim DuncanSA,C,78,31.3,17.9,7.2,13.9,51.8,0.0,0.1,18.2,3.5,4.8,72.5,10.1,3.2,0.6,1.5,1.8,38,0,2010
38,LaMarcus AldridgePOR,C,78,37.5,17.9,7.4,15.0,49.5,0.1,0.2,31.3,2.9,3.9,75.7,8.0,2.1,0.9,0.6,1.3,24,0,2010
39,Al HarringtonNY,PF,72,30.5,17.7,6.2,14.3,43.5,1.9,5.7,34.2,3.3,4.4,75.7,5.6,1.5,0.9,0.4,1.8,6,0,2010
40,Luol DengCHI,F,70,37.9,17.6,6.8,14.5,46.6,0.5,1.2,38.6,3.6,4.7,76.4,7.3,2.0,0.9,0.9,1.9,13,0,2010
41,Stephen CurryGS,PG,80,36.2,17.5,6.6,14.3,46.2,2.1,4.8,43.7,2.2,2.5,88.5,4.5,5.9,1.9,0.2,3.1,12,1,2010
42,O.J. MayoMEM,SG,82,38.0,17.5,6.6,14.4,45.8,1.7,4.3,38.3,2.6,3.2,80.9,3.8,3.0,1.2,0.2,2.1,0,0,2010
43,Andrea BargnaniTOR,C,80,35.0,17.2,6.7,14.3,47.0,1.5,4.1,37.2,2.3,2.9,77.3,6.2,1.2,0.3,1.4,1.5,10,0,2010
44,Al JeffersonMIN,C,76,32.4,17.1,7.4,14.8,49.8,0.0,0.1,0.0,2.4,3.5,68.0,9.3,1.8,0.8,1.3,1.8,35,0,2010
45,Andre IguodalaPHI,F,82,38.9,17.1,6.0,13.7,44.3,1.1,3.7,31.0,3.8,5.2,73.3,6.5,5.8,1.7,0.7,2.7,11,0,2010
46,Devin HarrisNJ,G,64,34.7,16.9,5.6,13.8,40.3,0.9,3.4,27.6,4.8,6.0,79.8,3.2,6.6,1.2,0.3,2.8,6,0,2010
47,Eric GordonLAC,SG,62,36.0,16.9,5.7,12.6,44.9,1.9,5.2,37.1,3.6,4.8,74.2,2.6,3.0,1.1,0.2,2.3,0,0,2010
48,Carl LandrySAC/HOU,PF,80,30.9,16.8,6.2,11.6,53.6,0.0,0.0,33.3,4.3,5.3,80.6,5.9,0.8,0.7,0.8,1.7,7,0,2010
49,Rodney StuckeyDET,PG,73,34.2,16.6,6.2,15.2,40.5,0.2,1.1,22.8,4.1,4.9,83.3,3.8,4.8,1.4,0.2,2.2,5,0,2010
50,Jason TerryDAL,G,77,33.0,16.6,5.9,13.5,43.8,1.8,4.8,36.5,3.0,3.5,86.6,1.8,3.8,1.2,0.2,1.4,1,0,2010
1,Kevin DurantOKC,PF,78,38.9,27.7,9.1,19.7,46.2,1.9,5.3,35.0,7.6,8.7,88.0,6.8,2.7,1.1,1.0,2.8,14,0,2011
2,LeBron JamesMIA,SF,79,38.8,26.7,9.6,18.8,51.0,1.2,3.5,33.0,6.4,8.4,75.9,7.5,7.0,1.6,0.6,3.6,31,4,2011
3,Carmelo AnthonyDEN/NY,PF,77,35.7,25.6,8.9,19.5,45.5,1.2,3.3,37.8,6.6,7.9,83.8,7.3,2.9,0.9,0.6,2.7,18,0,2011
4,Dwyane WadeMIA,G,76,37.1,25.5,9.1,18.2,50.0,0.8,2.7,30.6,6.5,8.6,75.8,6.4,4.6,1.5,1.1,3.1,10,1,2011
5,Kobe BryantLAL,SF,82,33.9,25.3,9.0,20.0,45.1,1.4,4.3,32.3,5.9,7.1,82.8,5.1,4.7,1.2,0.1,3.0,9,1,2011
6,Amar'e StoudemireNY,C,78,36.8,25.3,9.5,19.0,50.2,0.1,0.3,43.5,6.1,7.7,79.2,8.2,2.6,0.9,1.9,3.2,26,0,2011
7,Derrick RoseCHI,PG,81,37.4,25.0,8.8,19.7,44.5,1.6,4.8,33.2,5.9,6.9,85.8,4.1,7.7,1.0,0.6,3.4,23,1,2011
8,Monta EllisGS,SG,80,40.3,24.1,9.1,20.1,45.1,1.7,4.7,36.1,4.3,5.4,78.9,3.5,5.6,2.1,0.3,3.2,10,0,2011
9,Kevin MartinHOU,SG,80,32.5,23.5,6.9,15.8,43.6,2.2,5.7,38.3,7.4,8.4,88.8,3.2,2.5,1.0,0.2,2.3,0,0,2011
10,Dirk NowitzkiDAL,F,73,34.3,23.0,8.4,16.2,51.7,0.9,2.3,39.3,5.4,6.1,89.2,7.0,2.6,0.5,0.6,1.9,16,0,2011
11,Dwight HowardORL,C,78,37.6,22.9,7.9,13.4,59.3,0.0,0.1,0.0,7.0,11.7,59.6,14.1,1.4,1.4,2.4,3.6,66,0,2011
12,Blake GriffinLAC,PF,82,38.0,22.5,8.5,16.8,50.6,0.1,0.3,29.2,5.4,8.5,64.2,12.1,3.8,0.8,0.5,2.7,63,2,2011
13,Eric GordonLAC,SG,56,37.7,22.3,7.6,16.9,45.0,1.9,5.2,36.4,5.1,6.2,82.5,2.9,4.4,1.3,0.3,2.7,1,0,2011
14,Russell WestbrookOKC,PG,82,34.7,21.9,7.5,17.0,44.2,0.4,1.3,33.0,6.5,7.7,84.2,4.6,8.2,1.9,0.4,3.9,31,3,2011
15,LaMarcus AldridgePOR,C,81,39.6,21.8,8.7,17.5,50.0,0.0,0.3,17.4,4.3,5.5,79.1,8.8,2.1,1.0,1.2,1.9,36,0,2011
16,Andrea BargnaniTOR,C,66,35.7,21.4,8.0,17.8,44.8,1.2,3.4,34.5,4.3,5.3,82.0,5.2,1.8,0.5,0.7,2.3,2,0,2011
17,Danny GrangerIND,SF,79,35.0,20.5,6.8,15.9,42.5,2.0,5.2,38.6,5.0,5.9,84.8,5.4,2.6,1.1,0.8,2.6,5,0,2011
18,Brook LopezNJ,C,82,35.2,20.4,7.9,16.0,49.2,0.0,0.0,0.0,4.7,6.0,78.7,6.0,1.6,0.6,1.5,2.1,9,0,2011
19,Kevin LoveMIN,PF,73,35.8,20.2,6.6,14.1,47.0,1.2,2.9,41.7,5.8,6.8,85.0,15.2,2.5,0.6,0.4,2.1,64,0,2011
20,Deron WilliamsUTAH/NJ,PG,65,37.9,20.1,6.6,15.0,43.9,1.6,4.9,33.1,5.4,6.3,84.5,4.0,10.3,1.2,0.2,3.5,34,0,2011
21,Zach RandolphMEM,F,75,36.3,20.1,8.0,15.8,50.3,0.1,0.6,18.6,4.0,5.3,75.8,12.2,2.2,0.8,0.3,2.0,53,0,2011
22,Rudy GayMEM,SF,54,39.9,19.8,7.6,16.1,47.1,1.1,2.7,39.6,3.6,4.5,80.5,6.2,2.8,1.7,1.1,2.5,4,0,2011
23,Michael BeasleyMIN,F,73,32.3,19.2,7.7,17.1,45.0,0.8,2.2,36.6,3.0,4.0,75.3,5.6,2.2,0.7,0.7,2.7,8,0,2011
24,Paul PierceBOS,SF,80,34.7,18.9,6.3,12.8,49.7,1.4,3.7,37.4,4.8,5.6,86.0,5.4,3.3,1.0,0.6,2.1,7,1,2011
25,David WestNO,F,70,35.0,18.9,7.5,14.9,50.8,0.0,0.1,22.2,3.8,4.7,80.7,7.6,2.3,1.0,0.9,2.0,16,0,2011
26,Pau GasolLAL,PF,82,37.0,18.8,7.2,13.7,52.9,0.0,0.0,33.3,4.3,5.2,82.3,10.2,3.3,0.6,1.6,1.7,43,1,2011
27,Chris BoshMIA,PF,77,36.3,18.7,6.8,13.7,49.6,0.1,0.3,24.0,5.0,6.1,81.5,8.3,1.9,0.8,0.6,1.8,28,0,2011
28,Al JeffersonUTAH,C,82,35.9,18.6,8.0,16.1,49.6,0.0,0.0,0.0,2.7,3.5,76.1,9.7,1.8,0.6,1.9,1.3,37,0,2011
29,Stephen CurryGS,PG,74,33.6,18.6,6.8,14.2,48.0,2.0,4.6,44.2,2.9,3.1,93.4,3.9,5.8,1.5,0.3,3.1,5,0,2011
30,Stephen JacksonCHA,SF,67,35.9,18.5,6.5,15.8,41.1,1.8,5.4,33.7,3.7,4.6,81.6,4.5,3.6,1.2,0.4,3.1,3,1,2011
31,Luis ScolaHOU,F,74,32.6,18.3,7.7,15.3,50.4,0.0,0.0,0.0,2.9,3.9,73.8,8.2,2.5,0.6,0.6,2.0,19,0,2011
32,Joe JohnsonATL,G,72,35.5,18.2,7.1,16.1,44.3,1.2,4.2,29.7,2.7,3.4,80.2,4.0,4.7,0.7,0.1,2.0,2,0,2011
33,Antawn JamisonCLE,PF,56,32.9,18.0,6.7,15.6,42.7,1.6,4.7,34.6,3.1,4.2,73.1,6.7,1.7,0.9,0.5,1.4,10,0,2011
34,Tyreke EvansSAC,G,57,37.0,17.8,6.7,16.4,40.9,0.8,2.6,29.1,3.6,4.7,77.1,4.8,5.6,1.5,0.5,3.2,6,0,2011
35,Tony ParkerSA,G,78,32.4,17.5,7.1,13.7,51.9,0.3,0.9,35.7,3.0,3.9,76.9,3.1,6.6,1.2,0.0,2.6,9,0,2011
36,Carlos BoozerCHI,PF,59,31.9,17.5,7.3,14.3,51.0,0.0,0.0,0.0,2.9,4.1,70.1,9.6,2.5,0.8,0.3,2.5,30,0,2011
37,Luol DengCHI,F,82,39.1,17.4,6.5,14.1,46.0,1.4,4.1,34.5,3.1,4.1,75.3,5.8,2.8,1.0,0.6,1.9,8,0,2011
38,Nick YoungWSH,G,64,31.8,17.4,6.4,14.6,44.1,1.6,4.2,38.7,2.9,3.6,81.6,2.7,1.2,0.7,0.3,1.4,0,0,2011
39,Manu GinobiliSA,G,80,30.3,17.4,5.5,12.7,43.3,1.9,5.5,34.9,4.5,5.1,87.1,3.7,4.9,1.5,0.4,2.2,0,0,2011
40,Paul MillsapUTAH,PF,76,34.3,17.3,6.9,13.0,53.1,0.1,0.3,39.1,3.4,4.4,75.7,7.6,2.5,1.4,0.9,1.9,19,0,2011
41,DeMar DeRozanTOR,SF,82,34.8,17.2,6.6,14.1,46.7,0.1,0.6,9.6,4.0,4.9,81.3,3.8,1.8,1.0,0.4,1.8,1,0,2011
42,Andray BlatcheWSH,C,64,33.9,16.8,6.7,15.0,44.5,0.1,0.3,22.2,3.4,4.4,77.7,8.2,2.3,1.5,0.8,2.7,17,0,2011
43,Chauncey BillupsDEN/NY,PG,72,32.1,16.8,4.7,11.0,42.7,2.0,5.0,40.2,5.3,5.8,91.6,2.6,5.4,1.0,0.2,2.5,2,0,2011
44,Josh SmithATL,PF,77,34.4,16.5,6.5,13.5,47.7,0.7,2.0,33.1,3.0,4.1,72.5,8.5,3.3,1.3,1.6,2.6,31,1,2011
45,Ray AllenBOS,SG,80,36.1,16.5,6.0,12.2,49.1,2.1,4.7,44.4,2.4,2.7,88.1,3.4,2.7,1.0,0.2,1.5,0,0,2011
46,David LeeGS,PF,73,36.1,16.5,6.8,13.4,50.7,0.0,0.0,33.3,2.9,3.7,78.7,9.8,3.2,1.0,0.4,2.3,37,0,2011
47,John WallWSH,PG,69,37.8,16.4,5.8,14.1,40.9,0.5,1.7,29.6,4.4,5.7,76.6,4.6,8.3,1.8,0.5,3.8,26,1,2011
48,Dorell WrightGS,SF,82,38.4,16.4,5.9,14.0,42.3,2.4,6.3,37.6,2.2,2.8,78.9,5.3,3.0,1.5,0.8,1.6,7,0,2011
49,Brandon JenningsMIL,G,63,34.4,16.2,5.7,14.7,39.0,1.6,4.8,32.3,3.2,3.9,80.9,3.7,4.8,1.5,0.3,2.3,6,1,2011
50,Wesley MatthewsPOR,SG,82,33.6,15.9,5.4,11.9,44.9,1.9,4.6,40.7,3.2,3.8,84.4,3.1,2.0,1.2,0.1,1.7,1,0,2011
1,Kevin DurantOKC,PF,66,38.6,28.0,9.7,19.7,49.6,2.0,5.2,38.7,6.5,7.6,86.0,8.0,3.5,1.3,1.2,3.8,18,0,2012
2,Kobe BryantLAL,SF,58,38.5,27.9,9.9,23.0,43.0,1.5,4.9,30.3,6.6,7.8,84.5,5.4,4.6,1.2,0.3,3.5,3,0,2012
3,LeBron JamesMIA,SF,62,37.5,27.1,10.0,18.9,53.1,0.9,2.4,36.2,6.2,8.1,77.1,7.9,6.2,1.9,0.8,3.4,23,0,2012
4,Kevin LoveMIN,PF,55,39.0,26.0,8.6,19.3,44.8,1.9,5.1,37.2,6.9,8.4,82.4,13.3,2.0,0.9,0.5,2.3,48,0,2012
5,Russell WestbrookOKC,PG,66,35.3,23.6,8.8,19.2,45.7,0.9,3.0,31.6,5.2,6.3,82.3,4.6,5.5,1.7,0.3,3.6,7,0,2012
6,Carmelo AnthonyNY,PF,55,34.1,22.6,8.0,18.6,43.0,1.2,3.7,33.5,5.4,6.7,80.4,6.3,3.6,1.1,0.4,2.6,8,1,2012
7,LaMarcus AldridgePOR,C,55,36.3,21.7,8.8,17.1,51.2,0.0,0.2,18.2,4.1,5.0,81.4,8.0,2.4,0.9,0.8,2.0,13,0,2012
8,Dirk NowitzkiDAL,F,62,33.5,21.6,7.6,16.7,45.7,1.3,3.4,36.8,5.1,5.7,89.6,6.8,2.2,0.7,0.5,1.9,11,0,2012
9,Deron WilliamsNJ,PG,55,36.3,21.0,7.1,17.5,40.7,2.1,6.2,33.6,4.7,5.5,84.3,3.3,8.7,1.2,0.4,4.0,22,0,2012
10,Blake GriffinLAC,PF,66,36.2,20.7,8.5,15.5,54.9,0.0,0.2,12.5,3.7,7.1,52.1,10.9,3.2,0.8,0.7,2.3,41,0,2012
11,Monta EllisMIL/GS,SG,58,36.6,20.4,7.8,17.9,43.3,1.1,3.5,30.8,3.8,4.7,79.6,3.4,6.0,1.5,0.3,3.1,5,0,2012
12,David LeeGS,PF,57,37.2,20.1,8.1,16.2,50.3,0.0,0.1,0.0,3.8,4.9,78.2,9.6,2.8,0.9,0.4,2.6,27,1,2012
13,Chris PaulLAC,PG,60,36.4,19.8,7.1,14.8,47.8,1.3,3.6,37.1,4.3,5.0,86.1,3.6,9.1,2.5,0.1,2.1,23,0,2012
14,Paul PierceBOS,SF,61,34.0,19.4,6.5,14.6,44.3,1.6,4.5,36.6,4.8,5.6,85.2,5.2,4.5,1.1,0.4,2.8,6,0,2012
15,Al JeffersonUTAH,C,61,34.0,19.2,8.5,17.2,49.2,0.0,0.1,25.0,2.2,2.9,77.4,9.6,2.2,0.8,1.7,1.0,31,0,2012
16,Brandon JenningsMIL,G,66,35.3,19.1,7.1,17.0,41.8,2.0,5.9,33.2,2.9,3.6,80.8,3.4,5.5,1.6,0.3,2.2,6,0,2012
17,Rudy GayMEM,SF,65,37.3,19.0,7.5,16.4,45.5,0.8,2.7,31.2,3.2,4.0,79.1,6.4,2.3,1.5,0.8,2.5,8,0,2012
18,Joe JohnsonATL,G,60,35.5,18.8,7.1,15.5,45.4,2.1,5.4,38.8,2.6,3.1,84.9,3.7,3.9,0.8,0.2,1.9,0,0,2012
19,Josh SmithATL,PF,66,35.3,18.8,7.6,16.7,45.8,0.4,1.7,25.7,3.1,4.9,63.0,9.6,3.9,1.4,1.7,2.5,28,0,2012
20,Andrew BynumLAL,C,60,35.2,18.7,7.4,13.3,55.8,0.0,0.1,20.0,3.9,5.6,69.2,11.8,1.4,0.5,1.9,2.5,37,0,2012
21,Danny GrangerIND,SF,62,33.3,18.7,6.3,15.2,41.6,2.0,5.2,38.1,4.1,4.7,87.3,5.0,1.8,1.0,0.6,1.8,0,0,2012
22,Tony ParkerSA,G,60,32.1,18.3,7.1,14.8,48.0,0.2,1.0,23.0,3.8,4.7,79.9,2.9,7.7,1.0,0.1,2.6,12,0,2012
23,DeMarcus CousinsSAC,C,64,30.5,18.1,7.0,15.6,44.8,0.0,0.2,14.3,4.1,5.8,70.2,11.0,1.6,1.5,1.2,2.7,36,0,2012
24,Chris BoshMIA,PF,57,35.2,18.0,6.9,14.2,48.7,0.2,0.6,28.6,4.0,4.9,82.1,7.9,1.8,0.9,0.8,2.1,11,0,2012
25,Pau GasolLAL,PF,65,37.4,17.4,7.1,14.1,50.1,0.1,0.4,25.9,3.1,4.0,78.2,10.4,3.7,0.6,1.4,2.2,42,1,2012
26,Antawn JamisonCLE,PF,65,33.1,17.2,6.5,16.1,40.3,1.4,4.1,34.1,2.8,4.2,68.3,6.3,2.0,0.8,0.7,1.4,7,0,2012
27,James HardenOKC,SG,62,31.4,16.8,5.0,10.1,49.1,1.8,4.7,39.0,5.0,6.0,84.6,4.1,3.7,1.0,0.2,2.2,0,0,2012
28,DeMar DeRozanTOR,SF,63,35.0,16.7,6.0,14.3,42.2,0.4,1.5,26.1,4.3,5.3,81.0,3.3,2.0,0.8,0.3,2.0,0,0,2012
29,Paul MillsapUTAH,PF,64,32.8,16.6,6.7,13.5,49.5,0.1,0.5,22.6,3.2,4.0,79.2,8.8,2.3,1.8,0.8,1.8,21,0,2012
30,Tyreke EvansSAC,G,63,34.3,16.5,6.5,14.3,45.3,0.3,1.6,20.2,3.2,4.1,77.9,4.6,4.5,1.3,0.5,2.7,5,0,2012
31,Ty LawsonDEN,G,61,34.8,16.4,6.1,12.6,48.8,1.2,3.3,36.5,2.9,3.5,82.4,3.7,6.6,1.3,0.1,2.4,11,0,2012
32,John WallWSH,PG,66,36.2,16.3,5.7,13.5,42.3,0.0,0.6,7.1,4.8,6.1,78.9,4.5,8.0,1.4,0.9,3.9,16,0,2012
33,Ryan AndersonORL,PF,61,32.2,16.1,5.4,12.4,43.9,2.7,6.9,39.3,2.5,2.8,87.7,7.7,0.9,0.8,0.4,0.9,14,0,2012
34,Kevin GarnettBOS,PF,60,31.1,15.8,6.5,13.0,50.3,0.1,0.2,33.3,2.7,3.2,85.7,8.2,2.9,0.9,1.0,1.8,21,0,2012
35,Luis ScolaHOU,F,66,31.3,15.5,6.6,13.5,49.1,0.0,0.0,0.0,2.3,3.0,77.3,6.5,2.1,0.5,0.4,2.3,11,0,2012
36,Tim DuncanSA,C,58,28.2,15.4,6.2,12.6,49.3,0.0,0.1,0.0,3.0,4.3,69.5,9.0,2.3,0.7,1.5,1.7,22,0,2012
37,Marcin GortatPHX,C,66,32.0,15.4,6.5,11.7,55.5,0.0,0.0,0.0,2.5,3.8,64.9,10.0,0.9,0.7,1.5,1.4,31,0,2012
38,Greg MonroeDET,C,66,31.5,15.4,6.2,11.8,52.1,0.0,0.0,0.0,3.0,4.1,73.9,9.7,2.3,1.3,0.7,2.4,30,0,2012
39,Arron AfflaloDEN,G,62,33.6,15.2,5.3,11.3,47.1,1.4,3.6,39.8,3.2,4.0,79.8,3.2,2.4,0.6,0.2,1.4,1,0,2012
40,Jason TerryDAL,G,63,31.7,15.1,5.7,13.2,43.0,2.2,5.8,37.8,1.6,1.8,88.3,2.4,3.6,1.2,0.2,2.0,0,0,2012
41,Carlos BoozerCHI,PF,66,29.5,15.0,6.8,12.8,53.2,0.0,0.0,0.0,1.4,2.1,69.3,8.5,1.9,1.0,0.4,1.7,18,0,2012
42,Lou WilliamsPHI,SG,64,26.3,14.9,5.0,12.2,40.7,1.3,3.6,36.2,3.7,4.6,81.2,2.4,3.5,0.8,0.3,1.1,0,0,2012
43,Jordan CrawfordWSH,G,64,27.4,14.7,5.5,13.6,40.0,1.2,4.3,28.9,2.5,3.2,79.3,2.6,3.0,0.9,0.1,2.2,0,0,2012
44,Marc GasolMEM,C,65,36.5,14.6,5.5,11.4,48.2,0.0,0.2,8.3,3.6,4.9,74.8,8.9,3.1,1.0,1.9,1.9,24,0,2012
45,Al HarringtonDEN,PF,64,27.5,14.2,5.4,12.1,44.6,1.6,4.7,33.3,1.9,2.8,67.6,6.1,1.4,0.9,0.2,1.8,9,0,2012
46,Nick YoungLAC/WSH,G,62,27.9,14.2,5.1,12.6,40.3,1.7,4.5,36.5,2.3,2.7,85.2,2.1,0.9,0.7,0.3,1.3,0,0,2012
47,Jamal CrawfordPOR,G,60,26.9,14.0,4.7,12.3,38.4,1.3,4.3,30.8,3.2,3.4,92.7,2.0,3.2,0.9,0.2,1.9,0,0,2012
48,Nicolas BatumPOR,PF,59,30.4,13.9,4.9,10.9,45.1,1.8,4.6,39.1,2.3,2.7,83.6,4.6,1.4,1.0,1.0,1.5,2,0,2012
49,Gerald WallacePOR/NJ,SF,58,35.8,13.8,4.9,10.9,45.4,0.8,2.6,30.7,3.1,3.9,80.0,6.7,2.8,1.5,0.6,1.9,9,0,2012
50,Kris HumphriesNJ,PF,62,34.9,13.8,5.2,10.8,48.1,0.0,0.0,0.0,3.4,4.5,75.2,11.0,1.5,0.8,1.2,1.9,29,0,2012
1,Carmelo AnthonyNY,PF,67,37.0,28.7,10.0,22.2,44.9,2.3,6.2,37.9,6.3,7.6,83.0,6.9,2.6,0.8,0.5,2.6,10,0,2013
2,Kevin DurantOKC,PF,81,38.5,28.1,9.0,17.7,51.0,1.7,4.1,41.6,8.4,9.3,90.5,7.9,4.6,1.4,1.3,3.5,19,3,2013
3,Kobe BryantLAL,SF,78,38.6,27.3,9.5,20.4,46.3,1.7,5.2,32.4,6.7,8.0,83.9,5.6,6.0,1.4,0.3,3.7,16,2,2013
4,LeBron JamesMIA,SF,76,37.9,26.8,10.1,17.8,56.5,1.4,3.3,40.6,5.3,7.0,75.3,8.0,7.3,1.7,0.9,3.0,36,4,2013
5,James HardenHOU,SG,78,38.3,25.9,7.5,17.1,43.8,2.3,6.2,36.8,8.6,10.2,85.1,4.9,5.8,1.8,0.5,3.8,9,1,2013
6,Russell WestbrookOKC,PG,82,34.9,23.2,8.2,18.7,43.8,1.2,3.7,32.3,5.6,7.0,80.0,5.2,7.4,1.8,0.3,3.3,23,1,2013
7,Stephen CurryGS,PG,78,38.2,22.9,8.0,17.8,45.1,3.5,7.7,45.3,3.4,3.7,90.0,4.0,6.9,1.6,0.2,3.1,15,0,2013
8,Kyrie IrvingCLE,PG,59,34.7,22.5,8.2,18.1,45.2,1.8,4.7,39.1,4.2,4.9,85.5,3.7,5.9,1.5,0.4,3.2,4,0,2013
9,Dwyane WadeMIA,G,69,34.7,21.2,8.2,15.8,52.1,0.2,1.0,25.8,4.5,6.2,72.5,5.0,5.1,1.9,0.8,2.8,4,0,2013
10,LaMarcus AldridgePOR,C,74,37.7,21.1,8.6,17.8,48.4,0.0,0.2,14.3,3.8,4.7,81.0,9.1,2.6,0.8,1.2,1.9,38,0,2013
11,Tony ParkerSA,G,66,32.9,20.3,7.9,15.1,52.2,0.4,1.0,35.3,4.2,5.0,84.5,3.0,7.6,0.8,0.1,2.6,17,1,2013
12,Brook LopezBKN,C,74,30.4,19.4,7.7,14.8,52.1,0.0,0.0,0.0,4.0,5.3,75.8,6.9,0.9,0.4,2.1,1.8,12,0,2013
13,Monta EllisMIL,SG,82,37.5,19.2,7.3,17.5,41.6,1.1,4.0,28.7,3.5,4.6,77.3,3.9,6.0,2.1,0.4,3.1,9,0,2013
14,Damian LillardPOR,PG,82,38.6,19.0,6.7,15.7,42.9,2.3,6.1,36.8,3.3,3.9,84.4,3.1,6.5,0.9,0.2,3.0,7,0,2013
15,Deron WilliamsBKN,PG,78,36.4,18.9,6.3,14.4,44.0,2.2,5.7,37.8,4.1,4.7,85.9,3.0,7.7,1.0,0.4,2.8,21,0,2013
16,Paul PierceBOS,SF,77,33.4,18.6,6.2,14.2,43.6,1.9,5.0,38.0,4.3,5.5,78.7,6.3,4.8,1.1,0.4,2.8,12,3,2013
17,John WallWSH,PG,49,32.7,18.5,6.6,15.0,44.1,0.2,0.9,26.7,5.0,6.2,80.4,4.0,7.6,1.3,0.8,3.2,14,0,2013
18,David LeeGS,PF,79,36.8,18.5,7.6,14.7,51.9,0.0,0.1,0.0,3.2,4.1,79.7,11.2,3.5,0.8,0.3,2.6,56,1,2013
19,Kevin LoveMIN,PF,18,34.3,18.3,5.8,16.6,35.2,1.1,5.1,21.7,5.6,7.9,70.4,14.0,2.3,0.7,0.5,2.2,14,0,2013
20,Rudy GayTOR/MEM,SF,75,35.8,18.2,6.9,16.7,41.6,1.1,3.5,32.3,3.2,3.9,81.4,6.1,2.7,1.5,0.7,2.6,6,0,2013
21,DeMar DeRozanTOR,SF,82,36.7,18.1,6.7,15.0,44.5,0.4,1.5,28.3,4.3,5.2,83.1,3.9,2.5,0.9,0.3,1.8,0,0,2013
22,JR SmithNY,G,80,33.5,18.1,6.6,15.6,42.2,1.9,5.5,35.6,3.0,3.9,76.2,5.3,2.7,1.3,0.3,1.7,8,0,2013
23,Blake GriffinLAC,PF,80,32.5,18.0,7.2,13.4,53.8,0.1,0.4,17.9,3.5,5.3,66.0,8.3,3.7,1.2,0.6,2.3,28,1,2013
24,Al JeffersonUTAH,C,78,33.1,17.8,7.8,15.8,49.4,0.0,0.2,11.8,2.1,2.8,77.0,9.2,2.1,1.0,1.1,1.3,37,0,2013
25,Tim DuncanSA,C,69,30.1,17.8,7.1,14.1,50.2,0.0,0.1,28.6,3.6,4.3,81.7,9.9,2.7,0.7,2.7,2.1,36,0,2013
26,Kemba WalkerCHA,PG,82,34.9,17.7,6.4,15.2,42.3,1.3,4.0,32.2,3.6,4.5,79.8,3.5,5.7,2.0,0.4,2.4,5,0,2013
27,Jrue HolidayPHI,PG,78,37.5,17.7,7.1,16.5,43.1,1.2,3.2,36.8,2.3,3.1,75.2,4.2,8.0,1.6,0.4,3.7,20,1,2013
28,Brandon JenningsMIL,G,80,36.2,17.5,6.2,15.6,39.9,2.2,5.8,37.5,2.9,3.5,81.9,3.1,6.5,1.6,0.1,2.5,13,0,2013
29,Josh SmithATL,PF,76,35.3,17.5,7.2,15.6,46.5,0.8,2.6,30.3,2.2,4.2,51.7,8.4,4.2,1.2,1.8,3.0,29,0,2013
30,Paul GeorgeIND,SG,79,37.6,17.4,6.2,14.9,41.9,2.2,5.9,36.2,2.8,3.5,80.7,7.6,4.1,1.8,0.6,2.9,23,1,2013
31,Al HorfordATL,C,74,37.2,17.4,7.8,14.3,54.3,0.0,0.1,50.0,1.8,2.8,64.4,10.2,3.2,1.1,1.1,2.0,43,0,2013
32,Dirk NowitzkiDAL,F,53,31.3,17.3,6.5,13.7,47.1,1.2,3.0,41.4,3.1,3.6,86.0,6.8,2.5,0.7,0.7,1.3,6,0,2013
33,David WestIND,F,73,33.4,17.1,6.9,13.8,49.8,0.1,0.3,21.1,3.3,4.3,76.8,7.7,2.9,1.0,0.9,2.2,16,1,2013
34,DeMarcus CousinsSAC,C,75,30.5,17.1,6.4,13.8,46.5,0.1,0.3,18.2,4.2,5.6,73.8,9.9,2.7,1.4,0.7,3.0,35,1,2013
35,Dwight HowardLAL,C,76,35.8,17.1,6.2,10.7,57.8,0.0,0.1,16.7,4.7,9.5,49.2,12.4,1.4,1.1,2.4,3.0,48,0,2013
36,Eric GordonNO,SG,42,30.1,17.0,5.6,13.9,40.2,1.3,4.1,32.4,4.5,5.3,84.2,1.8,3.3,1.1,0.2,2.8,0,0,2013
37,Chris PaulLAC,PG,70,33.4,16.9,5.9,12.2,48.1,1.1,3.3,32.8,4.1,4.6,88.5,3.7,9.7,2.4,0.1,2.3,31,0,2013
38,Ty LawsonDEN,G,73,34.4,16.7,6.1,13.3,46.1,1.2,3.2,36.6,3.2,4.3,75.6,2.7,6.9,1.5,0.1,2.5,9,0,2013
39,Chris BoshMIA,PF,74,33.2,16.6,6.6,12.3,53.5,0.3,1.0,28.4,3.3,4.1,79.8,6.8,1.7,0.9,1.4,1.7,15,0,2013
40,Klay ThompsonGS,SG,82,35.8,16.6,6.2,14.7,42.2,2.6,6.4,40.1,1.6,1.9,84.1,3.7,2.2,1.0,0.5,1.9,0,0,2013
41,Arron AfflaloORL,G,64,36.0,16.5,6.2,14.1,43.9,1.1,3.8,30.0,3.0,3.5,85.7,3.7,3.2,0.6,0.2,2.2,0,0,2013
42,Jamal CrawfordLAC,G,76,29.3,16.5,5.9,13.4,43.8,2.0,5.2,37.6,2.8,3.3,87.1,1.7,2.5,1.0,0.2,1.9,0,0,2013
43,Luol DengCHI,F,75,38.7,16.5,6.2,14.6,42.6,1.0,3.1,32.2,3.1,3.8,81.6,6.3,3.0,1.1,0.4,1.9,9,0,2013
44,Nikola PekovicMIN,C,62,31.6,16.3,6.2,12.0,52.0,0.0,0.0,0.0,3.9,5.2,74.4,8.8,0.9,0.7,0.8,1.6,26,0,2013
45,Joe JohnsonBKN,G,72,36.7,16.3,6.2,14.6,42.3,2.1,5.5,37.5,1.8,2.2,82.0,3.0,3.5,0.7,0.2,1.7,0,0,2013
46,Carlos BoozerCHI,PF,79,32.2,16.2,6.9,14.4,47.7,0.0,0.0,0.0,2.4,3.3,73.1,9.8,2.3,0.8,0.4,2.2,44,0,2013
47,Danilo GallinariDEN,PF,71,32.5,16.2,5.1,12.3,41.8,1.9,5.1,37.3,4.0,4.9,82.2,5.2,2.5,0.9,0.5,1.6,2,0,2013
48,Ryan AndersonNO,PF,81,30.9,16.2,5.8,13.8,42.3,2.6,6.9,38.2,1.9,2.2,84.4,6.4,1.2,0.5,0.4,1.2,11,0,2013
49,Greg MonroeDET,C,81,33.2,16.0,6.3,13.1,48.6,0.0,0.0,0.0,3.3,4.8,68.9,9.6,3.5,1.3,0.7,2.9,37,1,2013
50,Gerald HendersonCHA,SG,68,31.4,15.5,5.6,12.6,44.7,0.5,1.5,33.0,3.8,4.6,82.4,3.7,2.6,1.0,0.5,1.6,2,0,2013
1,Kevin DurantOKC,PF,81,38.5,32.0,10.5,20.8,50.3,2.4,6.1,39.1,8.7,9.9,87.3,7.4,5.5,1.3,0.7,3.5,27,3,2014
2,Carmelo AnthonyNY,PF,77,38.7,27.4,9.6,21.3,45.2,2.2,5.4,40.2,6.0,7.0,84.8,8.1,3.1,1.2,0.7,2.6,22,0,2014
3,LeBron JamesMIA,SF,77,37.7,27.1,10.0,17.6,56.7,1.5,4.0,37.9,5.7,7.6,75.0,6.9,6.4,1.6,0.3,3.5,12,1,2014
4,Kevin LoveMIN,PF,77,36.3,26.1,8.4,18.5,45.7,2.5,6.6,37.6,6.8,8.2,82.1,12.5,4.4,0.8,0.5,2.5,65,3,2014
5,James HardenHOU,SG,73,38.0,25.4,7.5,16.5,45.6,2.4,6.6,36.6,7.9,9.1,86.6,4.7,6.1,1.6,0.4,3.6,14,1,2014
6,Blake GriffinLAC,PF,80,35.8,24.1,9.0,17.0,52.8,0.2,0.6,27.3,6.0,8.4,71.5,9.5,3.9,1.2,0.6,2.8,43,1,2014
7,Stephen CurryGS,PG,78,36.5,24.0,8.4,17.7,47.1,3.3,7.9,42.4,3.9,4.5,88.5,4.3,8.5,1.6,0.2,3.8,28,4,2014
8,LaMarcus AldridgePOR,C,69,36.2,23.2,9.4,20.6,45.8,0.0,0.2,20.0,4.3,5.2,82.2,11.1,2.6,0.9,1.0,1.8,40,0,2014
9,DeMarcus CousinsSAC,C,71,32.4,22.7,8.3,16.8,49.6,0.0,0.1,0.0,6.1,8.4,72.6,11.7,2.9,1.5,1.3,3.5,53,0,2014
10,DeMar DeRozanTOR,SF,79,38.2,22.7,7.6,17.8,42.9,0.8,2.7,30.5,6.6,8.0,82.4,4.3,4.0,1.1,0.4,2.2,2,0,2014
11,Al JeffersonCHA,C,73,35.0,21.8,9.6,18.8,50.9,0.0,0.2,20.0,2.6,3.8,69.0,10.8,2.1,0.9,1.1,1.7,42,0,2014
12,Russell WestbrookOKC,PG,46,30.7,21.8,7.5,17.2,43.7,1.5,4.7,31.8,5.3,6.4,82.6,5.7,6.9,1.9,0.2,3.8,11,2,2014
13,Paul GeorgeIND,SG,80,36.2,21.7,7.2,17.0,42.4,2.3,6.3,36.4,5.0,5.8,86.4,6.8,3.5,1.9,0.3,2.8,12,1,2014
14,Dirk NowitzkiDAL,F,80,32.9,21.7,7.9,15.9,49.7,1.6,4.1,39.8,4.2,4.7,89.9,6.2,2.7,0.9,0.6,1.5,6,0,2014
15,Kyrie IrvingCLE,PG,71,35.2,20.8,7.5,17.4,43.0,1.7,4.8,35.8,4.1,4.8,86.1,3.6,6.1,1.5,0.3,2.7,7,1,2014
16,Anthony DavisNO,PF,67,35.2,20.8,7.8,15.0,51.9,0.0,0.1,22.2,5.2,6.6,79.1,10.0,1.6,1.3,2.8,1.6,36,0,2014
17,Brook LopezBKN,C,17,31.4,20.7,7.6,13.5,56.3,0.0,0.1,0.0,5.5,6.8,81.7,6.0,0.9,0.5,1.8,1.6,0,0,2014
18,Damian LillardPOR,PG,82,35.8,20.7,6.7,15.9,42.4,2.7,6.8,39.4,4.5,5.2,87.1,3.5,5.6,0.8,0.3,2.4,6,0,2014
19,Isaiah ThomasSAC,G,72,34.7,20.3,6.9,15.2,45.3,1.8,5.1,34.9,4.8,5.7,85.0,2.9,6.3,1.3,0.1,3.0,7,1,2014
20,Goran DragicPHX,PG,76,35.1,20.3,7.3,14.4,50.5,1.6,3.9,40.8,4.2,5.5,76.0,3.2,5.9,1.4,0.3,2.8,7,0,2014
21,Rudy GaySAC/TOR,SF,73,34.7,20.0,7.4,16.2,45.5,0.9,2.7,33.0,4.4,5.3,82.2,6.0,2.9,1.3,0.8,3.1,11,0,2014
22,Ryan AndersonNO,PF,22,36.1,19.8,7.0,16.1,43.8,3.0,7.5,40.9,2.7,2.8,95.2,6.5,0.8,0.5,0.3,0.9,4,0,2014
23,John WallWSH,PG,82,36.3,19.3,7.1,16.3,43.3,1.3,3.8,35.1,3.9,4.8,80.5,4.1,8.8,1.8,0.5,3.6,29,2,2014
24,Chris PaulLAC,PG,62,35.0,19.1,6.5,14.0,46.7,1.3,3.4,36.8,4.8,5.6,85.5,4.3,10.7,2.5,0.1,2.3,39,0,2014
25,Kevin MartinMIN,SG,68,32.0,19.1,6.5,15.0,43.0,1.7,4.4,38.7,4.5,5.0,89.1,3.0,1.8,1.0,0.1,1.6,1,0,2014
26,Dwyane WadeMIA,G,54,32.9,19.0,7.7,14.1,54.5,0.2,0.6,28.1,3.5,4.8,73.3,4.5,4.7,1.5,0.5,3.0,4,0,2014
27,Monta EllisDAL,SG,82,36.9,19.0,7.0,15.6,45.1,0.8,2.5,33.0,4.1,5.2,78.8,3.6,5.7,1.7,0.3,3.2,6,0,2014
28,Jamal CrawfordLAC,G,69,30.3,18.6,6.1,14.7,41.6,2.3,6.5,36.1,4.0,4.7,86.6,2.3,3.2,0.9,0.2,2.0,2,0,2014
29,Al HorfordATL,C,29,33.0,18.6,8.2,14.5,56.7,0.1,0.4,36.4,2.0,2.9,68.2,8.4,2.6,0.9,1.5,2.2,9,0,2014
30,Klay ThompsonGS,SG,81,35.4,18.4,6.9,15.5,44.4,2.8,6.6,41.7,1.8,2.3,79.5,3.1,2.2,0.9,0.5,1.7,1,0,2014
31,Dwight HowardHOU,C,71,33.7,18.3,6.7,11.3,59.1,0.0,0.1,28.6,4.9,9.0,54.7,12.2,1.8,0.8,1.8,3.2,47,0,2014
32,Arron AfflaloORL,G,73,35.0,18.2,6.4,13.8,45.9,1.8,4.1,42.7,3.8,4.6,81.5,3.6,3.4,0.5,0.0,2.0,1,0,2014
33,David LeeGS,PF,69,33.2,18.2,7.4,14.2,52.3,0.0,0.0,0.0,3.3,4.3,78.0,9.3,2.1,0.7,0.4,2.2,34,0,2014
34,Paul MillsapATL,PF,74,33.5,17.9,6.5,14.1,46.1,1.0,2.9,35.8,3.9,5.3,73.1,8.5,3.1,1.7,1.1,2.5,30,1,2014
35,Kyle LowryTOR,PG,79,36.2,17.9,5.8,13.7,42.3,2.4,6.3,38.0,4.0,4.9,81.3,4.7,7.4,1.5,0.2,2.5,18,2,2014
35,Thaddeus YoungPHI,PF,79,34.4,17.9,7.4,16.2,45.4,1.1,3.7,30.8,2.1,2.9,71.2,6.0,2.3,2.1,0.5,2.1,11,0,2014
37,Brandon KnightMIL,PG,72,33.3,17.9,6.4,15.2,42.2,1.5,4.7,32.5,3.6,4.5,80.2,3.5,4.9,1.0,0.2,2.6,4,0,2014
38,Nick YoungLAL,G,64,28.3,17.9,6.0,13.9,43.5,2.1,5.5,38.6,3.7,4.5,82.5,2.6,1.5,0.7,0.2,1.5,0,0,2014
39,Eric BledsoePHX,SG,43,32.9,17.7,6.2,12.9,47.7,1.2,3.3,35.7,4.3,5.5,77.2,4.7,5.5,1.6,0.3,3.3,4,0,2014
40,Kemba WalkerCHA,PG,73,35.8,17.7,6.2,15.7,39.3,1.5,4.5,33.3,3.9,4.6,83.7,4.2,6.1,1.2,0.4,2.3,9,1,2014
41,Ty LawsonDEN,G,62,35.8,17.6,5.6,13.0,43.1,1.2,3.3,35.6,5.2,6.5,79.8,3.5,8.8,1.6,0.2,3.2,23,0,2014
42,Nikola PekovicMIN,C,54,30.8,17.4,7.0,13.0,54.0,0.0,0.0,0.0,3.4,4.6,74.7,8.7,0.9,0.6,0.4,1.6,23,0,2014
43,Zach RandolphMEM,F,79,34.2,17.4,7.1,15.2,46.7,0.0,0.3,10.0,3.2,4.3,74.2,10.1,2.5,0.7,0.3,2.3,47,0,2014
44,Pau GasolLAL,PF,60,31.4,17.4,7.1,14.8,48.0,0.1,0.2,28.6,3.1,4.2,73.6,9.7,3.4,0.5,1.5,2.4,30,0,2014
45,Mike ConleyMEM,PG,73,33.5,17.2,6.3,14.1,45.0,1.4,4.0,36.1,3.1,3.8,81.5,2.9,6.0,1.5,0.2,2.1,5,0,2014
46,Bradley BealWSH,SG,73,34.7,17.1,6.6,15.7,41.9,1.9,4.7,40.2,2.0,2.6,78.8,3.7,3.3,1.0,0.2,1.8,1,0,2014
47,Jeff GreenBOS,PF,82,34.2,16.9,5.9,14.3,41.2,1.6,4.8,34.1,3.5,4.3,79.5,4.6,1.7,0.7,0.6,2.0,2,0,2014
48,Tony ParkerSA,G,68,29.4,16.7,6.7,13.4,49.9,0.4,1.0,37.3,2.9,3.6,81.1,2.3,5.7,0.5,0.1,2.2,2,0,2014
49,Michael Carter-WilliamsPHI,PG,70,34.5,16.7,6.1,15.1,40.5,0.8,3.0,26.4,3.7,5.2,70.3,6.2,6.3,1.9,0.6,3.5,16,2,2014
50,Chandler ParsonsHOU,SF,74,37.6,16.6,6.3,13.3,47.2,1.8,4.7,37.0,2.2,3.0,74.2,5.5,4.0,1.2,0.4,1.9,7,0,2014
1,Russell WestbrookOKC,PG,67,34.4,28.1,9.4,22.0,42.6,1.3,4.3,29.9,8.1,9.8,83.5,7.3,8.6,2.1,0.2,4.4,31,11,2015
2,James HardenHOU,SG,81,36.8,27.4,8.0,18.1,44.0,2.6,6.9,37.5,8.8,10.2,86.8,5.7,7.0,1.9,0.7,4.0,21,4,2015
3,Kevin DurantOKC,PF,27,33.8,25.4,8.8,17.3,51.0,2.4,5.9,40.3,5.4,6.3,85.4,6.6,4.1,0.9,0.9,2.7,5,0,2015
4,LeBron JamesCLE,SF,69,36.1,25.3,9.0,18.5,48.8,1.7,4.9,35.4,5.4,7.7,71.0,6.0,7.4,1.6,0.7,3.9,22,2,2015
5,Anthony DavisNO,PF,68,36.1,24.4,9.4,17.6,53.5,0.0,0.2,8.3,5.5,6.8,80.5,10.2,2.2,1.5,2.9,1.4,42,0,2015
6,Carmelo AnthonyNY,PF,40,35.7,24.2,9.0,20.2,44.4,1.5,4.5,34.1,4.7,5.9,79.7,6.6,3.1,1.0,0.4,2.2,5,0,2015
7,DeMarcus CousinsSAC,C,59,34.1,24.1,8.4,18.1,46.7,0.0,0.1,25.0,7.2,9.2,78.2,12.7,3.6,1.5,1.7,4.3,47,2,2015
8,Stephen CurryGS,PG,80,32.7,23.8,8.2,16.8,48.7,3.6,8.1,44.3,3.9,4.2,91.4,4.3,7.7,2.0,0.2,3.1,23,0,2015
9,LaMarcus AldridgePOR,C,71,35.4,23.4,9.3,19.9,46.6,0.5,1.5,35.2,4.3,5.1,84.5,10.2,1.7,0.7,1.0,1.7,39,0,2015
10,Kobe BryantLAL,SF,35,34.5,22.3,7.6,20.4,37.3,1.5,5.3,29.3,5.6,6.9,81.3,5.7,5.6,1.3,0.2,3.7,4,2,2015
11,Blake GriffinLAC,PF,67,35.2,21.9,8.6,17.1,50.2,0.1,0.4,40.0,4.6,6.4,72.8,7.6,5.3,0.9,0.5,2.3,18,0,2015
12,Kyrie IrvingCLE,PG,75,36.4,21.7,7.7,16.5,46.8,2.1,5.0,41.5,4.2,4.9,86.3,3.2,5.2,1.5,0.3,2.5,6,0,2015
13,Klay ThompsonGS,SG,77,31.9,21.7,7.8,16.9,46.3,3.1,7.1,43.9,2.9,3.3,87.9,3.2,2.9,1.1,0.8,1.9,1,0,2015
14,Dwyane WadeMIA,G,62,31.8,21.5,8.2,17.5,47.0,0.5,1.6,28.4,4.6,6.0,76.8,3.5,4.8,1.2,0.3,3.4,3,0,2015
15,Chris BoshMIA,PF,44,35.4,21.1,7.8,16.9,46.0,1.4,3.8,37.5,4.1,5.3,77.2,7.0,2.2,0.9,0.6,2.2,7,0,2015
16,Rudy GaySAC,SF,68,35.4,21.1,7.5,16.4,45.5,1.2,3.2,35.9,5.0,5.8,85.8,5.9,3.7,1.0,0.6,2.7,2,0,2015
17,Damian LillardPOR,PG,82,35.7,21.0,7.2,16.6,43.4,2.4,7.0,34.3,4.2,4.9,86.4,4.6,6.2,1.2,0.3,2.7,6,0,2015
18,DeMar DeRozanTOR,SF,60,35.0,20.1,6.8,16.5,41.3,0.4,1.5,28.4,6.0,7.2,83.2,4.6,3.5,1.2,0.2,2.3,4,0,2015
19,Jimmy ButlerCHI,SF,65,38.7,20.0,6.5,14.0,46.2,1.1,3.0,37.8,5.9,7.1,83.4,5.8,3.3,1.8,0.6,1.4,4,0,2015
20,Kevin MartinMIN,SG,39,33.4,20.0,6.8,16.0,42.7,1.9,4.9,39.3,4.4,4.9,88.1,3.6,2.3,0.8,0.0,1.9,0,0,2015
21,Nikola VucevicORL,C,74,34.2,19.3,8.5,16.3,52.3,0.0,0.1,33.3,2.2,2.9,75.2,10.9,2.0,0.7,0.7,2.0,45,0,2015
22,Gordon HaywardUTAH,SF,76,34.4,19.3,6.4,14.3,44.5,1.6,4.3,36.4,4.9,6.1,81.2,4.9,4.1,1.4,0.4,2.7,2,0,2015
23,Chris PaulLAC,PG,82,34.8,19.1,6.9,14.3,48.5,1.7,4.3,39.8,3.5,3.9,90.0,4.6,10.2,1.9,0.2,2.3,40,1,2015
24,Monta EllisDAL,SG,80,33.7,18.9,7.5,16.9,44.5,1.0,3.6,28.5,2.9,3.8,75.2,2.4,4.1,1.9,0.3,2.5,3,0,2015
25,Pau GasolCHI,PF,78,34.4,18.5,7.3,14.8,49.4,0.2,0.3,46.2,3.8,4.7,80.3,11.8,2.7,0.3,1.9,2.0,54,0,2015
26,Victor OladipoORL,SG,72,35.7,17.9,6.6,15.1,43.6,1.2,3.4,33.9,3.6,4.4,81.9,4.2,4.1,1.7,0.3,2.8,3,0,2015
27,Kyle LowryTOR,PG,70,34.5,17.8,6.1,14.9,41.2,1.9,5.6,33.8,3.6,4.5,80.8,4.7,6.8,1.6,0.2,2.5,13,2,2015
28,Derrick RoseCHI,PG,51,30.0,17.7,6.6,16.4,40.5,1.5,5.3,28.0,3.0,3.7,81.3,3.2,4.9,0.7,0.3,3.2,4,0,2015
29,John WallWSH,PG,79,35.9,17.6,6.6,14.8,44.5,0.8,2.7,30.0,3.6,4.6,78.5,4.6,10.0,1.7,0.6,3.8,40,0,2015
30,Marc GasolMEM,C,81,33.2,17.4,6.5,13.2,49.4,0.0,0.2,17.6,4.3,5.4,79.5,7.8,3.8,0.9,1.6,2.2,20,0,2015
31,Kemba WalkerCHA,PG,62,34.2,17.3,6.1,15.8,38.5,1.4,4.5,30.4,3.8,4.6,82.7,3.5,5.1,1.4,0.5,1.6,4,0,2015
32,Dirk NowitzkiDAL,F,77,29.6,17.3,6.3,13.8,45.9,1.4,3.6,38.0,3.3,3.8,88.2,5.9,1.9,0.5,0.4,1.1,6,0,2015
33,Brook LopezBKN,C,72,29.2,17.2,7.0,13.7,51.3,0.0,0.1,10.0,3.1,3.8,81.4,7.4,0.7,0.6,1.8,1.4,17,0,2015
34,Tobias HarrisORL,PF,68,34.8,17.1,6.5,14.0,46.6,1.3,3.5,36.4,2.8,3.6,78.8,6.3,1.8,1.0,0.5,1.7,11,0,2015
35,Eric BledsoePHX,SG,81,34.6,17.0,5.8,12.9,44.7,1.1,3.4,32.4,4.4,5.4,80.0,5.2,6.1,1.6,0.6,3.4,13,2,2015
36,Brandon KnightMIL/PHX,PG,63,32.3,17.0,6.0,14.1,42.2,2.0,5.1,38.9,3.1,3.5,87.4,3.9,5.2,1.4,0.2,3.0,2,0,2015
37,Andrew WigginsMIN,SF,82,36.2,16.9,6.1,13.9,43.7,0.5,1.5,31.0,4.3,5.7,76.0,4.6,2.1,1.0,0.6,2.2,2,0,2015
38,Tony WrotenPHI,SG,30,29.8,16.9,5.8,14.5,40.3,1.2,4.7,26.1,4.0,6.0,66.7,2.9,5.2,1.6,0.3,3.8,2,0,2015
39,Paul MillsapATL,PF,73,32.7,16.7,6.1,12.7,47.6,1.1,3.0,35.6,3.5,4.6,75.7,7.8,3.1,1.8,0.9,2.3,15,0,2015
40,Al JeffersonCHA,C,65,30.6,16.6,7.5,15.5,48.1,0.0,0.1,40.0,1.7,2.5,65.5,8.4,1.7,0.7,1.3,1.0,22,0,2015
41,Tyreke EvansNO,G,79,34.1,16.6,6.6,14.7,44.7,0.9,2.9,30.4,2.6,3.7,69.4,5.3,6.6,1.3,0.5,3.1,18,1,2015
42,Kawhi LeonardSA,SF,64,31.8,16.5,6.2,12.8,47.9,1.0,3.0,34.9,3.2,3.9,80.2,7.2,2.5,2.3,0.8,1.5,14,0,2015
43,Isaiah ThomasBOS/PHX,G,67,25.8,16.4,5.0,11.9,42.1,1.9,5.2,37.3,4.5,5.2,86.8,2.3,4.2,0.9,0.1,2.1,0,0,2015
44,Kevin LoveCLE,PF,75,33.8,16.4,5.5,12.7,43.4,1.9,5.2,36.7,3.4,4.3,80.4,9.7,2.2,0.7,0.5,1.6,38,0,2015
45,JJ RedickLAC,SG,78,30.9,16.4,5.7,12.0,47.7,2.6,5.9,43.7,2.3,2.6,90.1,2.1,1.8,0.5,0.1,1.2,0,0,2015
46,Goran DragicMIA/PHX,PG,78,33.8,16.3,6.4,12.8,50.1,1.2,3.3,34.7,2.3,3.0,77.3,3.5,4.5,1.0,0.2,2.2,4,0,2015
47,Darren CollisonSAC,PG,45,34.8,16.1,5.8,12.2,47.3,1.3,3.6,37.3,3.2,4.1,78.8,3.2,5.6,1.5,0.3,2.5,3,0,2015
48,Zach RandolphMEM,F,71,32.5,16.1,6.4,13.1,48.7,0.1,0.3,35.0,3.2,4.2,76.5,10.5,2.2,1.0,0.2,2.2,38,0,2015
49,George HillIND,PG,43,29.5,16.1,5.9,12.4,47.7,1.6,4.5,35.8,2.6,3.3,79.0,4.2,5.1,1.0,0.3,1.6,2,1,2015
50,Derrick FavorsUTAH,F,74,30.8,16.0,6.5,12.4,52.5,0.0,0.1,16.7,3.0,4.5,66.9,8.2,1.5,0.8,1.7,1.6,23,0,2015
1,Stephen CurryGS,PG,79,34.2,30.1,10.2,20.2,50.4,5.1,11.2,45.4,4.6,5.1,90.8,5.4,6.7,2.1,0.2,3.3,15,2,2016
2,James HardenHOU,SG,82,38.1,29.0,8.7,19.7,43.9,2.9,8.0,35.9,8.8,10.2,86.0,6.1,7.5,1.7,0.6,4.6,23,3,2016
3,Kevin DurantOKC,PF,72,35.8,28.2,9.7,19.2,50.5,2.6,6.7,38.6,6.2,6.9,89.8,8.2,5.0,1.0,1.2,3.5,27,1,2016
4,DeMarcus CousinsSAC,C,65,34.6,26.9,9.2,20.5,45.1,1.1,3.2,33.3,7.3,10.2,71.8,11.5,3.3,1.6,1.4,3.8,47,1,2016
5,LeBron JamesCLE,SF,76,35.6,25.3,9.7,18.6,52.0,1.1,3.7,30.9,4.7,6.5,73.1,7.4,6.8,1.4,0.6,3.3,28,3,2016
6,Damian LillardPOR,PG,75,35.7,25.1,8.2,19.7,41.9,3.1,8.1,37.5,5.5,6.2,89.2,4.0,6.8,0.9,0.4,3.2,15,0,2016
7,Anthony DavisNO,PF,61,35.5,24.3,9.2,18.6,49.3,0.6,1.8,32.4,5.3,7.0,75.8,10.3,1.9,1.3,2.0,2.0,36,0,2016
8,Russell WestbrookOKC,PG,80,34.4,23.5,8.2,18.1,45.4,1.3,4.3,29.6,5.8,7.2,81.2,7.8,10.4,2.0,0.3,4.3,54,18,2016
9,DeMar DeRozanTOR,SF,78,35.9,23.5,7.9,17.7,44.6,0.6,1.8,33.8,7.1,8.4,85.0,4.5,4.0,1.0,0.3,2.2,3,0,2016
10,Paul GeorgeIND,SG,81,34.8,23.1,7.5,17.9,41.8,2.6,7.0,37.1,5.6,6.5,86.0,7.0,4.1,1.9,0.4,3.3,15,0,2016
11,Isaiah ThomasBOS,G,82,32.2,22.2,7.2,16.9,42.8,2.0,5.7,35.9,5.8,6.6,87.1,3.0,6.2,1.1,0.1,2.7,7,0,2016
12,Klay ThompsonGS,SG,80,33.3,22.1,8.1,17.3,47.0,3.5,8.1,42.5,2.4,2.8,87.3,3.8,2.1,0.8,0.6,1.7,0,0,2016
13,Carmelo AnthonyNY,PF,72,35.1,21.8,7.9,18.2,43.4,1.5,4.3,33.9,4.6,5.6,82.9,7.7,4.2,0.9,0.5,2.4,22,0,2016
14,Blake GriffinLAC,PF,35,33.4,21.4,8.6,17.2,49.9,0.2,0.5,33.3,4.0,5.5,72.7,8.4,4.9,0.8,0.5,2.4,13,0,2016
15,Kyle LowryTOR,PG,77,37.0,21.2,6.6,15.6,42.7,2.8,7.1,38.8,5.2,6.4,81.1,4.7,6.4,2.1,0.4,2.9,12,1,2016
16,Kawhi LeonardSA,SF,72,33.1,21.2,7.7,15.1,50.5,1.8,4.0,44.3,4.1,4.6,87.4,6.8,2.6,1.8,1.0,1.5,12,0,2016
17,Jimmy ButlerCHI,SF,67,36.9,20.9,7.0,15.4,45.4,1.0,3.1,31.2,5.9,7.1,83.2,5.3,4.8,1.6,0.6,2.0,10,2,2016
18,Kemba WalkerCHA,PG,81,35.6,20.9,7.0,16.4,42.7,2.2,6.0,37.1,4.6,5.4,84.7,4.4,5.2,1.6,0.5,2.1,3,0,2016
19,CJ McCollumPOR,SG,80,34.8,20.8,8.0,17.9,44.8,2.5,5.9,41.7,2.3,2.8,82.7,3.2,4.3,1.2,0.3,2.5,2,0,2016
20,Andrew WigginsMIN,SF,81,35.1,20.7,7.3,16.0,45.9,0.7,2.3,30.0,5.3,7.0,76.1,3.6,2.0,1.0,0.6,2.2,1,0,2016
21,Brook LopezBKN,C,73,33.7,20.6,8.1,15.8,51.1,0.0,0.2,14.3,4.3,5.5,78.7,7.8,2.0,0.8,1.7,2.4,26,0,2016
22,Eric BledsoePHX,SG,31,34.2,20.4,7.2,15.9,45.3,1.5,4.2,37.2,4.5,5.5,80.2,4.0,6.1,2.0,0.6,3.5,3,0,2016
23,John WallWSH,PG,77,36.2,19.9,7.4,17.5,42.4,1.5,4.3,35.1,3.5,4.5,79.1,4.9,10.2,1.9,0.8,4.1,49,4,2016
24,Gordon HaywardUTAH,SF,80,36.2,19.7,6.5,15.0,43.3,1.8,5.1,34.9,4.9,6.0,82.4,5.0,3.7,1.2,0.3,2.5,4,0,2016
25,Kyrie IrvingCLE,PG,53,31.5,19.6,7.4,16.6,44.8,1.6,4.9,32.1,3.2,3.6,88.5,3.0,4.7,1.1,0.3,2.3,1,0,2016
26,Brandon KnightPHX,PG,52,36.0,19.6,7.1,17.2,41.5,2.3,6.8,34.2,3.0,3.5,85.2,3.9,5.1,1.2,0.4,3.4,4,1,2016
27,Danilo GallinariDEN,PF,53,34.7,19.5,5.4,13.2,41.0,1.6,4.5,36.4,7.1,8.2,86.8,5.3,2.5,0.8,0.4,1.5,3,0,2016
28,Chris PaulLAC,PG,74,32.7,19.5,7.0,15.1,46.2,1.6,4.4,37.1,4.0,4.4,89.6,4.2,10.0,2.1,0.2,2.6,38,0,2016
29,Chris BoshMIA,PF,53,33.5,19.1,6.8,14.5,46.7,1.5,4.2,36.5,4.0,5.1,79.5,7.4,2.4,0.7,0.6,1.5,15,0,2016
30,Dwyane WadeMIA,G,74,30.5,19.0,7.3,16.0,45.6,0.1,0.6,15.9,4.4,5.5,79.3,4.1,4.6,1.1,0.6,2.7,2,0,2016
31,Reggie JacksonDET,PG,79,30.7,18.8,6.8,15.7,43.4,1.5,4.2,35.3,3.7,4.3,86.3,3.2,6.2,0.7,0.1,2.8,9,0,2016
32,Karl-Anthony TownsMIN,C,82,32.0,18.3,7.6,14.1,54.2,0.4,1.1,34.1,2.7,3.4,81.1,10.5,2.0,0.7,1.7,2.2,51,0,2016
33,Dirk NowitzkiDAL,F,75,31.5,18.3,6.6,14.8,44.8,1.7,4.6,36.8,3.3,3.7,89.3,6.5,1.8,0.7,0.7,1.1,10,0,2016
34,Nikola VucevicORL,C,65,31.3,18.2,8.2,16.1,51.0,0.0,0.1,22.2,1.7,2.3,75.3,8.9,2.8,0.8,1.1,1.9,29,0,2016
35,Khris MiddletonMIL,SF,79,36.1,18.2,6.4,14.5,44.4,1.8,4.6,39.6,3.5,3.9,88.8,3.8,4.2,1.7,0.2,2.3,1,0,2016
36,LaMarcus AldridgeSA,C,74,30.6,18.0,7.2,14.1,51.3,0.0,0.2,0.0,3.5,4.1,85.8,8.5,1.5,0.5,1.1,1.3,26,0,2016
37,Kobe BryantLAL,SF,66,28.2,17.6,6.0,16.9,35.8,2.0,7.1,28.5,3.5,4.3,82.6,3.7,2.8,0.9,0.2,2.0,2,0,2016
38,Jahlil OkaforPHI,C,53,30.0,17.5,7.5,14.7,50.8,0.0,0.1,16.7,2.5,3.7,68.6,7.0,1.2,0.4,1.2,2.3,11,0,2016
39,Bradley BealWSH,SG,55,31.1,17.4,6.5,14.5,44.9,1.9,4.9,38.7,2.5,3.2,76.7,3.4,2.9,1.0,0.2,2.0,0,0,2016
40,Rudy GaySAC,SF,70,34.0,17.2,6.7,14.4,46.3,1.1,3.1,34.4,2.8,3.6,78.0,6.5,1.7,1.4,0.7,2.0,7,0,2016
41,Paul MillsapATL,PF,81,32.7,17.1,6.2,13.2,47.0,0.9,2.9,31.9,3.8,5.0,75.7,9.0,3.3,1.8,1.7,2.4,32,0,2016
42,Ryan AndersonNO,PF,66,30.4,17.0,6.0,14.1,42.7,2.0,5.4,36.6,3.0,3.5,87.3,6.0,1.1,0.6,0.4,1.4,8,0,2016
43,Giannis AntetokounmpoMIL,PF,80,35.3,16.9,6.4,12.7,50.6,0.4,1.4,25.7,3.7,5.1,72.4,7.7,4.3,1.2,1.4,2.6,21,5,2016
44,Jrue HolidayNO,PG,65,28.2,16.8,6.3,14.4,43.8,1.3,4.0,33.6,2.8,3.3,84.3,3.0,6.0,1.4,0.3,2.6,5,0,2016
45,Marc GasolMEM,C,52,34.4,16.6,6.3,13.6,46.4,0.0,0.1,66.7,3.9,4.7,82.9,7.0,3.8,1.0,1.3,2.3,9,1,2016
46,Pau GasolCHI,PF,72,31.8,16.5,6.5,13.8,46.9,0.3,1.0,34.8,3.2,4.0,79.2,11.0,4.1,0.6,2.0,2.3,46,2,2016
47,Derrick FavorsUTAH,F,62,32.0,16.4,6.7,13.1,51.5,0.0,0.1,0.0,2.9,4.1,70.9,8.1,1.5,1.2,1.5,1.7,19,0,2016
48,Derrick RoseCHI,PG,66,31.8,16.4,6.8,15.9,42.7,0.7,2.3,29.3,2.2,2.7,79.3,3.4,4.7,0.7,0.2,2.7,1,0,2016
49,JJ RedickLAC,SG,75,28.0,16.3,5.6,11.7,48.0,2.7,5.6,47.5,2.4,2.7,88.8,1.9,1.4,0.6,0.1,1.0,0,0,2016
50,Andre DrummondDET,C,81,32.9,16.2,6.8,13.1,52.1,0.0,0.1,33.3,2.6,7.2,35.5,14.8,0.8,1.5,1.4,1.9,66,0,2016
1,Russell WestbrookOKC,PG,81,34.6,31.6,10.2,24.0,42.5,2.5,7.2,34.3,8.8,10.4,84.5,10.7,10.4,1.6,0.4,5.4,62,42,2017
2,James HardenHOU,SG,81,36.4,29.1,8.3,18.9,44.0,3.2,9.3,34.7,9.2,10.9,84.7,8.1,11.2,1.5,0.5,5.7,64,22,2017
3,Isaiah ThomasBOS,G,76,33.8,28.9,9.0,19.4,46.3,3.2,8.5,37.9,7.8,8.5,90.9,2.7,5.9,0.9,0.2,2.8,5,0,2017
4,Anthony DavisNO,PF,75,36.1,28.0,10.3,20.3,50.5,0.5,1.8,29.9,6.9,8.6,80.2,11.8,2.1,1.3,2.2,2.4,49,0,2017
5,DeMar DeRozanTOR,SF,74,35.4,27.3,9.7,20.9,46.7,0.4,1.7,26.6,7.4,8.7,84.2,5.2,3.9,1.1,0.2,2.4,5,0,2017
6,Damian LillardPOR,PG,75,35.9,27.0,8.8,19.8,44.4,2.9,7.7,37.0,6.5,7.3,89.5,4.9,5.9,0.9,0.3,2.6,11,0,2017
7,DeMarcus CousinsSAC/NO,C,72,34.2,27.0,9.0,19.9,45.2,1.8,5.0,36.1,7.2,9.3,77.2,11.0,4.6,1.4,1.3,3.7,46,2,2017
8,LeBron JamesCLE,SF,74,37.8,26.4,9.9,18.2,54.8,1.7,4.6,36.3,4.8,7.2,67.4,8.6,8.7,1.2,0.6,4.1,42,13,2017
9,Kawhi LeonardSA,SF,74,33.4,25.5,8.6,17.7,48.5,2.0,5.2,38.0,6.3,7.2,88.0,5.8,3.5,1.8,0.7,2.1,9,0,2017
10,Stephen CurryGS,PG,79,33.4,25.3,8.5,18.3,46.8,4.1,10.0,41.1,4.1,4.6,89.8,4.5,6.6,1.8,0.2,3.0,9,0,2017
11,Kyrie IrvingCLE,PG,72,35.1,25.2,9.3,19.7,47.3,2.5,6.1,40.1,4.1,4.6,90.5,3.2,5.8,1.2,0.3,2.5,8,0,2017
12,Karl-Anthony TownsMIN,C,82,37.0,25.1,9.8,18.0,54.2,1.2,3.4,36.7,4.3,5.2,83.2,12.3,2.7,0.7,1.3,2.6,62,1,2017
13,Kevin DurantGS,PF,62,33.4,25.1,8.9,16.5,53.7,1.9,5.0,37.5,5.4,6.2,87.5,8.3,4.8,1.1,1.6,2.2,23,1,2017
14,Jimmy ButlerCHI,SF,76,37.0,23.9,7.5,16.5,45.5,1.2,3.3,36.7,7.7,8.9,86.5,6.2,5.5,1.9,0.4,2.1,15,2,2017
15,Paul GeorgeIND,SG,75,35.9,23.7,8.3,18.0,46.1,2.6,6.6,39.3,4.5,5.0,89.8,6.6,3.3,1.6,0.4,2.9,11,0,2017
16,Andrew WigginsMIN,SF,82,37.2,23.6,8.6,19.1,45.2,1.3,3.5,35.6,5.0,6.6,76.0,4.0,2.3,1.0,0.4,2.3,1,0,2017
17,Kemba WalkerCHA,PG,79,34.7,23.2,8.1,18.3,44.4,3.0,7.6,39.9,3.8,4.5,84.7,3.9,5.5,1.1,0.3,2.1,8,0,2017
18,John WallWSH,PG,78,36.4,23.1,8.3,18.4,45.1,1.1,3.5,32.7,5.4,6.8,80.1,4.2,10.7,2.0,0.6,4.1,50,0,2017
19,Bradley BealWSH,SG,77,34.9,23.1,8.3,17.2,48.2,2.9,7.2,40.4,3.7,4.4,82.5,3.1,3.5,1.1,0.3,2.0,1,0,2017
20,CJ McCollumPOR,SG,80,35.0,23.0,8.7,18.0,48.0,2.3,5.5,42.1,3.4,3.7,91.2,3.6,3.6,0.9,0.5,2.2,1,0,2017
21,Giannis AntetokounmpoMIL,PF,80,35.6,22.9,8.2,15.7,52.1,0.6,2.3,27.2,5.9,7.7,77.0,8.8,5.4,1.6,1.9,2.9,32,3,2017
22,Carmelo AnthonyNY,PF,74,34.3,22.4,8.1,18.8,43.3,2.0,5.7,35.9,4.1,4.9,83.3,5.9,2.9,0.8,0.4,2.1,7,0,2017
23,Kyle LowryTOR,PG,60,37.4,22.4,7.1,15.3,46.4,3.2,7.8,41.2,5.0,6.1,81.9,4.8,7.0,1.5,0.3,2.9,11,1,2017
24,Klay ThompsonGS,SG,78,34.0,22.3,8.3,17.6,46.8,3.4,8.3,41.4,2.4,2.8,85.3,3.7,2.1,0.8,0.5,1.6,0,0,2017
25,Devin BookerPHX,SG,78,35.0,22.1,7.8,18.3,42.3,1.9,5.2,36.3,4.7,5.7,83.2,3.2,3.4,0.9,0.3,3.1,0,0,2017
26,Gordon HaywardUTAH,SF,73,34.5,21.9,7.5,15.8,47.1,2.0,5.1,39.8,5.0,5.9,84.4,5.4,3.5,1.0,0.3,1.9,2,0,2017
27,Blake GriffinLAC,PF,61,34.0,21.6,7.9,15.9,49.3,0.6,1.9,33.6,5.2,6.9,76.0,8.1,4.9,0.9,0.4,2.3,19,1,2017
28,Eric BledsoePHX,SG,66,33.0,21.1,6.8,15.7,43.4,1.6,4.7,33.5,5.9,6.9,84.7,4.8,6.3,1.4,0.5,3.4,7,1,2017
29,Brook LopezBKN,C,75,29.6,20.5,7.4,15.6,47.4,1.8,5.2,34.6,3.9,4.9,81.0,5.4,2.3,0.5,1.7,2.5,2,0,2017
30,Mike ConleyMEM,PG,69,33.2,20.5,6.7,14.6,45.9,2.5,6.1,40.7,4.6,5.3,85.9,3.5,6.3,1.3,0.3,2.3,8,0,2017
31,Goran DragicMIA,PG,73,33.7,20.3,7.3,15.4,47.5,1.6,4.0,40.5,4.1,5.2,79.0,3.8,5.8,1.2,0.2,2.9,6,0,2017
32,Joel EmbiidPHI,C,31,25.4,20.2,6.5,13.8,46.6,1.2,3.2,36.7,6.2,7.9,78.3,7.8,2.1,0.9,2.5,3.8,9,0,2017
33,Jabari ParkerMIL,PF,51,33.9,20.1,7.8,16.0,49.0,1.3,3.5,36.5,3.2,4.3,74.3,6.2,2.8,1.0,0.4,1.8,2,0,2017
34,Marc GasolMEM,C,74,34.2,19.5,7.2,15.7,45.9,1.4,3.6,38.8,3.8,4.5,83.7,6.3,4.6,0.9,1.3,2.2,11,2,2017
35,Harrison BarnesDAL,SF,79,35.5,19.2,7.6,16.2,46.8,1.0,2.8,35.1,3.1,3.6,86.1,5.0,1.5,0.8,0.2,1.3,1,0,2017
36,Kevin LoveCLE,PF,60,31.4,19.0,6.2,14.5,42.7,2.4,6.5,37.3,4.3,4.9,87.1,11.1,1.9,0.9,0.4,2.0,41,0,2017
37,Zach LaVineMIN,SG,47,37.2,18.9,6.9,15.1,45.9,2.6,6.6,38.7,2.5,3.0,83.6,3.4,3.0,0.9,0.2,1.8,0,0,2017
38,Rudy GaySAC,SF,30,33.8,18.7,6.7,14.7,45.5,1.4,3.8,37.2,3.9,4.6,85.5,6.3,2.8,1.5,0.9,2.5,4,0,2017
39,Dwyane WadeCHI,G,60,29.9,18.3,6.9,15.9,43.4,0.8,2.4,31.0,3.7,4.7,79.4,4.5,3.8,1.4,0.7,2.3,2,0,2017
40,Danilo GallinariDEN,PF,63,33.9,18.2,5.3,11.9,44.7,2.0,5.1,38.9,5.5,6.1,90.2,5.2,2.1,0.6,0.2,1.3,4,0,2017
41,Kristaps PorzingisNY,C,66,32.8,18.1,6.7,14.9,45.0,1.7,4.8,35.7,3.0,3.8,78.6,7.2,1.5,0.7,2.0,1.8,12,0,2017
42,Chris PaulLAC,PG,61,31.5,18.1,6.1,12.9,47.6,2.0,5.0,41.1,3.8,4.3,89.2,5.0,9.2,2.0,0.1,2.4,24,1,2017
43,Paul MillsapATL,PF,69,34.0,18.1,6.2,14.1,44.2,1.1,3.5,31.1,4.5,5.9,76.8,7.7,3.7,1.3,0.9,2.3,19,0,2017
44,Derrick RoseNY,PG,64,32.5,18.0,7.2,15.3,47.1,0.2,0.9,21.7,3.5,4.0,87.4,3.8,4.4,0.7,0.3,2.3,2,0,2017
45,Dennis SchroderATL,PG,79,31.5,17.9,6.9,15.4,45.1,1.3,3.7,34.0,2.8,3.2,85.5,3.1,6.3,0.9,0.2,3.3,10,0,2017
46,Lou WilliamsLAL/HOU,SG,81,24.6,17.5,5.3,12.3,42.9,2.0,5.5,36.5,5.0,5.6,88.0,2.5,3.0,1.0,0.2,2.0,0,0,2017
47,LaMarcus AldridgeSA,C,72,32.4,17.3,6.9,14.6,47.7,0.3,0.8,41.1,3.1,3.8,81.2,7.3,1.9,0.6,1.2,1.4,18,0,2017
48,Evan FournierORL,SG,68,32.9,17.2,6.0,13.7,43.9,1.9,5.3,35.6,3.3,4.1,80.5,3.1,3.0,1.0,0.1,2.1,1,0,2017
49,Hassan WhitesideMIA,C,77,32.6,17.0,7.0,12.6,55.7,0.0,0.0,0.0,2.9,4.6,62.8,14.1,0.7,0.7,2.1,2.0,58,0,2017
50,George HillUTAH,PG,49,31.5,16.9,5.9,12.4,47.7,1.9,4.8,40.3,3.2,4.0,80.1,3.4,4.2,1.0,0.2,1.7,0,0,2017
1,James HardenHOU,SG,72,35.4,30.4,9.0,20.1,44.9,3.7,10.0,36.7,8.7,10.1,85.8,5.4,8.8,1.8,0.7,4.4,31,4,2018
2,Anthony DavisNO,PF,75,36.4,28.1,10.4,19.5,53.4,0.7,2.2,34.0,6.6,8.0,82.8,11.1,2.3,1.5,2.6,2.2,50,1,2018
3,LeBron JamesCLE,SF,82,36.9,27.5,10.5,19.3,54.2,1.8,5.0,36.7,4.7,6.5,73.1,8.6,9.1,1.4,0.9,4.2,52,18,2018
4,Damian LillardPOR,PG,73,36.6,26.9,8.5,19.4,43.9,3.1,8.6,36.1,6.8,7.4,91.6,4.5,6.6,1.1,0.4,2.8,11,0,2018
5,Giannis AntetokounmpoMIL,PF,75,36.7,26.9,9.9,18.7,52.9,0.6,1.9,30.7,6.5,8.5,76.0,10.0,4.8,1.5,1.4,3.0,42,1,2018
6,Stephen CurryGS,PG,51,32.0,26.4,8.4,16.9,49.5,4.2,9.8,42.3,5.5,5.9,92.1,5.1,6.1,1.6,0.2,3.0,5,0,2018
7,Kevin DurantGS,PF,68,34.2,26.4,9.3,18.0,51.6,2.5,6.1,41.9,5.3,5.9,88.9,6.8,5.4,0.7,1.8,3.0,15,2,2018
8,Russell WestbrookOKC,PG,80,36.4,25.4,9.5,21.1,44.9,1.2,4.1,29.8,5.2,7.1,73.7,10.1,10.3,1.8,0.3,4.8,59,25,2018
9,DeMarcus CousinsNO,C,48,36.2,25.2,8.5,18.0,47.0,2.2,6.1,35.4,6.1,8.2,74.6,12.9,5.4,1.6,1.6,5.0,38,3,2018
10,Devin BookerPHX,SG,54,34.5,24.9,8.4,19.5,43.2,2.7,7.1,38.3,5.4,6.1,87.8,4.5,4.7,0.9,0.3,3.6,4,0,2018
11,Kyrie IrvingBOS,PG,60,32.2,24.4,8.9,18.1,49.1,2.8,6.8,40.8,3.9,4.4,88.9,3.8,5.1,1.1,0.3,2.3,1,0,2018
12,LaMarcus AldridgeSA,C,75,33.5,23.1,9.2,18.0,51.0,0.4,1.2,29.3,4.5,5.3,83.7,8.5,2.0,0.6,1.2,1.5,27,0,2018
12,Victor OladipoIND,SG,75,34.0,23.1,8.5,17.9,47.7,2.1,5.8,37.1,3.9,4.9,79.9,5.2,4.3,2.4,0.8,2.9,3,0,2018
14,DeMar DeRozanTOR,SF,80,33.9,23.0,8.1,17.7,45.6,1.1,3.6,31.0,5.8,7.0,82.5,3.9,5.2,1.1,0.3,2.2,0,0,2018
15,Joel EmbiidPHI,C,63,30.3,22.9,8.1,16.8,48.3,1.0,3.4,30.8,5.7,7.4,76.9,11.0,3.2,0.6,1.8,3.7,38,0,2018
16,Kristaps PorzingisNY,C,48,32.4,22.7,8.1,18.5,43.9,1.9,4.8,39.5,4.5,5.7,79.3,6.6,1.2,0.8,2.4,1.9,5,0,2018
17,Bradley BealWSH,SG,82,36.3,22.6,8.3,18.1,46.0,2.4,6.5,37.5,3.6,4.5,79.1,4.4,4.5,1.2,0.4,2.6,4,0,2018
18,Lou WilliamsLAC,SG,79,32.8,22.6,7.4,16.9,43.5,2.4,6.6,35.9,5.5,6.2,88.0,2.5,5.3,1.1,0.2,3.0,7,0,2018
19,Jimmy ButlerMIN,SF,59,36.7,22.2,7.4,15.6,47.4,1.2,3.4,35.0,6.2,7.2,85.4,5.3,4.9,2.0,0.4,1.8,3,0,2018
20,Kemba WalkerCHA,PG,80,34.2,22.1,7.4,17.0,43.1,2.9,7.5,38.4,4.5,5.3,86.4,3.1,5.6,1.1,0.3,2.2,3,0,2018
21,Paul GeorgeOKC,SG,79,36.6,21.9,7.3,17.0,43.0,3.1,7.7,40.1,4.3,5.2,82.2,5.7,3.3,2.0,0.5,2.7,4,0,2018
22,Blake GriffinLAC/DET,PF,58,34.0,21.4,7.5,17.2,43.8,1.9,5.6,34.5,4.5,5.7,78.5,7.4,5.8,0.7,0.3,2.8,16,3,2018
23,CJ McCollumPOR,SG,81,36.1,21.4,8.2,18.6,44.3,2.3,5.9,39.7,2.6,3.1,83.6,4.0,3.4,1.0,0.4,1.9,1,0,2018
24,Karl-Anthony TownsMIN,C,82,35.6,21.3,7.8,14.3,54.5,1.5,3.5,42.1,4.2,4.9,85.8,12.3,2.4,0.8,1.4,1.9,68,0,2018
25,Donovan MitchellUTAH,SG,79,33.4,20.5,7.5,17.2,43.7,2.4,7.0,34.0,3.0,3.8,80.5,3.7,3.7,1.5,0.3,2.7,0,0,2018
26,Khris MiddletonMIL,SF,82,36.4,20.1,7.2,15.5,46.6,1.8,5.0,35.9,3.9,4.4,88.4,5.2,4.0,1.5,0.3,2.3,5,1,2018
27,MarShon BrooksMEM,G,7,27.6,20.1,7.3,14.6,50.0,2.7,4.6,59.4,2.9,3.3,87.0,3.1,3.6,1.6,0.4,2.3,0,0,2018
28,Klay ThompsonGS,SG,73,34.3,20.0,7.9,16.1,48.8,3.1,7.1,44.0,1.1,1.3,83.7,3.8,2.5,0.8,0.5,1.8,2,0,2018
29,T.J. WarrenPHX,SF,65,33.0,19.6,8.1,16.4,49.8,0.3,1.4,22.2,3.0,3.9,75.7,5.1,1.3,1.0,0.6,1.3,6,0,2018
30,John WallWSH,PG,41,34.4,19.4,6.8,16.3,42.0,1.5,4.1,37.1,4.3,5.9,72.6,3.7,9.6,1.4,1.1,3.9,19,0,2018
31,Tyreke EvansMEM,G,52,30.9,19.4,7.0,15.6,45.2,2.2,5.5,39.9,3.2,4.0,78.5,5.1,5.2,1.1,0.3,2.3,7,0,2018
32,Dennis SchroderATL,PG,67,31.0,19.4,7.5,17.1,43.6,1.1,3.9,29.0,3.4,4.0,84.9,3.1,6.2,1.1,0.1,2.7,5,0,2018
33,Jrue HolidayNO,PG,81,36.1,19.0,7.6,15.4,49.4,1.5,4.4,33.7,2.3,2.9,78.6,4.5,6.0,1.5,0.8,2.6,8,1,2018
34,Harrison BarnesDAL,SF,77,34.2,18.9,7.0,15.7,44.5,1.5,4.3,35.7,3.4,4.1,82.7,6.1,2.0,0.6,0.2,1.5,8,0,2018
35,Chris PaulHOU,PG,58,31.8,18.6,6.3,13.8,46.0,2.5,6.5,38.0,3.5,3.8,91.9,5.4,7.9,1.7,0.2,2.2,14,1,2018
36,Tobias HarrisLAC/DET,PF,80,33.4,18.6,7.0,15.3,46.0,2.3,5.6,41.1,2.2,2.7,82.9,5.5,2.4,0.9,0.4,1.3,3,0,2018
37,Nikola JokicDEN,C,75,32.5,18.5,6.7,13.5,49.9,1.5,3.7,39.6,3.5,4.2,85.0,10.7,6.1,1.2,0.8,2.8,38,10,2018
38,Eric GordonHOU,SG,69,31.2,18.0,6.0,14.1,42.8,3.2,8.8,35.9,2.8,3.5,80.9,2.5,2.2,0.6,0.4,1.9,0,0,2018
39,Jeremy LinBKN,G,1,25.0,18.0,5.0,12.0,41.7,1.0,2.0,50.0,7.0,7.0,100.0,0.0,4.0,0.0,0.0,3.0,0,0,2018
40,Evan FournierORL,SG,57,32.2,17.8,6.5,14.1,45.9,2.2,5.9,37.9,2.6,3.0,86.7,3.2,2.9,0.8,0.3,1.7,0,0,2018
41,Eric BledsoeMIL/PHX,SG,74,31.4,17.7,6.3,13.4,47.3,1.7,4.9,34.7,3.4,4.3,79.5,3.8,5.0,2.0,0.6,2.9,3,1,2018
42,Andrew WigginsMIN,SF,82,36.3,17.7,6.9,15.9,43.8,1.4,4.1,33.1,2.5,3.8,64.3,4.4,2.0,1.1,0.6,1.7,1,0,2018
43,Aaron GordonORL,PF,58,32.9,17.6,6.5,14.9,43.4,2.0,5.9,33.6,2.7,3.9,69.8,7.9,2.3,1.0,0.8,1.8,17,0,2018
44,Kevin LoveCLE,PF,59,28.0,17.6,5.7,12.4,45.8,2.3,5.6,41.5,4.0,4.5,88.0,9.3,1.7,0.7,0.4,1.5,31,0,2018
45,Tim Hardaway Jr.NY,SF,57,33.1,17.5,6.3,15.0,42.1,2.3,7.2,31.7,2.6,3.1,81.6,3.9,2.7,1.1,0.2,1.6,2,0,2018
46,Gary HarrisDEN,SG,67,34.4,17.5,6.6,13.6,48.5,2.3,5.9,39.6,2.0,2.4,82.7,2.6,2.9,1.8,0.2,1.8,0,0,2018
47,Goran DragicMIA,PG,75,31.7,17.3,6.5,14.3,45.0,1.5,4.0,37.0,2.9,3.6,80.1,4.1,4.8,0.8,0.2,2.2,3,0,2018
48,Marc GasolMEM,C,73,33.0,17.2,5.9,14.2,42.0,1.5,4.4,34.1,3.8,4.6,83.4,8.1,4.2,0.7,1.4,2.7,25,1,2018
49,JJ RedickPHI,SG,70,30.2,17.1,5.8,12.6,46.0,2.8,6.6,42.0,2.8,3.1,90.4,2.5,3.0,0.5,0.1,1.5,0,0,2018
50,Mike ConleyMEM,PG,12,31.1,17.1,5.3,14.0,38.1,2.0,6.4,31.2,4.4,5.5,80.3,2.3,4.1,1.0,0.3,1.5,0,0,2018
1,James HardenHOU,SG,78,36.8,36.1,10.8,24.5,44.2,4.8,13.2,36.8,9.7,11.0,87.9,6.6,7.5,2.0,0.7,5.0,34,7,2019
2,Paul GeorgeOKC,SG,77,36.9,28.0,9.2,21.0,43.8,3.8,9.8,38.6,5.9,7.0,83.9,8.2,4.1,2.2,0.4,2.7,24,1,2019
3,Giannis AntetokounmpoMIL,PF,72,32.8,27.7,10.0,17.3,57.8,0.7,2.8,25.6,6.9,9.5,72.9,12.5,5.9,1.3,1.5,3.7,54,5,2019
4,Joel EmbiidPHI,C,64,33.7,27.5,9.1,18.7,48.4,1.2,4.1,30.0,8.2,10.1,80.4,13.6,3.7,0.7,1.9,3.5,58,2,2019
5,LeBron JamesLAL,SF,55,35.2,27.4,10.1,19.9,51.0,2.0,5.9,33.9,5.1,7.6,66.5,8.5,8.3,1.3,0.6,3.6,32,8,2019
6,Stephen CurryGS,PG,69,33.8,27.3,9.2,19.4,47.2,5.1,11.7,43.7,3.8,4.2,91.6,5.3,5.2,1.3,0.4,2.8,3,0,2019
7,Kawhi LeonardTOR,SF,60,34.0,26.6,9.3,18.8,49.6,1.9,5.0,37.1,6.1,7.1,85.4,7.3,3.3,1.8,0.4,2.0,14,0,2019
8,Devin BookerPHX,SG,64,35.0,26.6,9.2,19.6,46.7,2.1,6.5,32.6,6.1,7.1,86.6,4.1,6.8,0.9,0.2,4.1,12,0,2019
9,Kevin DurantGS,PF,78,34.6,26.0,9.2,17.7,52.1,1.8,5.0,35.3,5.7,6.5,88.5,6.4,5.9,0.7,1.1,2.9,16,2,2019
10,Anthony DavisNO,PF,56,33.0,25.9,9.5,18.3,51.7,0.9,2.6,33.1,6.1,7.7,79.4,12.0,3.9,1.6,2.4,2.0,37,0,2019
11,Damian LillardPOR,PG,80,35.5,25.8,8.5,19.2,44.4,3.0,8.0,36.9,5.9,6.4,91.2,4.6,6.9,1.1,0.4,2.7,13,0,2019
12,Kemba WalkerCHA,PG,82,34.9,25.6,8.9,20.5,43.4,3.2,8.9,35.6,4.6,5.5,84.4,4.4,5.9,1.2,0.4,2.6,10,0,2019
13,Bradley BealWSH,SG,82,36.9,25.6,9.3,19.6,47.5,2.5,7.3,35.1,4.4,5.5,80.8,5.0,5.5,1.5,0.7,2.7,11,2,2019
14,Blake GriffinDET,PF,75,35.0,24.5,8.3,17.9,46.2,2.5,7.0,36.2,5.5,7.3,75.3,7.5,5.4,0.7,0.4,3.4,21,2,2019
15,Karl-Anthony TownsMIN,C,77,33.1,24.4,8.8,17.1,51.8,1.8,4.6,40.0,4.9,5.8,83.6,12.4,3.4,0.9,1.6,3.1,54,0,2019
16,Kyrie IrvingBOS,PG,67,33.0,23.8,9.0,18.5,48.7,2.6,6.5,40.1,3.2,3.7,87.3,5.0,6.9,1.5,0.5,2.6,21,1,2019
17,Donovan MitchellUTAH,SG,77,33.7,23.8,8.6,19.9,43.2,2.4,6.7,36.2,4.1,5.1,80.6,4.1,4.2,1.4,0.4,2.8,1,0,2019
18,Zach LaVineCHI,SG,63,34.5,23.7,8.4,18.0,46.7,1.9,5.1,37.4,5.0,6.0,83.2,4.7,4.5,1.0,0.4,3.4,2,0,2019
19,Russell WestbrookOKC,PG,73,36.0,22.9,8.6,20.2,42.8,1.6,5.6,29.0,4.1,6.2,65.6,11.1,10.7,1.9,0.5,4.5,57,34,2019
20,Klay ThompsonGS,SG,78,34.0,21.5,8.4,18.0,46.7,3.1,7.7,40.2,1.7,2.0,81.6,3.8,2.4,1.1,0.6,1.5,0,0,2019
21,Julius RandleNO,PF,73,30.6,21.4,7.8,14.9,52.4,0.9,2.7,34.4,4.9,6.7,73.1,8.7,3.1,0.7,0.6,2.8,31,1,2019
22,LaMarcus AldridgeSA,C,81,33.2,21.3,8.4,16.3,51.9,0.1,0.5,23.8,4.3,5.1,84.7,9.2,2.4,0.5,1.3,1.8,32,0,2019
23,DeMar DeRozanSA,SF,77,34.9,21.2,8.2,17.1,48.1,0.1,0.6,15.6,4.8,5.7,83.0,6.0,6.2,1.1,0.5,2.6,12,1,2019
24,Luka DoncicDAL,PG,72,32.2,21.2,7.0,16.5,42.7,2.3,7.1,32.7,4.8,6.7,71.3,7.8,6.0,1.1,0.3,3.4,24,8,2019
25,Jrue HolidayNO,PG,67,35.9,21.2,8.2,17.3,47.2,1.8,5.4,32.5,3.1,4.0,76.8,5.0,7.7,1.6,0.8,3.1,18,0,2019
26,D'Angelo RussellBKN,PG,81,30.2,21.1,8.1,18.7,43.4,2.9,7.8,36.9,2.0,2.5,78.0,3.9,7.0,1.2,0.2,3.1,14,0,2019
27,Mike ConleyMEM,PG,70,33.5,21.1,7.0,16.0,43.8,2.2,6.1,36.4,4.9,5.8,84.5,3.4,6.4,1.3,0.3,1.9,10,0,2019
28,CJ McCollumPOR,SG,70,33.9,21.0,8.2,17.8,45.9,2.4,6.4,37.5,2.3,2.7,82.8,4.0,3.0,0.8,0.4,1.5,1,1,2019
29,Nikola VucevicORL,C,80,31.4,20.8,8.8,16.9,51.8,1.1,2.9,36.4,2.2,2.8,78.9,12.0,3.8,1.0,1.1,2.0,60,1,2019
30,John WallWSH,PG,32,34.5,20.7,7.7,17.3,44.4,1.6,5.3,30.2,3.8,5.5,69.7,3.6,8.7,1.5,0.9,3.8,10,0,2019
31,Buddy HieldSAC,SG,82,31.9,20.7,7.6,16.6,45.8,3.4,7.9,42.7,2.1,2.4,88.6,5.0,2.5,0.7,0.4,1.8,3,0,2019
32,Nikola JokicDEN,C,80,31.3,20.1,7.7,15.1,51.1,1.0,3.4,30.7,3.6,4.4,82.1,10.8,7.3,1.4,0.7,3.1,56,12,2019
33,Tobias HarrisLAC/PHI,PF,82,34.7,20.0,7.5,15.3,48.7,1.9,4.8,39.7,3.2,3.7,86.6,7.9,2.8,0.6,0.5,1.8,15,0,2019
34,JaKarr SampsonCHI,SF,4,31.8,20.0,7.3,13.5,53.7,1.3,3.5,35.7,4.3,5.3,81.0,8.0,1.0,1.0,0.8,1.0,0,0,2019
35,Lou WilliamsLAC,SG,75,26.6,20.0,6.5,15.2,42.5,1.4,3.9,36.1,5.7,6.5,87.6,3.0,5.4,0.8,0.1,2.4,7,1,2019
36,Danilo GallinariLAC,PF,68,30.3,19.8,6.0,13.0,46.3,2.4,5.5,43.3,5.4,6.0,90.4,6.1,2.6,0.7,0.3,1.5,7,0,2019
37,John CollinsATL,PF,61,30.0,19.5,7.6,13.6,56.0,0.9,2.6,34.8,3.3,4.4,76.3,9.8,2.0,0.4,0.6,2.0,32,0,2019
38,Trae YoungATL,PG,81,30.9,19.1,6.5,15.5,41.8,1.9,6.0,32.4,4.2,5.1,82.8,3.7,8.1,0.9,0.2,3.8,30,1,2019
39,Victor OladipoIND,SG,36,31.9,18.8,6.9,16.3,42.3,2.1,6.0,34.3,2.9,3.9,73.1,5.6,5.2,1.7,0.3,2.3,5,0,2019
40,Lauri MarkkanenCHI,PF,52,32.3,18.7,6.6,15.3,43.0,2.3,6.4,36.1,3.3,3.8,87.2,9.0,1.4,0.7,0.6,1.6,20,0,2019
41,Jimmy ButlerMIN/PHI,SF,65,33.6,18.7,6.4,13.9,46.2,1.0,3.0,34.7,4.8,5.6,85.5,5.3,4.0,1.9,0.6,1.5,3,0,2019
42,Kyle KuzmaLAL,SF,70,33.1,18.7,7.1,15.5,45.6,1.8,6.0,30.3,2.7,3.6,75.2,5.5,2.5,0.6,0.4,1.9,4,0,2019
43,Khris MiddletonMIL,SF,77,31.1,18.3,6.6,14.9,44.1,2.3,6.2,37.8,2.8,3.4,83.7,6.0,4.3,1.0,0.1,2.3,7,0,2019
44,Brandon IngramLAL,SF,52,33.8,18.3,7.0,14.0,49.7,0.6,1.8,33.0,3.8,5.6,67.5,5.1,3.0,0.5,0.6,2.5,2,0,2019
45,Jamal MurrayDEN,PG,75,32.6,18.2,6.8,15.6,43.7,2.0,5.5,36.7,2.5,3.0,84.8,4.2,4.8,0.9,0.4,2.1,4,0,2019
46,Andrew WigginsMIN,SF,73,34.8,18.1,6.8,16.6,41.2,1.6,4.8,33.9,2.8,4.1,69.9,4.8,2.5,1.0,0.7,1.9,3,0,2019
47,Tim Hardaway Jr.DAL/NY,SF,65,31.6,18.1,6.0,15.3,39.3,2.5,7.3,34.0,3.6,4.2,84.1,3.4,2.4,0.8,0.1,1.6,2,0,2019
48,JJ RedickPHI,SG,76,31.3,18.1,5.9,13.5,44.0,3.2,8.0,39.7,3.0,3.4,89.4,2.4,2.7,0.4,0.2,1.3,1,0,2019
49,Derrick RoseMIN,PG,51,27.3,18.0,7.1,14.8,48.2,1.1,2.9,37.0,2.7,3.1,85.6,2.7,4.3,0.6,0.2,1.6,1,0,2019
50,T.J. WarrenPHX,SF,43,31.6,18.0,6.9,14.2,48.6,1.8,4.2,42.8,2.3,2.9,81.5,4.0,1.5,1.2,0.7,1.2,0,0,2019
1,James HardenHOU,SG,68,36.5,34.3,9.9,22.3,44.4,4.4,12.4,35.5,10.2,11.8,86.5,6.6,7.5,1.8,0.9,4.5,22,4,2020
2,Bradley BealWSH,SG,57,36.0,30.5,10.4,22.9,45.5,3.0,8.4,35.3,6.8,8.0,84.2,4.2,6.1,1.2,0.4,3.4,8,0,2020
3,Damian LillardPOR,PG,66,37.5,30.0,9.5,20.4,46.3,4.1,10.2,40.1,7.0,7.8,88.8,4.3,8.0,1.1,0.3,2.9,19,1,2020
4,Trae YoungATL,PG,60,35.3,29.6,9.1,20.8,43.7,3.4,9.5,36.1,8.0,9.3,86.0,4.3,9.3,1.1,0.1,4.8,28,2,2020
5,Giannis AntetokounmpoMIL,PF,63,30.4,29.5,10.9,19.7,55.3,1.4,4.7,30.4,6.3,10.0,63.3,13.6,5.6,1.0,1.0,3.7,56,4,2020
6,Luka DoncicDAL,PG,61,33.6,28.8,9.5,20.6,46.3,2.8,8.9,31.6,7.0,9.2,75.8,9.4,8.8,1.0,0.2,4.3,39,17,2020
7,Kyrie IrvingBKN,PG,20,32.9,27.4,10.0,20.8,47.8,2.8,7.1,39.4,4.7,5.1,92.2,5.2,6.4,1.4,0.5,2.6,3,1,2020
8,Russell WestbrookHOU,PG,57,35.9,27.2,10.6,22.5,47.2,1.0,3.7,25.8,5.1,6.7,76.3,7.9,7.0,1.6,0.4,4.5,22,8,2020
9,Kawhi LeonardLAC,SF,57,32.4,27.1,9.3,19.9,47.0,2.2,5.7,37.8,6.2,7.1,88.6,7.1,4.9,1.8,0.6,2.6,13,1,2020
10,Devin BookerPHX,SG,70,35.9,26.6,9.0,18.3,48.9,2.0,5.7,35.4,6.7,7.3,91.9,4.2,6.5,0.7,0.3,3.8,11,0,2020
11,Anthony DavisLAL,PF,62,34.4,26.1,8.9,17.7,50.3,1.2,3.5,33.0,7.2,8.5,84.6,9.3,3.2,1.5,2.3,2.5,29,0,2020
12,Zach LaVineCHI,SG,60,34.8,25.5,9.0,20.0,45.0,3.1,8.1,38.0,4.5,5.6,80.2,4.8,4.2,1.5,0.5,3.4,2,0,2020
13,LeBron JamesLAL,SF,67,34.6,25.3,9.6,19.4,49.3,2.2,6.3,34.8,3.9,5.7,69.3,7.8,10.2,1.2,0.5,3.9,46,13,2020
14,Donovan MitchellUTAH,SG,69,34.3,24.0,8.7,19.4,44.9,2.5,6.9,36.6,4.0,4.7,86.3,4.4,4.3,1.0,0.2,2.7,1,0,2020
15,Brandon IngramNO,SF,62,33.9,23.8,8.2,17.7,46.3,2.4,6.2,39.1,5.0,5.9,85.1,6.1,4.2,1.0,0.6,3.0,9,0,2020
16,Jayson TatumBOS,SF,66,34.3,23.4,8.4,18.6,45.0,2.9,7.1,40.3,3.8,4.7,81.2,7.0,3.0,1.4,0.9,2.3,10,0,2020
17,Joel EmbiidPHI,C,51,29.5,23.0,7.5,15.7,47.7,1.1,3.4,33.1,6.9,8.5,80.7,11.6,3.0,0.9,1.3,3.1,37,0,2020
18,Pascal SiakamTOR,PF,60,35.2,22.9,8.3,18.4,45.3,2.2,6.1,35.9,4.0,5.1,79.2,7.3,3.5,1.0,0.9,2.5,12,0,2020
19,Zion WilliamsonNO,PF,24,27.8,22.5,8.8,15.0,58.3,0.3,0.6,42.9,4.8,7.4,64.0,6.3,2.1,0.7,0.4,2.5,2,0,2020
20,CJ McCollumPOR,SG,70,36.5,22.2,8.7,19.4,45.1,2.8,7.3,37.9,2.0,2.6,75.7,4.2,4.4,0.8,0.6,1.8,4,0,2020
21,DeMar DeRozanSA,SF,68,34.1,22.1,8.2,15.4,53.1,0.1,0.5,25.7,5.6,6.6,84.5,5.5,5.6,1.0,0.3,2.4,7,0,2020
22,Andrew WigginsMIN/GS,SF,54,34.4,21.8,8.1,18.1,44.7,2.1,6.2,33.2,3.5,5.0,70.9,5.1,3.7,0.8,1.0,2.4,4,1,2020
23,Paul GeorgeLAC,SG,48,29.6,21.5,7.1,16.3,43.9,3.3,7.9,41.2,4.0,4.5,87.6,5.7,3.9,1.4,0.4,2.6,5,0,2020
24,De'Aaron FoxSAC,PG,51,32.0,21.1,7.7,16.0,48.0,1.1,3.6,29.2,4.7,6.7,70.5,3.8,6.8,1.5,0.5,3.1,9,0,2020
25,Khris MiddletonMIL,SF,62,29.9,20.9,7.6,15.3,49.7,2.4,5.7,41.5,3.4,3.7,91.6,6.2,4.3,0.9,0.1,2.2,7,0,2020
26,Collin SextonCLE,PG,65,33.0,20.8,7.9,16.7,47.2,1.5,3.9,38.0,3.5,4.1,84.6,3.1,3.0,1.0,0.1,2.4,0,0,2020
27,Spencer DinwiddieBKN,PG,64,31.2,20.6,6.6,16.0,41.5,1.9,6.3,30.8,5.4,7.0,77.8,3.5,6.8,0.6,0.3,2.7,9,0,2020
28,Kemba WalkerBOS,PG,56,31.1,20.4,6.8,15.9,42.5,3.2,8.4,38.1,3.7,4.3,86.4,3.9,4.8,0.9,0.5,2.1,2,0,2020
29,Kristaps PorzingisDAL,C,57,31.8,20.4,7.0,16.4,42.7,2.5,7.1,35.2,4.0,5.0,79.9,9.5,1.8,0.7,2.0,1.6,25,0,2020
30,Jaylen BrownBOS,SG,57,33.9,20.3,7.5,15.6,48.1,2.3,5.9,38.2,3.1,4.3,72.4,6.4,2.1,1.1,0.4,2.2,8,0,2020
31,Bojan BogdanovicUTAH,SF,63,33.1,20.2,6.6,14.8,44.7,3.0,7.3,41.4,4.0,4.4,90.3,4.1,2.1,0.5,0.1,2.5,0,0,2020
32,Jimmy ButlerMIA,SF,58,33.8,19.9,5.9,13.1,45.5,0.5,2.1,24.4,7.6,9.1,83.4,6.7,6.0,1.8,0.6,2.2,11,3,2020
33,Nikola JokicDEN,C,73,32.0,19.9,7.7,14.7,52.8,1.1,3.5,31.4,3.4,4.1,81.7,9.7,7.0,1.2,0.6,3.1,43,13,2020
34,T.J. WarrenIND,SF,67,32.9,19.8,8.0,14.9,53.6,1.4,3.4,40.3,2.5,3.0,81.9,4.2,1.5,1.2,0.5,1.3,2,0,2020
35,Tobias HarrisPHI,PF,72,34.3,19.6,7.7,16.3,47.1,1.8,5.0,36.7,2.4,3.0,80.6,6.9,3.2,0.7,0.6,1.4,11,0,2020
36,Nikola VucevicORL,C,62,32.2,19.6,8.0,16.7,47.7,1.6,4.7,33.9,2.1,2.7,78.4,10.9,3.6,0.9,0.8,1.4,41,0,2020
37,Julius RandleNY,PF,64,32.5,19.5,7.2,15.7,46.0,1.0,3.6,27.7,4.0,5.5,73.3,9.7,3.1,0.8,0.3,3.0,30,0,2020
38,Kyle LowryTOR,PG,58,36.2,19.4,5.8,13.8,41.6,2.8,8.0,35.2,5.1,5.9,85.7,5.0,7.5,1.4,0.4,3.1,15,2,2020
39,Buddy HieldSAC,SG,72,30.8,19.2,6.9,16.1,42.9,3.8,9.6,39.4,1.6,1.9,84.6,4.6,3.0,0.9,0.2,2.3,2,0,2020
40,Jrue HolidayNO,PG,61,34.7,19.1,7.5,16.5,45.5,2.0,5.7,35.3,2.1,3.0,70.9,4.8,6.7,1.6,0.8,3.0,10,1,2020
41,Shai Gilgeous-AlexanderOKC,PG,70,34.7,19.0,6.8,14.5,47.1,1.2,3.6,34.7,4.1,5.1,80.7,5.9,3.3,1.1,0.7,1.9,9,1,2020
42,Dennis SchroderOKC,PG,65,30.8,18.9,7.0,14.8,46.9,1.9,5.0,38.5,3.0,3.6,83.9,3.6,4.0,0.7,0.2,2.6,0,0,2020
43,LaMarcus AldridgeSA,C,53,33.1,18.9,7.4,15.0,49.3,1.2,3.0,38.9,3.0,3.6,82.7,7.4,2.4,0.7,1.6,1.4,14,0,2020
44,Caris LeVertBKN,SG,45,29.6,18.7,6.9,16.3,42.5,1.8,4.9,36.4,3.1,4.4,71.1,4.2,4.4,1.2,0.2,2.6,2,1,2020
45,Danilo GallinariOKC,PF,62,29.6,18.7,5.8,13.2,43.8,2.9,7.1,40.5,4.3,4.8,89.3,5.2,1.9,0.7,0.1,1.2,3,0,2020
46,Kelly Oubre Jr.PHX,SG,56,34.5,18.7,6.7,14.8,45.2,1.9,5.5,35.2,3.4,4.4,78.0,6.4,1.5,1.3,0.7,1.5,9,0,2020
47,Montrezl HarrellLAC,C,63,27.8,18.6,7.5,12.9,58.0,0.0,0.3,0.0,3.7,5.6,65.8,7.1,1.7,0.6,1.1,1.7,12,0,2020
48,Evan FournierORL,SG,66,31.5,18.5,6.6,14.1,46.7,2.6,6.6,39.9,2.7,3.3,81.8,2.6,3.2,1.1,0.2,1.9,0,0,2020
48,Domantas SabonisIND,PF,62,34.8,18.5,7.4,13.7,54.0,0.3,1.1,25.4,3.5,4.8,72.3,12.4,5.0,0.8,0.5,2.7,50,4,2020
50,Jamal MurrayDEN,PG,59,32.3,18.5,6.9,15.2,45.6,1.9,5.5,34.6,2.8,3.1,88.1,4.0,4.8,1.1,0.3,2.2,3,0,2020
1,Stephen CurryGS,PG,63,34.2,32.0,10.4,21.7,48.2,5.3,12.7,42.1,5.7,6.3,91.6,5.5,5.8,1.2,0.1,3.4,8,0,2021
2,Bradley BealWSH,SG,60,35.8,31.3,11.2,23.0,48.5,2.2,6.2,34.9,6.8,7.7,88.9,4.7,4.4,1.2,0.4,3.1,4,0,2021
3,Damian LillardPOR,PG,67,35.8,28.8,9.0,19.9,45.1,4.1,10.5,39.1,6.7,7.2,92.8,4.2,7.5,0.9,0.3,3.0,16,0,2021
4,Joel EmbiidPHI,C,51,31.1,28.5,9.0,17.6,51.3,1.1,3.0,37.7,9.2,10.7,85.9,10.6,2.8,1.0,1.4,3.1,31,0,2021
5,Giannis AntetokounmpoMIL,PF,61,33.0,28.1,10.3,18.0,56.9,1.1,3.6,30.3,6.5,9.5,68.5,11.0,5.9,1.2,1.2,3.4,41,7,2021
6,Luka DoncicDAL,PG,66,34.3,27.7,9.8,20.5,47.9,2.9,8.3,35.0,5.2,7.1,73.0,8.0,8.6,1.0,0.5,4.3,26,11,2021
7,Zach LaVineCHI,SG,58,35.1,27.4,9.8,19.4,50.7,3.4,8.2,41.9,4.4,5.1,84.9,5.0,4.9,0.8,0.5,3.5,3,0,2021
8,Zion WilliamsonNO,PF,61,33.2,27.0,10.4,17.0,61.1,0.2,0.6,29.4,6.0,8.7,69.8,7.2,3.7,0.9,0.6,2.7,14,0,2021
9,Kevin DurantBKN,PF,35,33.1,26.9,9.3,17.2,53.7,2.4,5.4,45.0,6.0,6.8,88.2,7.1,5.6,0.7,1.3,3.4,12,0,2021
10,Kyrie IrvingBKN,PG,54,34.9,26.9,10.2,20.1,50.6,2.8,7.0,40.2,3.7,4.0,92.2,4.8,6.0,1.4,0.7,2.4,8,0,2021
11,Jayson TatumBOS,SF,64,35.8,26.4,9.5,20.6,45.9,2.9,7.6,38.6,4.6,5.3,86.8,7.4,4.3,1.2,0.5,2.7,15,1,2021
12,Donovan MitchellUTAH,SG,53,33.4,26.4,9.0,20.6,43.8,3.4,8.7,38.6,5.0,6.0,84.5,4.4,5.2,1.0,0.3,2.8,2,0,2021
13,Nikola JokicDEN,C,72,34.6,26.4,10.2,18.0,56.6,1.3,3.3,38.8,4.8,5.5,86.8,10.8,8.3,1.3,0.7,3.1,60,16,2021
14,Devin BookerPHX,SG,67,33.9,25.6,9.3,19.2,48.4,1.9,5.5,34.0,5.1,5.9,86.7,4.2,4.3,0.8,0.2,3.1,1,0,2021
15,Trae YoungATL,PG,63,33.7,25.3,7.7,17.7,43.8,2.2,6.3,34.3,7.7,8.7,88.6,3.9,9.4,0.8,0.2,4.1,28,0,2021
16,De'Aaron FoxSAC,PG,58,35.1,25.2,9.1,19.1,47.7,1.8,5.5,32.2,5.2,7.2,71.9,3.5,7.2,1.5,0.5,3.0,11,0,2021
17,LeBron JamesLAL,SF,45,33.4,25.0,9.4,18.3,51.3,2.3,6.3,36.5,4.0,5.7,69.8,7.7,7.8,1.1,0.6,3.7,18,5,2021
18,Kawhi LeonardLAC,SF,52,34.1,24.8,8.9,17.5,51.2,1.9,4.9,39.8,5.0,5.7,88.5,6.5,5.2,1.6,0.4,2.0,9,0,2021
19,Karl-Anthony TownsMIN,C,50,33.8,24.8,8.5,17.5,48.6,2.4,6.3,38.7,5.3,6.2,85.9,10.6,4.5,0.8,1.1,3.2,33,0,2021
20,Jaylen BrownBOS,SG,58,34.5,24.7,9.3,19.2,48.4,2.8,7.1,39.7,3.3,4.3,76.4,6.0,3.4,1.2,0.6,2.7,10,0,2021
21,James HardenBKN/HOU,SG,44,36.6,24.6,7.8,16.7,46.6,2.8,7.6,36.2,6.3,7.3,86.1,7.9,10.8,1.2,0.8,4.0,32,12,2021
22,Collin SextonCLE,PG,60,35.3,24.3,8.8,18.4,47.5,1.6,4.4,37.1,5.2,6.4,81.5,3.1,4.4,1.0,0.2,2.8,1,0,2021
23,Julius RandleNY,PF,71,37.6,24.1,8.5,18.6,45.6,2.3,5.5,41.1,4.9,6.0,81.1,10.2,6.0,0.9,0.3,3.4,41,6,2021
24,Brandon IngramNO,SF,61,34.3,23.8,8.4,18.0,46.6,2.3,6.1,38.1,4.6,5.2,87.8,4.9,4.9,0.7,0.6,2.5,4,0,2021
25,Shai Gilgeous-AlexanderOKC,PG,35,33.7,23.7,8.2,16.1,50.8,2.0,4.9,41.8,5.3,6.5,80.8,4.7,5.9,0.8,0.7,3.0,3,0,2021
26,Nikola VucevicCHI/ORL,C,70,33.5,23.4,9.5,19.9,47.7,2.5,6.3,40.0,1.9,2.2,84.0,11.7,3.8,0.9,0.7,1.8,48,2,2021
27,Paul GeorgeLAC,SG,54,33.7,23.3,8.2,17.6,46.7,3.2,7.7,41.1,3.7,4.2,86.8,6.6,5.2,1.1,0.4,3.3,9,0,2021
28,CJ McCollumPOR,SG,47,34.0,23.1,8.6,18.8,45.8,3.6,8.9,40.2,2.3,2.8,81.2,3.9,4.7,0.9,0.4,1.4,2,0,2021
29,Jerami GrantDET,SF,54,33.9,22.3,7.4,17.3,42.9,2.1,6.1,35.0,5.4,6.4,84.5,4.6,2.8,0.6,1.1,2.0,3,0,2021
30,Russell WestbrookWSH,PG,65,36.4,22.2,8.4,19.0,43.9,1.3,4.2,31.5,4.2,6.4,65.6,11.5,11.7,1.4,0.4,4.8,59,38,2021
31,Anthony DavisLAL,PF,36,32.3,21.8,8.4,17.0,49.1,0.7,2.8,26.0,4.4,5.9,73.8,7.9,3.1,1.3,1.6,2.1,12,0,2021
32,DeMar DeRozanSA,SF,61,33.7,21.6,7.5,15.1,49.5,0.3,1.2,25.7,6.3,7.2,88.0,4.2,6.9,0.9,0.2,2.0,13,0,2021
33,Jimmy ButlerMIA,SF,52,33.6,21.5,7.0,14.2,49.7,0.5,2.0,24.5,6.9,8.0,86.3,6.9,7.1,2.1,0.3,2.1,17,4,2021
34,Pascal SiakamTOR,PF,56,35.8,21.4,7.8,17.2,45.5,1.3,4.4,29.7,4.4,5.4,82.7,7.2,4.5,1.1,0.7,2.3,13,1,2021
35,Jamal MurrayDEN,PG,48,35.5,21.2,7.9,16.5,47.7,2.7,6.6,40.8,2.8,3.2,86.9,4.0,4.8,1.3,0.3,2.3,1,0,2021
36,Malcolm BrogdonIND,PG,56,34.5,21.2,7.9,17.5,45.3,2.6,6.7,38.8,2.7,3.2,86.4,5.3,5.9,0.9,0.3,2.1,6,0,2021
37,Christian WoodHOU,F,41,32.3,21.0,8.0,15.6,51.4,1.9,5.0,37.4,3.0,4.8,63.1,9.6,1.7,0.8,1.2,2.0,19,0,2021
38,John WallHOU,PG,40,32.2,20.6,7.3,18.2,40.4,2.0,6.2,31.7,4.0,5.3,74.9,3.2,6.9,1.1,0.8,3.5,7,1,2021
39,Terry RozierCHA,SG,69,34.5,20.4,7.4,16.4,45.0,3.2,8.3,38.9,2.4,2.9,81.7,4.4,4.2,1.3,0.4,1.9,5,0,2021
40,Khris MiddletonMIL,SF,68,33.4,20.4,7.5,15.8,47.6,2.2,5.4,41.4,3.1,3.5,89.8,6.0,5.4,1.1,0.1,2.6,10,0,2021
41,Domantas SabonisIND,PF,62,36.0,20.3,7.8,14.6,53.5,0.8,2.6,32.1,3.9,5.3,73.2,12.0,6.7,1.2,0.5,3.4,48,9,2021
42,Caris LeVertIND/BKN/HOU,SG,47,31.6,20.2,7.6,17.3,44.1,1.8,5.5,32.6,3.1,3.8,81.1,4.6,5.2,1.4,0.6,2.2,6,0,2021
43,Kristaps PorzingisDAL,C,43,30.9,20.1,7.6,15.9,47.6,2.3,6.0,37.6,2.7,3.2,85.5,8.9,1.6,0.5,1.3,1.2,16,0,2021
44,Victor OladipoIND/MIA/HOU,SG,33,32.7,19.8,7.1,17.5,40.8,2.4,7.2,32.6,3.2,4.2,75.4,4.8,4.6,1.4,0.4,2.5,0,0,2021
45,Gordon HaywardCHA,SF,44,34.0,19.6,7.1,15.0,47.3,1.9,4.7,41.5,3.5,4.2,84.3,5.9,4.1,1.2,0.3,2.1,2,0,2021
46,Fred VanVleetTOR,SG,52,36.5,19.6,6.5,16.7,38.9,3.3,9.2,36.6,3.3,3.7,88.5,4.2,6.3,1.7,0.7,1.8,5,0,2021
47,Malik BeasleyMIN,SG,37,32.8,19.6,7.1,16.2,44.0,3.5,8.7,39.9,1.8,2.2,85.0,4.4,2.4,0.8,0.2,1.6,0,0,2021
48,Tobias HarrisPHI,PF,62,32.5,19.5,7.6,14.9,51.2,1.3,3.4,39.4,2.9,3.3,89.2,6.8,3.5,0.9,0.8,1.7,11,0,2021
49,Anthony EdwardsMIN,SG,72,32.1,19.3,7.0,16.8,41.7,2.4,7.2,32.9,2.9,3.8,77.6,4.7,2.9,1.1,0.5,2.2,3,0,2021
50,Kemba WalkerBOS,PG,43,31.8,19.3,6.6,15.7,42.0,3.0,8.2,36.0,3.1,3.5,89.9,4.0,4.9,1.1,0.3,2.0,0,0,2021
1,Joel EmbiidPHI,C,68,33.8,30.6,9.8,19.6,49.9,1.4,3.7,37.1,9.6,11.8,81.4,11.7,4.2,1.1,1.5,3.1,46,2,2022
2,LeBron JamesLAL,SF,56,37.2,30.3,11.4,21.8,52.4,2.9,8.0,35.9,4.5,6.0,75.6,8.2,6.2,1.3,1.1,3.5,21,6,2022
3,Giannis AntetokounmpoMIL,PF,67,32.9,29.9,10.3,18.6,55.3,1.1,3.6,29.3,8.3,11.4,72.2,11.6,5.8,1.1,1.4,3.3,46,4,2022
4,Kevin DurantBKN,PF,55,37.2,29.9,10.5,20.3,51.8,2.1,5.5,38.3,6.8,7.4,91.0,7.4,6.4,0.9,0.9,3.5,18,4,2022
5,Luka DoncicDAL,PG,65,35.4,28.4,9.9,21.6,45.7,3.1,8.8,35.3,5.6,7.5,74.4,9.1,8.7,1.2,0.6,4.5,44,10,2022
6,Trae YoungATL,PG,76,34.9,28.4,9.4,20.3,46.0,3.1,8.0,38.2,6.6,7.3,90.4,3.7,9.7,0.9,0.1,4.0,42,0,2022
7,DeMar DeRozanCHI,SF,76,36.1,27.9,10.2,20.2,50.4,0.7,1.9,35.2,6.8,7.8,87.7,5.2,4.9,0.9,0.3,2.4,6,0,2022
8,Kyrie IrvingBKN,PG,29,37.7,27.4,10.0,21.2,46.9,3.4,8.2,41.8,4.1,4.4,91.5,4.4,5.8,1.4,0.6,2.5,2,0,2022
9,Ja MorantMEM,PG,57,33.1,27.4,10.2,20.6,49.3,1.5,4.5,34.4,5.5,7.3,76.1,5.7,6.7,1.2,0.4,3.4,10,1,2022
10,Nikola JokicDEN,C,74,33.5,27.1,10.3,17.7,58.3,1.3,3.9,33.7,5.1,6.3,81.0,13.8,7.9,1.5,0.9,3.8,66,19,2022
11,Jayson TatumBOS,SF,76,35.9,26.9,9.3,20.6,45.3,3.0,8.6,35.3,5.3,6.2,85.3,8.0,4.4,1.0,0.6,2.9,22,0,2022
12,Devin BookerPHX,SG,68,34.5,26.8,9.7,20.9,46.6,2.7,7.0,38.3,4.6,5.3,86.8,5.0,4.8,1.1,0.4,2.4,5,0,2022
13,Donovan MitchellUTAH,SG,67,33.8,25.9,9.2,20.5,44.8,3.5,9.8,35.5,4.0,4.7,85.3,4.2,5.3,1.5,0.2,3.0,3,0,2022
14,Stephen CurryGS,PG,64,34.5,25.5,8.4,19.1,43.7,4.5,11.7,38.0,4.3,4.7,92.3,5.2,6.3,1.3,0.4,3.2,12,2,2022
15,Karl-Anthony TownsMIN,C,74,33.4,24.6,8.7,16.4,52.9,2.0,4.9,41.0,5.2,6.3,82.2,9.8,3.6,1.0,1.1,3.1,40,1,2022
16,Shai Gilgeous-AlexanderOKC,PG,56,34.7,24.5,8.5,18.8,45.3,1.6,5.3,30.0,5.9,7.2,81.0,5.0,5.9,1.3,0.8,2.8,6,1,2022
17,Zach LaVineCHI,SG,67,34.7,24.4,8.4,17.7,47.6,2.8,7.1,38.9,4.8,5.6,85.3,4.6,4.5,0.6,0.3,2.6,0,0,2022
18,Paul GeorgeLAC,SG,31,34.7,24.3,8.6,20.5,42.1,2.9,8.3,35.4,4.1,4.8,85.8,6.9,5.7,2.2,0.4,4.1,7,0,2022
19,Damian LillardPOR,PG,29,36.4,24.0,7.7,19.0,40.2,3.2,9.8,32.4,5.5,6.2,87.8,4.1,7.3,0.6,0.4,2.9,8,0,2022
20,Jaylen BrownBOS,SG,66,33.6,23.6,8.7,18.4,47.3,2.5,7.0,35.8,3.7,4.8,75.8,6.1,3.5,1.1,0.3,2.7,11,2,2022
21,Bradley BealWSH,SG,40,36.0,23.2,8.7,19.3,45.1,1.6,5.3,30.0,4.2,5.1,83.3,4.7,6.6,0.9,0.4,3.4,4,0,2022
22,Anthony DavisLAL,PF,40,35.1,23.2,9.3,17.4,53.2,0.3,1.8,18.6,4.4,6.1,71.3,9.9,3.1,1.2,2.3,2.1,19,0,2022
23,De'Aaron FoxSAC,PG,59,35.3,23.2,8.7,18.5,47.3,1.3,4.2,29.7,4.4,5.9,75.0,3.9,5.6,1.2,0.4,2.8,5,0,2022
24,Pascal SiakamTOR,PF,68,37.9,22.8,8.8,17.8,49.4,1.1,3.2,34.4,4.2,5.6,74.9,8.5,5.3,1.3,0.6,2.7,30,2,2022
25,Brandon IngramNO,SF,55,34.0,22.7,8.2,17.9,46.1,1.3,4.1,32.7,4.8,5.9,82.6,5.8,5.6,0.6,0.5,2.7,7,0,2022
26,CJ McCollumPOR/NO,SG,62,34.6,22.1,8.6,18.8,46.0,2.9,7.6,38.8,1.9,2.7,68.2,4.3,5.1,1.1,0.4,2.0,3,0,2022
27,James HardenBKN/PHI,SG,65,37.2,22.0,6.3,15.3,41.0,2.3,6.9,33.0,7.2,8.2,87.7,7.7,10.3,1.3,0.6,4.4,42,11,2022
28,Darius GarlandCLE,PG,68,35.7,21.7,8.0,17.3,46.2,2.6,6.7,38.3,3.2,3.5,89.2,3.3,8.6,1.3,0.1,3.6,29,1,2022
29,Jimmy ButlerMIA,SF,57,33.9,21.4,7.0,14.5,48.0,0.5,2.0,23.3,6.9,8.0,87.0,5.9,5.5,1.6,0.5,2.1,12,4,2022
30,Anthony EdwardsMIN,SG,72,34.3,21.3,7.6,17.3,44.1,3.0,8.4,35.7,3.1,3.9,78.6,4.8,3.8,1.5,0.6,2.6,4,0,2022
31,Dejounte MurraySA,SG,68,34.8,21.1,8.4,18.3,46.2,1.4,4.3,32.7,2.9,3.6,79.4,8.3,9.2,2.0,0.3,2.6,39,13,2022
32,Tyler HerroMIA,PG,66,32.6,20.7,7.6,17.0,44.7,2.7,6.7,39.9,2.9,3.3,86.8,5.0,4.0,0.7,0.1,2.6,3,0,2022
33,Klay ThompsonGS,SG,32,29.4,20.4,7.7,17.9,42.9,3.6,9.3,38.5,1.4,1.6,90.2,3.9,2.8,0.5,0.5,1.3,0,0,2022
34,Fred VanVleetTOR,SG,65,37.9,20.3,6.8,16.9,40.3,3.7,9.9,37.7,3.0,3.4,87.4,4.4,6.7,1.7,0.5,2.6,10,1,2022
35,Kristaps PorzingisWSH/DAL,C,51,29.0,20.2,6.9,15.0,45.9,1.5,4.9,31.0,4.9,5.6,86.7,8.1,2.3,0.7,1.6,1.6,15,0,2022
36,Miles BridgesCHA,SF,80,35.5,20.2,7.5,15.2,49.1,1.9,5.8,33.1,3.3,4.2,80.2,7.0,3.8,0.9,0.8,1.9,15,0,2022
37,LaMelo BallCHA,PG,75,32.3,20.1,7.2,16.7,42.9,2.9,7.5,38.9,2.8,3.2,87.2,6.7,7.6,1.6,0.4,3.3,23,5,2022
38,Julius RandleNY,PF,72,35.3,20.1,7.1,17.3,41.1,1.7,5.4,30.8,4.2,5.6,75.6,9.9,5.1,0.7,0.5,3.4,31,1,2022
39,Khris MiddletonMIL,SF,66,32.4,20.1,6.8,15.5,44.3,2.5,6.6,37.3,3.9,4.4,89.0,5.4,5.4,1.2,0.3,2.9,4,0,2022
40,RJ BarrettNY,SG,70,34.5,20.0,7.0,17.1,40.8,2.0,5.8,34.2,4.1,5.8,71.4,5.8,3.0,0.6,0.2,2.2,4,0,2022
41,Terry RozierCHA,SG,73,33.7,19.3,7.1,16.0,44.4,3.0,8.1,37.4,2.1,2.4,85.2,4.3,4.5,1.3,0.3,1.3,3,1,2022
42,Jerami GrantDET,SF,47,31.9,19.2,6.3,14.9,42.6,1.9,5.4,35.8,4.6,5.5,83.8,4.1,2.4,0.9,1.0,1.8,1,0,2022
43,Malcolm BrogdonIND,PG,36,33.5,19.1,6.8,15.1,44.8,1.6,5.2,31.2,4.0,4.6,85.6,5.1,5.9,0.8,0.4,2.1,6,1,2022
44,Bam AdebayoMIA,C,56,32.6,19.1,7.3,13.0,55.7,0.0,0.1,0.0,4.6,6.1,75.3,10.1,3.4,1.4,0.8,2.6,27,0,2022
45,Norman PowellPOR/LAC,SF,45,32.4,19.0,6.2,13.4,46.1,2.4,5.6,41.9,4.2,5.2,81.1,3.2,2.1,0.9,0.5,1.5,0,0,2022
46,Domantas SabonisIND/SAC,PF,62,34.5,18.9,7.1,12.5,57.3,0.6,2.0,31.2,4.0,5.4,74.1,12.1,5.2,1.0,0.4,3.1,46,5,2022
47,Jordan PooleGS,SG,76,30.0,18.5,6.2,13.9,44.8,2.8,7.6,36.4,3.2,3.5,92.5,3.4,4.0,0.8,0.3,2.5,2,0,2022
48,Russell WestbrookLAL,PG,78,34.3,18.5,7.0,15.8,44.4,1.0,3.4,29.8,3.4,5.1,66.7,7.4,7.1,1.0,0.3,3.8,28,10,2022
49,Dillon BrooksMEM,SF,32,27.7,18.4,7.1,16.4,43.2,1.4,4.7,30.9,2.8,3.3,84.9,3.2,2.8,1.1,0.3,1.6,0,0,2022
50,Gary Trent Jr.TOR,SG,70,35.0,18.3,6.4,15.5,41.4,3.0,7.8,38.3,2.5,2.9,85.3,2.7,2.0,1.7,0.3,1.0,0,0,2022
