RK,Team,GP,PTS,FGM,FGA,FG%,3PM,3PA,3P%,FTM,FTA,FT%,OR,DR,REB,AST,STL,BLK,TO,PF,Year
1,Phoenix Suns,82,110.2,40.7,82.8,49.2,8.9,21.6,41.2,19.9,25.8,77.0,11.1,31.9,43.0,23.3,5.8,5.1,14.8,20.9,2010
2,Golden State Warriors,82,108.8,40.6,86.5,46.9,7.7,20.6,37.5,19.9,25.4,78.2,9.2,29.2,38.4,22.4,9.3,4.1,14.7,23.0,2010
3,Denver Nuggets,82,106.5,38.1,81.4,46.8,6.6,18.5,35.9,23.6,30.6,77.2,10.8,30.5,41.4,21.0,8.3,5.1,13.9,22.5,2010
4,Utah Jazz,82,104.2,39.4,80.2,49.1,5.4,14.7,36.4,20.2,27.2,74.1,10.6,31.6,42.2,26.7,8.2,4.9,15.2,22.7,2010
5,Toronto Raptors,82,104.1,39.0,80.9,48.2,6.3,17.0,37.1,19.7,25.8,76.4,9.8,30.6,40.4,22.0,5.7,4.7,13.4,22.2,2010
6,Orlando Magic,82,102.8,36.6,78.0,47.0,10.3,27.3,37.5,19.2,26.5,72.4,9.9,33.4,43.2,19.7,6.2,5.6,14.1,19.9,2010
7,Memphis Grizzlies,82,102.5,39.3,83.8,46.9,4.2,12.4,33.7,19.7,26.9,73.3,13.0,30.4,43.5,18.8,7.9,4.9,15.2,20.2,2010
8,Houston Rockets,82,102.4,37.7,84.4,44.7,7.9,22.4,35.1,19.0,24.7,77.2,11.8,30.1,42.0,21.8,7.1,3.9,14.5,20.9,2010
9,Cleveland Cavaliers,82,102.1,37.8,77.9,48.5,7.3,19.3,38.1,19.1,26.6,72.0,9.6,32.8,42.5,22.4,6.9,5.2,13.9,19.4,2010
9,New York Knicks,82,102.1,38.1,83.9,45.5,9.1,26.2,34.6,16.8,21.5,78.2,10.2,30.2,40.4,21.6,7.1,3.7,14.0,20.0,2010
11,Dallas Mavericks,82,102.0,38.3,82.4,46.5,6.8,18.3,37.3,18.6,22.8,81.6,10.2,31.5,41.7,23.4,7.6,5.5,12.9,19.1,2010
12,Los Angeles Lakers,82,101.7,38.3,83.8,45.7,6.5,19.0,34.1,18.5,24.2,76.5,11.9,32.5,44.3,21.1,7.5,4.9,13.4,19.4,2010
13,Atlanta Hawks,82,101.7,38.8,82.9,46.8,6.4,17.7,36.0,17.7,23.3,75.9,11.8,29.9,41.7,21.8,7.2,5.0,12.0,19.9,2010
14,Oklahoma City Thunder,82,101.5,37.4,80.8,46.2,5.1,15.0,34.0,21.7,27.0,80.5,11.7,31.8,43.5,20.0,8.0,5.9,15.0,21.3,2010
15,San Antonio Spurs,82,101.4,38.4,81.2,47.3,6.8,18.9,35.8,17.8,24.0,74.0,10.8,32.0,42.8,22.3,6.3,4.6,13.6,20.4,2010
16,Indiana Pacers,82,100.8,36.8,83.2,44.3,8.0,23.1,34.8,19.1,24.6,77.5,9.6,31.9,41.5,21.1,7.1,5.4,15.0,22.5,2010
17,New Orleans Hornets,82,100.2,38.8,83.4,46.4,7.0,19.2,36.3,15.8,20.3,77.8,10.4,29.9,40.3,22.3,7.6,3.7,13.5,19.6,2010
18,Sacramento Kings,82,100.0,38.3,84.1,45.6,5.9,16.9,34.9,17.4,24.0,72.6,11.9,30.7,42.6,20.5,6.9,4.5,15.0,22.3,2010
19,Boston Celtics,82,99.2,37.1,76.8,48.3,6.1,17.5,34.8,19.0,25.5,74.6,8.7,29.9,38.6,23.5,8.5,4.9,14.9,22.1,2010
20,Minnesota Timberwolves,82,98.2,37.9,84.4,44.9,4.9,14.4,34.1,17.5,23.5,74.6,11.7,31.2,42.9,19.8,7.3,3.7,16.3,20.7,2010
21,Portland Trail Blazers,82,98.1,36.3,78.7,46.1,6.0,16.9,35.4,19.6,24.8,79.0,11.1,29.1,40.2,20.4,6.4,4.3,12.3,20.9,2010
22,Philadelphia 76ers,82,97.7,37.6,81.8,46.0,5.8,16.8,34.3,16.7,22.0,75.6,11.5,29.5,41.0,21.0,8.1,5.4,14.5,20.5,2010
23,Milwaukee Bucks,82,97.7,37.2,85.3,43.6,7.9,22.1,35.6,15.4,20.4,75.5,11.8,31.2,43.0,21.2,7.1,4.7,13.2,22.2,2010
24,Chicago Bulls,82,97.5,37.6,83.2,45.1,4.3,13.0,33.0,18.0,23.9,75.4,11.4,33.1,44.5,20.8,6.5,5.8,14.3,20.1,2010
25,Miami Heat,82,96.5,36.4,79.5,45.8,6.0,17.4,34.6,17.7,23.5,75.2,10.7,31.1,41.8,18.9,7.4,5.6,13.2,20.9,2010
26,Washington Wizards,82,96.2,36.7,81.7,44.9,5.3,14.9,35.3,17.6,23.1,76.2,11.8,30.0,41.8,19.0,6.0,5.1,14.9,21.4,2010
27,LA Clippers,82,95.7,36.6,80.5,45.5,5.9,17.8,33.2,16.6,22.8,73.0,11.3,30.5,41.8,22.1,6.5,5.7,15.7,19.3,2010
28,Charlotte Bobcats,82,95.3,34.9,76.9,45.3,5.6,16.2,34.6,20.0,26.6,75.1,10.5,30.4,40.8,20.2,7.7,5.4,15.7,19.5,2010
29,Detroit Pistons,82,94.0,35.9,80.5,44.5,4.6,14.5,31.4,17.7,24.4,72.8,12.8,27.3,40.2,19.4,7.3,3.8,13.4,22.2,2010
30,New Jersey Nets,82,92.4,34.3,79.9,42.9,4.6,14.5,31.8,19.2,24.6,78.0,10.9,28.8,39.7,18.8,7.0,4.8,14.4,20.0,2010
1,Denver Nuggets,82,107.5,38.4,80.6,47.6,8.1,20.8,38.8,22.7,29.6,76.5,9.6,32.3,42.0,22.1,7.4,4.3,14.1,21.0,2011
2,New York Knicks,82,106.5,38.3,83.7,45.7,9.3,25.4,36.8,20.6,25.5,80.9,10.3,30.1,40.5,21.4,7.6,5.8,13.7,21.3,2011
3,Houston Rockets,82,105.9,38.7,85.1,45.4,8.3,22.5,36.7,20.3,25.4,80.1,11.7,31.1,42.8,23.8,7.1,4.5,13.5,20.0,2011
4,Phoenix Suns,82,105.0,39.3,83.5,47.0,8.5,22.6,37.7,18.0,23.6,75.9,10.0,30.2,40.2,23.7,6.6,4.4,14.3,20.3,2011
5,Oklahoma City Thunder,82,104.8,37.4,80.6,46.4,5.9,17.1,34.7,24.1,29.3,82.3,11.0,31.8,42.8,20.4,8.0,5.9,14.1,22.4,2011
6,San Antonio Spurs,82,103.7,38.4,80.8,47.5,8.4,21.1,39.7,18.5,24.2,76.7,10.1,31.7,41.9,22.4,7.3,4.5,13.4,19.0,2011
7,Golden State Warriors,82,103.4,39.6,85.9,46.1,8.4,21.3,39.2,15.7,20.7,76.1,11.6,28.9,40.5,22.5,9.0,5.0,14.6,22.0,2011
8,Miami Heat,82,102.1,37.0,76.8,48.1,6.7,18.0,37.0,21.5,27.9,76.9,9.6,32.5,42.1,20.0,6.6,5.2,13.9,20.4,2011
9,Los Angeles Lakers,82,101.5,38.1,82.4,46.3,6.4,18.1,35.2,18.8,24.1,77.9,12.1,31.9,44.0,22.0,7.3,5.1,13.1,19.0,2011
10,Minnesota Timberwolves,82,101.1,37.7,85.5,44.1,7.2,19.1,37.6,18.5,24.1,76.8,13.2,31.2,44.4,20.1,7.2,5.1,17.0,22.3,2011
11,Dallas Mavericks,82,100.2,37.4,78.8,47.5,7.9,21.6,36.5,17.5,22.6,77.7,9.5,31.9,41.4,23.8,6.8,4.3,14.0,19.2,2011
12,Memphis Grizzlies,82,99.9,39.0,82.9,47.1,3.8,11.3,33.4,18.1,24.2,75.0,11.8,29.2,41.0,20.6,9.4,5.4,14.0,20.8,2011
13,Indiana Pacers,82,99.8,36.6,82.8,44.2,7.1,20.2,35.4,19.4,24.8,78.2,11.1,32.4,43.5,19.6,7.1,5.6,15.4,21.7,2011
14,Utah Jazz,82,99.4,37.4,80.4,46.5,5.3,15.3,34.6,19.4,25.1,77.1,11.0,28.5,39.5,23.4,7.7,5.9,14.3,22.7,2011
15,Sacramento Kings,82,99.4,38.2,85.1,44.9,5.2,15.6,33.5,17.7,24.2,73.4,13.1,30.8,43.9,20.4,7.4,4.8,16.1,22.0,2011
16,Orlando Magic,82,99.2,36.0,78.2,46.1,9.4,25.6,36.6,17.7,25.6,69.2,10.5,32.7,43.2,20.0,6.7,4.7,14.9,20.0,2011
17,Toronto Raptors,82,99.1,38.3,82.4,46.5,4.2,13.3,31.6,18.2,24.1,75.5,11.7,28.6,40.3,21.9,7.1,4.3,14.7,22.0,2011
18,Philadelphia 76ers,82,99.0,38.1,82.6,46.1,5.4,15.2,35.5,17.4,22.6,77.0,10.4,31.4,41.8,22.7,7.6,4.3,13.0,19.4,2011
19,LA Clippers,82,98.6,36.8,80.4,45.7,6.3,18.5,33.8,18.9,26.7,70.7,11.6,30.5,42.1,22.1,7.1,4.9,16.4,21.1,2011
20,Chicago Bulls,82,98.6,37.1,80.3,46.2,6.2,17.3,36.1,18.2,24.5,74.3,11.8,32.4,44.2,22.3,7.2,5.7,14.2,20.0,2011
21,Washington Wizards,82,97.3,37.2,84.0,44.3,4.8,14.4,33.2,18.2,24.4,74.5,12.4,29.0,41.3,19.4,8.1,6.1,15.3,22.6,2011
22,Detroit Pistons,82,97.0,37.3,81.1,46.0,5.8,15.3,37.6,16.7,22.6,73.7,11.4,27.3,38.6,21.1,7.3,4.0,13.0,19.9,2011
23,Boston Celtics,82,96.5,36.9,75.8,48.6,5.0,13.6,36.5,17.8,23.1,77.0,7.8,31.0,38.8,23.4,8.2,4.2,14.6,20.5,2011
24,Portland Trail Blazers,82,96.3,36.0,80.5,44.7,6.3,18.3,34.5,18.0,22.4,80.4,12.1,27.2,39.3,21.2,8.0,4.4,13.0,19.3,2011
25,Cleveland Cavaliers,82,95.5,35.2,81.1,43.4,6.2,18.2,34.2,18.9,25.3,74.5,10.4,29.9,40.3,21.0,6.6,4.2,14.2,20.1,2011
26,Atlanta Hawks,82,95.0,36.2,78.4,46.2,6.1,17.4,35.2,16.4,21.1,77.9,9.3,30.0,39.3,22.0,6.1,4.2,13.6,19.0,2011
27,New Orleans Hornets,82,94.9,35.9,78.2,45.9,5.4,15.0,36.0,17.7,23.1,76.5,10.0,30.1,40.1,20.6,7.6,4.4,13.0,21.0,2011
28,New Jersey Nets,82,94.2,35.6,81.0,44.0,5.6,16.3,34.3,17.4,22.9,75.9,11.1,29.8,40.8,21.0,5.6,4.7,14.0,22.0,2011
29,Charlotte Bobcats,82,93.3,35.0,77.6,45.1,4.8,14.7,32.7,18.4,24.4,75.6,10.3,29.8,40.1,21.1,6.4,5.3,14.5,20.0,2011
30,Milwaukee Bucks,82,91.9,34.3,79.8,43.0,5.9,17.2,34.2,17.4,22.9,75.7,10.5,30.2,40.8,18.8,7.5,4.9,13.5,20.5,2011
1,Denver Nuggets,66,104.1,39.0,81.9,47.6,6.6,19.9,33.2,19.6,26.7,73.5,11.2,31.9,43.1,24.0,8.2,5.0,15.4,19.7,2012
2,San Antonio Spurs,66,103.7,39.6,82.8,47.8,8.4,21.3,39.3,16.2,21.6,74.8,10.3,32.6,43.0,23.2,7.4,4.4,13.6,17.3,2012
3,Oklahoma City Thunder,66,103.1,37.3,79.2,47.1,7.2,20.0,35.8,21.3,26.4,80.6,11.0,32.7,43.7,18.5,7.5,8.2,16.3,20.5,2012
4,Utah Jazz,66,99.7,38.2,83.8,45.6,4.1,12.8,32.3,19.1,25.3,75.4,13.0,31.1,44.2,21.8,8.3,5.8,14.2,21.8,2012
5,Milwaukee Bucks,66,99.0,37.9,85.6,44.3,6.6,19.2,34.5,16.6,21.4,77.4,12.4,30.0,42.5,23.5,8.3,5.1,14.1,19.3,2012
6,Sacramento Kings,66,98.8,37.7,86.5,43.6,6.2,19.7,31.6,17.1,23.2,73.6,13.4,29.5,42.9,19.3,8.5,4.9,14.4,19.5,2012
7,Miami Heat,66,98.5,37.1,79.0,46.9,5.6,15.6,35.9,18.8,24.2,77.5,10.4,31.2,41.6,20.0,8.9,5.4,15.2,19.4,2012
8,Phoenix Suns,66,98.4,37.8,82.5,45.8,6.7,19.6,34.3,16.0,21.2,75.7,10.9,30.8,41.7,22.5,6.5,5.5,14.1,18.7,2012
9,Houston Rockets,66,98.1,37.7,84.0,44.9,7.2,20.2,35.9,15.4,19.7,78.2,11.7,30.5,42.2,21.3,7.5,4.8,14.5,20.4,2012
10,Minnesota Timberwolves,66,97.9,35.7,82.3,43.3,7.2,21.6,33.2,19.4,25.2,77.1,12.1,31.7,43.7,19.5,6.6,4.4,15.2,18.4,2012
11,New York Knicks,66,97.8,35.8,80.8,44.3,7.8,23.3,33.6,18.3,24.8,74.1,11.3,30.5,41.7,20.1,9.4,4.2,16.0,21.1,2012
12,Golden State Warriors,66,97.8,37.7,82.5,45.7,7.9,20.5,38.8,14.4,18.7,77.0,9.7,29.5,39.2,22.3,8.0,5.5,13.9,21.4,2012
13,Indiana Pacers,66,97.7,35.7,81.4,43.8,5.9,16.1,36.8,20.4,26.1,78.2,12.5,31.4,43.9,18.6,7.9,5.4,14.0,21.7,2012
14,LA Clippers,66,97.5,37.0,81.3,45.5,7.8,21.8,35.7,15.8,23.3,68.0,12.1,29.4,41.6,21.0,8.4,4.8,13.3,21.2,2012
15,Los Angeles Lakers,66,97.3,36.8,80.6,45.7,5.5,16.8,32.6,18.2,24.1,75.6,12.1,34.1,46.2,22.5,5.9,5.3,15.1,16.8,2012
16,Portland Trail Blazers,66,97.2,36.4,82.1,44.3,7.2,20.9,34.6,17.2,21.6,79.6,11.1,29.5,40.7,20.4,8.0,4.9,14.2,19.0,2012
17,Atlanta Hawks,66,96.6,36.8,81.0,45.4,7.5,20.2,37.0,15.5,21.0,74.0,9.9,31.3,41.2,22.4,8.1,4.6,14.0,17.8,2012
18,Chicago Bulls,66,96.3,37.4,82.8,45.2,6.3,16.9,37.5,15.2,21.1,72.2,13.9,32.8,46.7,23.1,6.9,5.9,14.0,17.3,2012
19,Dallas Mavericks,66,95.8,36.3,82.0,44.3,7.5,22.2,33.9,15.6,20.2,77.1,10.1,32.7,42.8,20.9,8.6,5.1,14.0,18.6,2012
20,Memphis Grizzlies,66,95.0,36.7,82.2,44.7,4.2,12.9,32.6,17.3,22.8,75.9,12.6,29.5,42.0,19.5,9.6,5.2,14.5,19.9,2012
21,Orlando Magic,66,94.2,34.5,78.2,44.1,10.2,27.0,37.5,15.1,22.8,66.0,11.2,31.2,42.5,20.0,6.8,4.2,14.9,17.7,2012
22,Philadelphia 76ers,66,93.6,37.4,83.6,44.8,5.3,14.6,36.2,13.5,18.2,74.2,10.7,32.5,43.2,22.0,8.0,5.2,11.2,17.5,2012
22,Washington Wizards,66,93.6,36.6,83.0,44.1,5.2,16.3,32.0,15.3,21.0,72.7,11.7,29.9,41.7,19.1,8.0,6.3,15.3,21.3,2012
24,New Jersey Nets,66,93.1,34.3,80.6,42.5,7.7,22.4,34.2,16.9,21.7,77.7,11.9,28.5,40.3,19.9,7.5,3.9,15.1,19.2,2012
25,Cleveland Cavaliers,66,93.0,34.3,81.2,42.2,6.7,19.3,34.6,17.8,24.9,71.6,12.7,29.5,42.3,19.8,7.1,4.0,15.4,20.0,2012
26,Boston Celtics,66,91.8,35.5,77.1,46.0,5.5,15.0,36.7,15.4,19.8,77.8,7.7,31.1,38.8,23.6,7.5,5.5,14.8,19.9,2012
27,Detroit Pistons,66,90.9,34.7,79.3,43.8,4.8,13.9,34.6,16.6,22.1,75.2,11.7,28.5,40.3,18.7,7.0,4.2,15.7,19.6,2012
28,Toronto Raptors,66,90.7,34.4,78.1,44.0,5.5,16.3,34.0,16.4,21.4,76.9,10.6,31.4,42.0,20.9,6.5,4.9,15.2,23.2,2012
29,New Orleans Hornets,66,89.6,34.8,77.3,45.1,3.9,11.8,33.3,16.0,21.2,75.7,11.0,30.2,41.1,20.7,7.4,4.8,15.5,20.1,2012
30,Charlotte Bobcats,66,87.0,33.2,80.2,41.4,4.0,13.5,29.5,16.5,22.2,74.6,10.3,28.7,39.0,20.1,6.0,5.5,14.5,18.9,2012
1,Denver Nuggets,82,106.1,40.7,85.2,47.8,6.4,18.5,34.3,18.4,26.2,70.1,13.3,31.7,45.0,24.4,9.3,6.5,14.7,20.5,2013
2,Houston Rockets,82,106.0,38.1,82.7,46.1,10.6,28.9,36.6,19.2,25.5,75.4,11.1,32.3,43.4,23.2,8.3,4.4,15.8,20.3,2013
3,Oklahoma City Thunder,82,105.7,38.1,79.3,48.1,7.3,19.4,37.7,22.2,26.8,82.8,10.4,33.2,43.6,21.4,8.3,7.6,14.6,20.2,2013
4,San Antonio Spurs,82,103.0,39.1,81.4,48.1,8.1,21.5,37.6,16.6,21.0,79.1,8.1,33.2,41.3,25.1,8.5,5.4,14.1,17.4,2013
5,Miami Heat,82,102.9,38.4,77.4,49.6,8.7,22.1,39.6,17.4,23.0,75.4,8.2,30.4,38.6,23.0,8.7,5.4,13.3,18.7,2013
6,Los Angeles Lakers,82,102.2,37.1,81.0,45.8,8.7,24.6,35.5,19.3,27.9,69.2,11.5,33.3,44.8,22.2,7.0,5.2,14.6,17.9,2013
7,Golden State Warriors,82,101.2,38.2,83.4,45.8,8.0,19.9,40.3,16.8,21.3,79.0,10.8,34.2,45.0,22.5,6.9,4.2,14.8,21.4,2013
8,Dallas Mavericks,82,101.1,38.8,84.0,46.2,7.4,19.9,37.2,16.1,20.4,79.3,9.4,32.6,41.9,23.2,7.9,5.5,13.5,20.7,2013
9,LA Clippers,82,101.1,38.5,80.6,47.8,7.6,21.4,35.8,16.4,23.0,71.1,11.4,30.2,41.6,23.9,9.6,5.6,13.8,20.9,2013
10,Sacramento Kings,82,100.2,37.6,84.2,44.7,7.4,20.5,36.3,17.5,22.8,76.9,11.5,29.1,40.6,20.8,8.2,4.2,14.0,20.9,2013
11,New York Knicks,82,100.0,36.5,81.6,44.8,10.9,28.9,37.6,16.0,21.1,75.9,10.9,29.7,40.6,19.3,8.2,3.6,11.6,20.1,2013
12,Milwaukee Bucks,82,98.9,38.1,87.8,43.5,7.3,20.4,36.0,15.3,20.7,73.6,13.0,30.9,44.0,22.9,8.4,6.7,13.6,19.0,2013
13,Utah Jazz,82,98.0,37.1,81.8,45.4,6.2,16.9,36.6,17.5,23.0,76.4,12.1,30.0,42.0,22.7,8.4,6.3,14.2,21.3,2013
14,Atlanta Hawks,82,98.0,37.6,81.0,46.4,8.6,23.2,37.1,14.1,19.7,71.5,9.2,31.6,40.9,24.5,8.1,4.5,14.3,18.0,2013
15,Portland Trail Blazers,82,97.5,36.7,81.9,44.8,8.2,23.2,35.3,15.9,20.5,77.6,10.7,30.2,40.8,21.8,6.6,4.3,14.2,18.5,2013
16,Toronto Raptors,82,97.2,36.3,81.5,44.6,7.0,20.3,34.3,17.6,22.3,78.8,10.6,29.6,40.2,21.5,7.3,4.8,13.2,22.4,2013
17,Brooklyn Nets,82,96.9,35.9,79.8,45.0,7.7,21.5,35.7,17.5,23.9,73.1,12.8,30.0,42.8,20.3,7.3,4.8,13.9,18.3,2013
18,Boston Celtics,81,96.5,37.0,79.7,46.5,6.1,17.2,35.8,16.3,21.0,77.6,8.1,31.3,39.3,22.8,8.2,4.5,13.9,21.2,2013
19,Cleveland Cavaliers,82,96.5,36.5,84.2,43.4,6.7,19.3,34.6,16.8,22.3,75.6,12.2,28.8,41.0,20.7,7.9,4.1,13.4,21.2,2013
20,Minnesota Timberwolves,82,95.7,35.9,81.7,43.9,5.5,18.0,30.5,18.5,24.9,74.2,11.9,30.2,42.0,22.4,8.5,4.7,14.1,18.4,2013
21,Phoenix Suns,82,95.2,37.3,84.4,44.3,5.9,17.7,33.0,14.7,19.7,74.4,11.7,29.9,41.6,22.6,8.0,5.3,14.9,20.6,2013
22,Detroit Pistons,82,94.9,36.3,81.0,44.9,6.3,17.6,35.6,15.9,22.8,69.9,12.1,30.0,42.1,21.2,7.0,4.9,14.6,19.8,2013
23,Indiana Pacers,81,94.7,35.1,80.6,43.6,6.9,19.7,34.7,17.6,23.6,74.6,12.9,33.0,45.9,20.3,7.2,6.3,14.5,20.0,2013
24,Orlando Magic,82,94.1,37.7,84.2,44.8,6.2,18.7,32.9,12.5,16.6,75.5,10.9,31.9,42.7,22.8,6.4,4.4,14.0,19.4,2013
25,New Orleans Hornets,82,94.1,36.0,80.4,44.8,6.5,18.0,36.3,15.5,20.0,77.6,12.0,29.6,41.6,21.0,6.3,5.4,13.7,20.4,2013
26,Charlotte Bobcats,82,93.4,34.4,81.1,42.5,5.7,17.1,33.5,18.9,25.1,75.0,11.2,29.1,40.3,19.4,7.2,5.8,13.1,19.0,2013
27,Memphis Grizzlies,82,93.4,36.1,81.5,44.4,4.7,13.5,34.5,16.5,21.3,77.3,12.9,29.8,42.7,20.9,8.6,5.3,13.2,20.2,2013
28,Washington Wizards,82,93.2,35.5,81.6,43.5,6.6,18.2,36.5,15.6,21.3,73.3,10.8,32.3,43.2,21.6,7.3,4.6,14.6,20.5,2013
29,Chicago Bulls,82,93.2,35.7,81.7,43.7,5.4,15.4,35.3,16.4,21.2,77.3,12.5,30.7,43.2,23.0,7.2,5.1,13.7,19.7,2013
30,Philadelphia 76ers,82,93.2,37.3,84.1,44.4,6.3,17.5,36.0,12.2,16.8,72.9,10.9,30.4,41.3,22.8,7.4,4.7,12.6,18.4,2013
1,LA Clippers,82,107.9,39.1,82.5,47.4,8.5,24.0,35.2,21.2,29.1,73.0,10.5,32.5,43.0,24.6,8.6,4.8,13.3,21.5,2014
2,Houston Rockets,82,107.7,38.0,80.5,47.2,9.5,26.6,35.8,22.1,31.1,71.2,11.2,34.1,45.3,21.4,7.6,5.6,15.4,20.4,2014
3,Minnesota Timberwolves,82,106.9,38.9,87.5,44.4,7.3,21.4,34.1,21.8,28.1,77.8,12.5,32.2,44.7,24.0,8.8,3.6,13.5,18.3,2014
4,Portland Trail Blazers,82,106.7,39.1,87.0,45.0,9.4,25.3,37.2,19.1,23.5,81.5,12.5,34.0,46.4,23.2,5.5,4.7,13.3,19.2,2014
5,Oklahoma City Thunder,82,106.2,39.0,82.7,47.1,8.1,22.4,36.1,20.2,25.0,80.6,10.8,33.9,44.7,21.9,8.3,6.1,14.8,22.7,2014
6,San Antonio Spurs,82,105.4,40.6,83.5,48.6,8.5,21.4,39.7,15.7,20.0,78.5,9.3,34.0,43.3,25.2,7.4,5.1,14.1,18.2,2014
7,Phoenix Suns,82,105.2,38.7,83.5,46.3,9.3,25.1,37.2,18.5,24.4,75.8,11.3,31.7,43.0,19.1,8.4,4.6,14.8,21.9,2014
8,Dallas Mavericks,82,104.8,39.6,83.6,47.4,8.8,22.9,38.4,16.8,21.1,79.5,10.2,30.7,40.9,23.6,8.6,4.3,13.2,20.0,2014
9,Denver Nuggets,82,104.4,38.4,85.9,44.7,8.6,23.9,35.8,19.1,26.3,72.6,12.3,33.1,45.4,22.4,7.5,5.6,15.4,23.0,2014
10,Golden State Warriors,82,104.3,39.5,85.4,46.2,9.4,24.8,38.0,15.9,21.1,75.3,10.9,34.4,45.3,23.3,7.8,5.0,14.9,21.8,2014
11,Los Angeles Lakers,82,103.0,38.3,85.1,45.0,9.4,24.8,38.1,17.0,22.4,75.7,9.1,32.0,41.0,24.5,7.5,5.4,14.8,19.8,2014
12,Miami Heat,82,102.2,38.3,76.5,50.1,8.1,22.3,36.4,17.5,23.0,76.0,7.6,29.2,36.9,22.5,8.9,4.5,14.2,19.5,2014
13,Toronto Raptors,82,101.3,36.5,81.9,44.5,8.7,23.4,37.2,19.6,25.1,78.2,11.4,31.1,42.5,21.2,7.0,4.2,13.4,23.0,2014
14,Detroit Pistons,82,101.0,38.8,86.9,44.7,6.2,19.3,32.1,17.3,25.7,67.0,14.6,30.8,45.4,20.9,8.4,4.8,13.9,20.3,2014
15,Atlanta Hawks,82,101.0,37.3,81.6,45.8,9.4,25.8,36.3,17.0,21.7,78.1,8.7,31.3,40.0,24.9,8.3,4.0,14.5,19.2,2014
16,Washington Wizards,82,100.7,38.7,84.4,45.9,7.9,20.8,38.0,15.3,20.9,73.1,10.8,31.4,42.2,23.3,8.1,4.6,14.1,20.4,2014
17,Sacramento Kings,82,100.5,36.9,82.5,44.7,6.0,18.0,33.3,20.7,27.3,75.9,12.1,32.4,44.5,18.9,7.2,3.9,14.7,22.5,2014
18,New Orleans Pelicans,82,99.7,37.8,82.5,45.9,5.9,15.9,37.3,18.2,23.6,76.9,11.4,30.3,41.7,21.3,7.9,6.4,13.0,22.6,2014
19,Philadelphia 76ers,82,99.5,37.9,87.2,43.5,7.0,22.5,31.2,16.6,23.4,71.0,11.6,31.2,42.7,21.8,9.3,4.0,16.4,22.5,2014
20,New York Knicks,82,98.6,36.9,82.2,44.9,9.3,24.9,37.2,15.5,20.4,76.1,10.6,29.7,40.3,20.0,7.7,4.5,12.4,22.1,2014
21,Brooklyn Nets,82,98.5,35.7,77.9,45.9,8.6,23.4,36.9,18.4,24.4,75.3,8.8,29.4,38.1,20.9,8.6,3.8,14.0,21.7,2014
22,Cleveland Cavaliers,82,98.2,37.0,84.8,43.7,7.1,20.0,35.6,17.0,22.7,75.1,12.1,32.1,44.1,21.2,7.1,3.7,13.5,20.0,2014
23,Charlotte Bobcats,82,96.9,36.3,82.1,44.2,6.3,17.9,35.1,18.0,24.4,73.7,9.5,33.2,42.7,21.7,6.1,5.1,11.6,18.2,2014
24,Indiana Pacers,82,96.7,36.0,80.2,44.9,6.7,18.8,35.7,18.1,23.3,77.9,10.2,34.5,44.7,20.1,6.7,5.4,14.5,20.4,2014
25,Orlando Magic,82,96.5,36.9,82.7,44.5,6.9,19.5,35.3,15.9,20.9,76.3,9.7,32.4,42.0,21.0,7.7,4.3,14.2,20.5,2014
26,Boston Celtics,82,96.2,36.5,83.9,43.5,7.0,21.1,33.3,16.2,20.8,77.7,12.0,30.5,42.5,21.0,7.1,4.2,14.4,21.3,2014
27,Memphis Grizzlies,82,96.1,38.1,82.0,46.4,4.9,14.0,35.3,15.1,20.3,74.1,11.6,30.8,42.4,21.9,7.7,4.6,12.9,19.1,2014
28,Milwaukee Bucks,82,95.5,36.0,82.2,43.8,6.7,18.9,35.3,16.8,22.5,74.7,11.8,29.3,41.1,21.5,6.6,4.9,14.3,20.9,2014
29,Utah Jazz,82,95.0,36.0,81.1,44.4,6.6,19.2,34.4,16.4,22.0,74.7,11.0,30.2,41.2,20.3,7.0,4.5,14.0,20.7,2014
30,Chicago Bulls,82,93.7,34.7,80.2,43.2,6.2,17.8,34.8,18.1,23.3,77.9,11.4,32.7,44.1,22.7,7.2,5.2,14.0,19.1,2014
1,Golden State Warriors,82,110.0,41.6,87.0,47.8,10.8,27.0,39.8,16.0,20.8,76.8,10.4,34.3,44.7,27.4,9.3,6.0,14.1,19.9,2015
2,LA Clippers,82,106.7,39.4,83.3,47.3,10.1,26.9,37.6,17.9,25.2,71.0,9.6,33.1,42.6,24.8,7.8,5.0,11.8,21.3,2015
3,Dallas Mavericks,82,105.2,39.7,85.8,46.3,8.9,25.4,35.2,16.9,22.5,75.2,10.5,31.8,42.3,22.5,8.1,4.5,12.5,20.0,2015
4,Toronto Raptors,82,104.0,37.9,83.3,45.5,8.9,25.1,35.2,19.3,24.6,78.7,10.7,30.8,41.5,20.7,7.5,4.4,12.2,20.9,2015
5,Oklahoma City Thunder,82,104.0,38.8,86.8,44.7,7.7,22.7,33.9,18.6,24.6,75.4,12.8,34.7,47.5,20.5,7.3,5.5,14.0,22.3,2015
6,Houston Rockets,82,103.9,37.0,83.3,44.4,11.4,32.7,34.8,18.6,26.0,71.5,11.7,32.0,43.7,22.2,9.5,5.0,15.9,22.0,2015
7,San Antonio Spurs,82,103.2,39.1,83.6,46.8,8.3,22.5,36.7,16.7,21.4,78.0,9.8,33.8,43.6,24.4,8.0,5.4,13.5,19.1,2015
8,Cleveland Cavaliers,82,103.1,37.7,82.2,45.8,10.1,27.5,36.7,17.7,23.6,75.1,11.1,31.9,43.0,22.1,7.4,4.1,13.6,18.4,2015
9,Portland Trail Blazers,82,102.8,38.7,86.0,45.0,9.8,27.2,36.2,15.5,19.4,80.1,10.7,35.1,45.9,21.9,6.4,4.5,13.3,18.2,2015
10,Atlanta Hawks,82,102.5,38.1,81.7,46.6,10.0,26.2,38.0,16.5,21.2,77.8,8.7,31.8,40.6,25.7,9.1,4.6,13.5,17.8,2015
11,Phoenix Suns,82,102.4,38.8,85.8,45.2,8.5,25.0,34.1,16.4,21.5,76.0,10.9,32.2,43.2,20.2,8.5,4.7,14.5,21.3,2015
12,Denver Nuggets,82,101.5,37.8,87.3,43.3,8.0,24.8,32.5,17.8,24.3,73.4,12.3,32.4,44.7,21.8,7.8,4.5,13.8,23.0,2015
13,Boston Celtics,82,101.4,38.9,87.9,44.3,8.0,24.6,32.7,15.4,20.5,75.4,11.1,32.7,43.8,24.5,8.2,3.6,13.3,21.2,2015
14,Sacramento Kings,82,101.3,36.7,80.7,45.5,5.6,16.5,34.1,22.3,29.3,76.2,10.9,33.3,44.2,20.3,6.7,4.0,15.6,20.7,2015
15,Chicago Bulls,82,100.8,36.6,82.9,44.2,7.9,22.3,35.3,19.7,25.2,78.3,11.7,34.0,45.7,21.7,6.3,5.8,13.2,18.2,2015
16,New Orleans Pelicans,82,99.4,37.9,82.9,45.7,7.1,19.3,37.0,16.4,21.8,75.1,11.5,32.0,43.5,22.0,6.7,6.2,12.6,18.7,2015
17,Washington Wizards,82,98.5,38.3,82.8,46.2,6.1,16.8,36.0,15.9,21.4,74.2,10.5,34.2,44.7,24.0,7.3,4.6,14.4,20.8,2015
18,Detroit Pistons,82,98.5,37.1,85.8,43.2,8.6,24.9,34.4,15.8,22.4,70.3,12.8,32.1,44.9,21.6,7.6,4.7,12.6,19.0,2015
19,Los Angeles Lakers,82,98.5,37.2,85.6,43.5,6.5,18.9,34.4,17.5,23.6,74.1,11.6,32.3,43.9,20.9,7.0,4.5,12.6,21.2,2015
20,Memphis Grizzlies,82,98.3,37.8,82.5,45.8,5.2,15.2,33.9,17.6,22.8,77.3,10.4,32.1,42.6,21.7,8.5,4.2,13.0,19.1,2015
21,Brooklyn Nets,82,98.0,37.4,83.0,45.1,6.6,19.9,33.1,16.6,22.2,74.8,10.3,32.0,42.4,20.9,7.0,4.1,13.4,19.3,2015
22,Milwaukee Bucks,82,97.8,37.6,82.0,45.9,6.6,18.3,36.3,16.0,21.1,75.7,10.7,31.4,42.1,23.6,9.6,4.9,16.0,22.1,2015
23,Minnesota Timberwolves,82,97.8,36.4,83.2,43.8,5.0,14.9,33.2,20.0,25.7,77.6,11.6,29.3,40.9,21.6,8.1,4.0,14.3,19.2,2015
24,Indiana Pacers,82,97.3,36.6,83.2,43.9,7.5,21.2,35.2,16.7,22.2,75.6,10.4,34.4,44.9,21.4,6.2,4.6,13.3,21.2,2015
25,Orlando Magic,82,95.7,37.5,82.8,45.3,6.8,19.5,34.7,13.9,19.1,72.9,10.0,31.8,41.8,20.6,7.9,3.8,14.3,20.9,2015
26,Utah Jazz,82,95.1,35.4,79.2,44.7,7.4,21.7,34.3,17.0,23.5,72.1,12.0,31.9,44.0,19.9,7.6,6.0,14.2,19.3,2015
27,Miami Heat,82,94.7,35.2,77.2,45.6,6.8,20.2,33.5,17.5,23.7,74.1,9.1,30.0,39.1,19.8,7.8,4.5,13.9,20.0,2015
28,Charlotte Hornets,82,94.2,35.5,84.5,42.0,6.1,19.1,31.8,17.0,22.8,74.8,10.0,34.1,44.1,20.2,6.1,5.5,11.2,18.2,2015
29,Philadelphia 76ers,82,92.0,33.7,82.6,40.8,8.4,26.3,32.0,16.1,23.8,67.6,11.9,30.9,42.9,20.5,9.6,5.9,16.9,21.7,2015
30,New York Knicks,82,91.9,35.1,82.0,42.8,6.8,19.7,34.7,14.8,19.2,76.9,10.6,29.8,40.4,21.3,7.0,4.7,13.8,21.6,2015
1,Golden State Warriors,82,114.9,42.5,87.3,48.7,13.1,31.6,41.6,16.7,21.8,76.3,10.0,36.2,46.2,28.9,8.4,6.1,14.9,20.7,2016
2,Oklahoma City Thunder,82,110.2,41.1,86.4,47.6,8.3,23.7,34.8,19.7,25.2,78.2,13.1,35.6,48.6,23.0,7.4,5.9,15.5,20.6,2016
3,Sacramento Kings,82,106.6,40.0,86.4,46.3,8.0,22.4,35.9,18.5,25.5,72.5,10.6,33.7,44.2,24.5,8.9,4.5,15.5,20.4,2016
4,Houston Rockets,82,106.5,37.7,83.5,45.2,10.7,30.9,34.7,20.4,29.4,69.4,11.3,31.7,43.1,22.2,10.0,5.2,15.2,21.8,2016
5,Boston Celtics,82,105.7,39.2,89.2,43.9,8.7,26.1,33.5,18.5,23.5,78.8,11.6,33.3,44.9,24.2,9.2,4.2,13.5,21.9,2016
6,Portland Trail Blazers,82,105.1,38.6,85.9,45.0,10.5,28.5,37.0,17.4,23.0,75.4,11.6,33.9,45.5,21.3,6.9,4.6,14.1,21.7,2016
7,LA Clippers,82,104.5,38.3,82.4,46.5,9.7,26.7,36.4,18.2,26.2,69.2,8.8,33.3,42.0,22.8,8.6,5.6,12.4,21.3,2016
8,Cleveland Cavaliers,82,104.3,38.7,84.0,46.0,10.7,29.6,36.2,16.3,21.7,74.8,10.6,33.9,44.5,22.7,6.7,3.9,12.9,20.3,2016
9,Washington Wizards,82,104.1,39.5,85.8,46.0,8.6,24.2,35.8,16.5,22.5,73.0,9.1,32.8,41.8,24.5,8.6,3.9,13.9,20.8,2016
10,San Antonio Spurs,82,103.5,40.1,82.9,48.4,7.0,18.5,37.5,16.4,20.4,80.3,9.4,34.5,43.9,24.5,8.3,5.9,12.5,17.5,2016
11,Charlotte Hornets,82,103.4,37.0,84.4,43.9,10.6,29.4,36.2,18.7,23.7,79.0,9.0,35.0,43.9,21.7,7.3,5.3,11.9,18.1,2016
12,Atlanta Hawks,82,102.8,38.6,84.4,45.8,9.9,28.4,35.0,15.6,20.0,78.3,8.3,33.8,42.1,25.6,9.1,5.9,14.5,19.1,2016
13,New Orleans Pelicans,82,102.7,38.5,85.9,44.8,8.6,23.8,36.0,17.3,22.2,77.6,9.5,33.1,42.6,22.2,7.7,4.2,13.0,20.9,2016
14,Toronto Raptors,82,102.7,36.7,81.3,45.1,8.6,23.4,37.0,20.8,26.7,77.7,10.2,33.2,43.4,18.7,7.8,5.5,12.1,19.6,2016
15,Minnesota Timberwolves,82,102.4,37.7,81.3,46.4,5.5,16.4,33.8,21.4,27.0,79.2,10.0,31.5,41.6,23.4,8.0,4.6,14.4,20.7,2016
16,Dallas Mavericks,82,102.3,37.4,84.1,44.4,9.8,28.6,34.4,17.7,22.3,79.4,9.2,33.9,43.1,22.1,6.8,3.7,12.3,19.5,2016
17,Indiana Pacers,82,102.2,38.3,85.2,45.0,8.1,23.0,35.1,17.4,22.8,76.4,10.3,33.9,44.2,21.2,9.0,4.8,14.3,20.0,2016
18,Orlando Magic,82,102.1,39.5,86.8,45.5,7.8,22.2,35.0,15.2,20.1,75.7,10.3,33.0,43.3,23.6,8.2,5.1,13.6,20.7,2016
19,Detroit Pistons,82,102.0,37.9,86.4,43.9,9.0,26.2,34.5,17.1,25.5,66.8,12.5,33.9,46.3,19.4,7.0,3.7,13.0,19.0,2016
20,Denver Nuggets,82,101.9,37.7,85.4,44.2,8.0,23.7,33.8,18.5,24.1,76.6,11.5,33.1,44.6,22.7,7.4,4.8,14.2,21.0,2016
21,Chicago Bulls,82,101.6,38.6,87.4,44.1,7.9,21.4,37.1,16.5,21.0,78.7,11.1,35.2,46.3,22.8,6.0,5.7,13.3,18.8,2016
22,Phoenix Suns,82,100.9,37.2,85.6,43.5,9.0,25.8,34.8,17.5,23.2,75.1,11.5,33.3,44.8,20.7,7.7,3.8,16.6,22.7,2016
23,Miami Heat,82,100.0,38.4,81.7,47.0,6.1,18.0,33.6,17.1,23.0,74.4,9.8,34.3,44.1,20.8,6.7,6.5,13.2,18.3,2016
24,Memphis Grizzlies,82,99.1,36.8,83.6,44.0,6.1,18.5,33.1,19.3,24.7,78.3,11.2,30.5,41.6,20.7,8.8,4.3,12.7,21.7,2016
25,Milwaukee Bucks,82,99.0,38.4,82.2,46.7,5.4,15.6,34.5,17.0,22.7,74.7,10.5,31.2,41.7,23.1,8.2,5.8,14.6,20.7,2016
26,Brooklyn Nets,82,98.6,38.2,84.4,45.3,6.5,18.4,35.2,15.7,20.7,75.7,10.5,31.9,42.4,22.3,7.6,4.0,14.3,18.0,2016
27,New York Knicks,82,98.4,36.9,84.0,43.9,7.4,21.5,34.6,17.2,21.4,80.5,10.4,34.0,44.4,20.5,5.7,5.7,12.7,19.7,2016
28,Utah Jazz,82,97.7,36.1,80.4,44.9,8.5,23.8,35.5,17.1,23.0,74.4,10.7,32.5,43.2,19.0,7.7,5.2,14.2,20.2,2016
29,Philadelphia 76ers,82,97.4,36.2,84.0,43.1,9.3,27.5,33.9,15.7,22.6,69.4,9.5,31.8,41.2,21.5,8.3,6.0,15.6,21.7,2016
30,Los Angeles Lakers,82,97.3,35.1,84.8,41.4,7.8,24.6,31.7,19.3,24.7,78.1,10.7,32.3,43.0,18.0,7.2,4.1,13.0,20.3,2016
1,Golden State Warriors,82,115.9,43.1,87.1,49.5,12.0,31.2,38.3,17.8,22.6,78.8,9.4,35.0,44.4,30.4,9.6,6.8,14.4,19.3,2017
2,Houston Rockets,82,115.3,40.3,87.2,46.2,14.4,40.3,35.7,20.3,26.5,76.6,10.9,33.5,44.4,25.2,8.2,4.3,14.5,19.9,2017
3,Denver Nuggets,82,111.7,41.2,87.7,46.9,10.6,28.8,36.8,18.7,24.2,77.4,11.8,34.6,46.4,25.3,6.9,3.9,14.5,19.1,2017
4,Cleveland Cavaliers,82,110.3,39.9,84.9,47.0,13.0,33.9,38.4,17.5,23.3,74.8,9.3,34.4,43.8,22.7,6.6,4.0,13.2,18.1,2017
5,Washington Wizards,82,109.2,41.3,87.0,47.5,9.2,24.8,37.2,17.3,22.1,78.4,10.3,32.6,42.9,23.9,8.5,4.1,13.5,21.3,2017
6,LA Clippers,82,108.7,39.5,83.2,47.5,10.3,27.4,37.5,19.3,26.0,74.5,9.0,34.0,43.0,22.5,7.5,4.2,12.5,19.8,2017
7,Boston Celtics,82,108.0,38.6,85.1,45.4,12.0,33.4,35.9,18.7,23.2,80.7,9.1,32.9,42.0,25.2,7.5,4.1,12.6,20.6,2017
8,Portland Trail Blazers,82,107.9,39.5,86.1,45.9,10.4,27.7,37.5,18.5,23.7,78.0,10.1,33.5,43.7,21.1,7.0,5.0,13.1,21.2,2017
9,Phoenix Suns,82,107.7,39.9,88.5,45.0,7.5,22.6,33.2,20.4,26.3,77.6,11.9,33.1,45.0,19.6,8.2,4.9,14.9,24.8,2017
10,Toronto Raptors,82,106.9,39.2,84.4,46.4,8.8,24.3,36.3,19.7,24.7,79.6,10.6,32.6,43.3,18.5,8.3,4.9,11.8,20.8,2017
11,Oklahoma City Thunder,82,106.6,39.5,87.4,45.2,8.4,25.8,32.7,19.2,25.8,74.5,12.2,34.4,46.6,21.0,7.9,5.0,14.6,20.9,2017
12,Brooklyn Nets,82,105.8,37.8,85.2,44.4,10.7,31.6,33.8,19.4,24.6,78.8,8.8,35.1,43.9,21.4,7.2,4.7,15.9,21.0,2017
13,Minnesota Timberwolves,82,105.6,39.5,84.4,46.7,7.3,21.0,34.9,19.3,24.2,79.9,11.4,31.0,42.4,23.7,8.0,4.5,13.4,20.1,2017
14,San Antonio Spurs,82,105.3,39.3,83.7,46.9,9.2,23.5,39.1,17.6,22.0,79.7,10.0,33.9,43.9,23.8,8.0,5.9,12.9,18.3,2017
15,Indiana Pacers,82,105.1,39.3,84.5,46.5,8.6,23.0,37.6,17.9,22.1,81.0,9.0,33.0,42.0,22.5,8.2,5.0,13.3,19.5,2017
16,Charlotte Hornets,82,104.9,37.7,85.4,44.2,10.0,28.6,35.1,19.4,23.8,81.5,8.8,34.8,43.6,23.1,7.0,4.8,11.0,16.6,2017
17,Los Angeles Lakers,82,104.6,39.3,87.4,45.0,8.9,25.7,34.6,17.0,22.6,75.4,11.4,32.1,43.5,20.9,8.2,3.9,14.5,20.7,2017
18,New Orleans Pelicans,82,104.3,39.1,87.0,45.0,9.4,26.8,35.0,16.7,22.3,75.0,8.6,35.1,43.7,22.8,7.8,5.5,12.3,18.2,2017
18,New York Knicks,82,104.3,39.6,88.5,44.7,8.6,24.7,34.8,16.6,21.1,78.8,12.0,33.2,45.2,21.8,7.1,5.5,13.2,20.3,2017
20,Milwaukee Bucks,82,103.6,38.8,81.9,47.4,8.8,23.7,37.0,17.2,22.4,76.8,8.8,31.6,40.4,24.2,8.1,5.3,13.4,20.2,2017
21,Miami Heat,82,103.2,39.0,85.8,45.5,9.9,27.0,36.5,15.2,21.6,70.6,10.6,33.0,43.6,21.2,7.2,5.8,12.6,20.5,2017
22,Atlanta Hawks,82,103.2,38.1,84.4,45.1,8.9,26.1,34.1,18.1,24.9,72.8,10.3,34.1,44.3,23.6,8.2,4.8,15.2,18.2,2017
23,Chicago Bulls,82,102.9,38.6,87.1,44.4,7.6,22.3,34.0,18.0,22.5,79.8,12.2,34.1,46.3,22.6,7.8,4.8,13.0,17.7,2017
24,Sacramento Kings,82,102.8,37.9,82.1,46.1,9.0,23.9,37.6,18.1,23.3,77.5,8.7,32.3,41.1,22.5,7.6,4.0,14.1,20.3,2017
25,Philadelphia 76ers,82,102.4,37.7,85.2,44.2,10.1,29.8,34.0,17.0,22.0,77.1,9.8,33.0,42.8,23.8,8.4,5.1,16.0,21.9,2017
26,Detroit Pistons,82,101.3,39.9,88.8,44.9,7.7,23.3,33.0,13.9,19.3,71.9,11.1,34.6,45.7,21.1,7.0,3.8,11.4,17.9,2017
27,Orlando Magic,82,101.1,38.3,87.0,44.0,8.5,26.1,32.8,16.0,21.4,74.7,9.8,33.3,43.2,22.2,7.1,4.8,12.8,19.3,2017
28,Utah Jazz,82,100.7,37.0,79.5,46.6,9.6,26.0,37.2,17.1,22.9,74.7,9.4,33.8,43.2,20.1,6.7,5.0,12.9,18.8,2017
29,Memphis Grizzlies,82,100.5,36.4,83.6,43.5,9.4,26.5,35.4,18.3,23.4,78.4,10.8,32.0,42.8,21.3,8.0,4.2,12.4,22.4,2017
30,Dallas Mavericks,82,97.9,36.2,82.3,44.0,10.7,30.2,35.5,14.8,18.5,80.1,7.9,30.7,38.6,20.8,7.5,3.7,11.2,19.1,2017
1,Golden State Warriors,82,113.5,42.8,85.1,50.3,11.3,28.9,39.1,16.6,20.3,81.5,8.4,35.1,43.5,29.3,8.0,7.5,15.0,19.6,2018
2,Houston Rockets,82,112.4,38.7,84.2,46.0,15.3,42.3,36.2,19.6,25.1,78.1,9.0,34.5,43.5,21.5,8.5,4.8,13.2,19.5,2018
3,New Orleans Pelicans,82,111.7,42.7,88.3,48.3,10.2,28.2,36.2,16.1,20.9,77.2,8.7,35.7,44.3,26.8,8.0,5.9,14.4,19.1,2018
4,Toronto Raptors,82,111.7,41.3,87.4,47.2,11.8,33.0,35.8,17.3,21.8,79.4,9.8,34.2,44.0,24.3,7.6,6.1,12.7,21.7,2018
5,Cleveland Cavaliers,82,110.9,40.4,84.8,47.6,12.0,32.1,37.2,18.1,23.3,77.9,8.5,33.7,42.1,23.4,7.1,3.8,13.3,18.6,2018
6,Denver Nuggets,82,110.0,40.7,86.6,47.0,11.5,30.9,37.1,17.1,22.3,76.7,11.0,33.5,44.5,25.1,7.6,4.9,14.3,18.7,2018
7,Philadelphia 76ers,82,109.8,40.8,86.6,47.2,11.0,29.8,36.9,17.1,22.8,75.2,10.9,36.5,47.4,27.1,8.3,5.1,15.9,22.1,2018
8,Minnesota Timberwolves,82,109.5,41.0,86.1,47.6,8.0,22.5,35.7,19.4,24.1,80.4,10.3,31.6,42.0,22.7,8.4,4.2,11.7,18.2,2018
9,LA Clippers,82,109.0,40.3,85.4,47.1,9.5,26.8,35.4,19.0,25.5,74.3,10.1,33.7,43.9,22.3,7.7,4.5,14.1,20.0,2018
10,Charlotte Hornets,82,108.2,39.0,86.7,45.0,10.0,27.2,36.9,20.2,27.0,74.7,10.1,35.4,45.5,21.6,6.8,4.5,12.3,17.2,2018
11,Los Angeles Lakers,82,108.1,40.7,88.4,46.1,10.0,29.1,34.5,16.6,23.3,71.4,10.7,35.7,46.4,23.8,7.7,4.7,15.3,21.2,2018
12,Oklahoma City Thunder,82,107.9,39.9,88.0,45.3,10.7,30.4,35.4,17.3,24.2,71.6,12.5,32.6,45.1,21.3,9.1,5.0,13.4,20.2,2018
13,Washington Wizards,82,106.6,39.9,85.6,46.7,9.9,26.5,37.5,16.8,21.8,77.2,10.0,33.1,43.1,25.2,7.9,4.3,14.0,21.3,2018
14,Brooklyn Nets,82,106.6,38.2,86.8,44.1,12.7,35.7,35.6,17.4,22.6,77.2,9.7,34.8,44.4,23.7,6.2,4.8,14.2,20.6,2018
15,Milwaukee Bucks,82,106.5,39.7,83.0,47.8,8.8,24.7,35.5,18.3,23.4,78.3,8.4,31.5,39.8,23.2,8.8,5.4,13.1,21.4,2018
16,Portland Trail Blazers,82,105.6,39.3,87.0,45.2,10.3,28.1,36.6,16.7,20.9,80.0,10.2,35.3,45.5,19.5,7.0,5.2,13.0,19.5,2018
17,Indiana Pacers,82,105.6,40.8,86.4,47.2,9.0,24.5,36.9,14.9,19.2,77.9,9.6,32.7,42.3,22.2,8.8,4.1,12.8,18.8,2018
18,New York Knicks,82,104.5,40.7,87.7,46.4,8.2,23.3,35.2,14.9,19.0,78.7,10.5,33.6,44.0,23.3,6.7,5.1,14.2,20.5,2018
19,Utah Jazz,82,104.1,38.3,82.9,46.2,10.8,29.6,36.6,16.8,21.5,77.9,9.0,34.2,43.3,22.4,8.6,5.1,14.1,19.6,2018
20,Boston Celtics,82,104.0,38.3,85.1,45.0,11.5,30.4,37.7,16.0,20.7,77.1,9.4,35.1,44.5,22.5,7.4,4.5,13.3,19.7,2018
21,Phoenix Suns,82,103.9,38.5,87.1,44.2,9.3,27.9,33.4,17.7,23.9,74.1,10.3,33.9,44.1,21.3,6.9,4.5,15.0,22.0,2018
22,Detroit Pistons,82,103.8,39.1,86.9,45.0,10.8,28.9,37.3,14.7,19.8,74.5,10.1,33.6,43.7,22.8,7.7,3.9,12.7,18.4,2018
23,Miami Heat,82,103.4,38.8,85.3,45.5,11.0,30.6,36.0,14.7,19.5,75.5,9.3,34.2,43.5,22.7,7.6,5.3,13.6,20.1,2018
24,Orlando Magic,82,103.4,38.8,85.9,45.2,10.3,29.3,35.1,15.5,20.5,75.7,8.8,32.8,41.6,23.4,7.6,4.9,13.9,19.3,2018
25,Atlanta Hawks,82,103.4,38.2,85.5,44.6,11.2,31.0,36.0,15.8,20.2,78.5,9.1,32.8,41.9,23.7,7.8,4.2,15.0,19.6,2018
26,Chicago Bulls,82,102.9,38.7,88.8,43.5,11.0,31.1,35.5,14.6,19.2,75.9,9.6,35.0,44.7,23.5,7.6,3.5,13.3,19.2,2018
27,San Antonio Spurs,82,102.7,39.0,85.4,45.7,8.5,24.1,35.2,16.1,20.9,77.2,10.4,33.9,44.2,22.8,7.7,5.6,12.7,17.2,2018
28,Dallas Mavericks,82,102.3,38.1,85.9,44.4,11.8,32.8,36.0,14.2,18.7,76.3,8.1,33.1,41.3,22.7,7.0,3.8,11.8,19.2,2018
29,Memphis Grizzlies,82,99.3,36.7,82.8,44.4,9.2,26.2,35.2,16.6,21.1,78.6,9.5,31.0,40.5,21.5,7.5,4.8,14.4,23.2,2018
30,Sacramento Kings,82,98.8,38.8,86.1,45.0,9.0,24.0,37.5,12.3,16.7,73.5,9.5,31.4,40.9,21.6,7.8,4.1,13.2,20.0,2018
1,Milwaukee Bucks,82,118.1,43.4,91.1,47.6,13.5,38.2,35.3,17.9,23.2,77.3,9.3,40.4,49.7,26.0,7.5,5.9,13.3,19.6,2019
2,Golden State Warriors,82,117.7,44.0,89.8,49.1,13.3,34.4,38.5,16.3,20.4,80.1,9.7,36.5,46.2,29.4,7.6,6.4,13.8,21.4,2019
3,New Orleans Pelicans,82,115.4,43.7,92.2,47.3,10.3,29.9,34.4,17.8,23.4,76.1,11.1,36.2,47.3,27.0,7.4,5.4,14.5,21.1,2019
4,Philadelphia 76ers,82,115.2,41.5,88.2,47.1,10.8,30.2,35.9,21.2,27.5,77.1,10.9,36.9,47.8,26.9,7.4,5.3,14.5,21.3,2019
5,LA Clippers,82,115.1,41.3,87.5,47.1,10.0,25.8,38.8,22.6,28.5,79.2,9.7,35.8,45.5,24.0,6.8,4.7,13.8,23.3,2019
6,Portland Trail Blazers,82,114.7,42.3,90.6,46.7,11.0,30.7,35.9,19.0,23.3,81.4,11.8,36.2,48.0,23.0,6.7,5.0,13.3,20.4,2019
7,Oklahoma City Thunder,82,114.5,42.6,94.0,45.4,11.4,32.6,34.8,17.8,25.0,71.3,12.6,35.5,48.1,23.4,9.3,5.2,13.6,22.4,2019
8,Toronto Raptors,82,114.4,42.2,89.1,47.4,12.4,33.8,36.6,17.7,22.0,80.4,9.6,35.6,45.2,25.4,8.3,5.3,13.3,21.0,2019
9,Sacramento Kings,82,114.2,43.2,93.1,46.4,11.3,29.9,37.8,16.5,22.7,72.6,11.0,34.4,45.4,25.4,8.3,4.4,12.9,21.4,2019
10,Washington Wizards,82,114.0,42.1,90.1,46.8,11.3,33.3,34.1,18.4,23.9,76.8,9.7,32.7,42.4,26.3,8.3,4.6,13.7,20.7,2019
11,Houston Rockets,82,113.9,39.2,87.4,44.9,16.1,45.4,35.6,19.3,24.4,79.1,10.2,31.9,42.1,21.2,8.5,4.9,12.7,22.0,2019
12,Atlanta Hawks,82,113.3,41.4,91.8,45.1,13.0,37.0,35.2,17.6,23.4,75.2,11.6,34.5,46.1,25.8,8.2,5.1,16.6,23.6,2019
13,Minnesota Timberwolves,82,112.5,41.6,91.3,45.6,10.1,28.7,35.1,19.1,24.3,78.7,11.3,33.5,44.8,24.6,8.3,5.0,12.6,20.3,2019
14,Boston Celtics,82,112.4,42.1,90.5,46.5,12.6,34.5,36.5,15.6,19.5,80.2,9.8,34.7,44.5,26.3,8.6,5.3,12.4,20.4,2019
15,Brooklyn Nets,82,112.2,40.3,89.7,44.9,12.8,36.2,35.3,19.0,25.5,74.5,11.0,35.6,46.6,23.8,6.6,4.1,14.4,21.5,2019
16,Los Angeles Lakers,82,111.8,42.6,90.5,47.0,10.3,31.0,33.3,16.3,23.3,69.9,10.2,36.4,46.6,25.6,7.5,5.4,15.2,20.7,2019
17,Utah Jazz,82,111.7,40.4,86.4,46.8,12.1,34.0,35.6,18.8,25.5,73.6,10.0,36.4,46.4,26.0,8.1,5.9,14.8,21.1,2019
18,San Antonio Spurs,82,111.7,42.3,88.4,47.8,9.9,25.3,39.2,17.2,21.0,81.9,9.2,35.5,44.7,24.5,6.1,4.7,11.8,18.1,2019
19,Charlotte Hornets,82,110.7,40.2,89.8,44.8,11.9,33.9,35.1,18.4,23.1,79.7,9.9,33.9,43.8,23.2,7.2,4.9,11.7,18.9,2019
20,Denver Nuggets,82,110.7,41.9,90.0,46.6,11.0,31.4,35.1,15.8,20.9,75.5,11.9,34.5,46.4,27.4,7.7,4.4,12.9,20.0,2019
21,Dallas Mavericks,82,108.9,38.8,86.9,44.7,12.5,36.6,34.0,18.8,25.3,74.2,10.1,35.2,45.3,23.4,6.5,4.3,13.6,20.1,2019
22,Indiana Pacers,82,108.0,41.3,87.0,47.5,9.5,25.4,37.4,15.8,21.1,75.2,9.3,33.7,43.0,26.0,8.7,4.9,13.3,19.4,2019
23,Phoenix Suns,82,107.5,40.1,87.4,45.9,9.6,29.3,32.9,17.6,22.7,77.9,9.1,31.3,40.4,23.9,9.0,5.1,15.2,23.6,2019
24,Orlando Magic,82,107.3,40.4,89.1,45.4,11.4,32.1,35.6,15.0,19.2,78.2,10.0,35.4,45.4,25.5,6.6,5.4,12.6,18.6,2019
25,Detroit Pistons,82,107.0,38.8,88.3,44.0,12.1,34.8,34.8,17.3,23.1,74.7,11.4,33.6,45.0,22.5,6.9,4.0,13.0,22.1,2019
26,Miami Heat,82,105.7,39.6,88.0,45.0,11.3,32.4,34.9,15.1,21.7,69.5,11.2,35.1,46.3,24.3,7.6,5.5,14.1,20.9,2019
27,Chicago Bulls,82,104.9,39.8,87.9,45.3,9.1,25.9,35.1,16.2,20.7,78.3,8.8,34.1,42.9,21.9,7.4,4.3,13.5,20.3,2019
28,New York Knicks,82,104.6,38.2,88.3,43.3,10.0,29.5,34.0,18.1,23.9,75.9,10.5,34.3,44.7,20.1,6.8,5.1,13.4,20.9,2019
29,Cleveland Cavaliers,82,104.5,38.9,87.6,44.4,10.3,29.1,35.5,16.4,20.7,79.2,10.7,31.9,42.7,20.7,6.5,2.4,12.6,20.0,2019
30,Memphis Grizzlies,82,103.5,38.0,84.4,45.0,9.9,28.9,34.2,17.7,23.0,77.2,8.8,33.0,41.8,23.9,8.3,5.5,13.2,22.0,2019
1,Milwaukee Bucks,73,118.7,43.3,90.9,47.6,13.8,38.9,35.5,18.3,24.7,74.2,9.5,42.2,51.7,25.9,7.2,5.9,14.7,19.6,2020
2,Houston Rockets,72,117.8,40.8,90.4,45.1,15.6,45.3,34.5,20.6,26.1,79.1,9.8,34.5,44.3,21.6,8.7,5.2,14.2,21.8,2020
3,Dallas Mavericks,75,117.0,41.7,90.3,46.1,15.1,41.3,36.7,18.6,23.8,77.9,10.5,36.4,46.9,24.7,6.1,4.8,12.1,19.5,2020
4,LA Clippers,72,116.3,41.6,89.2,46.6,12.4,33.5,37.1,20.8,26.3,79.1,10.7,37.0,47.7,23.7,7.1,4.7,14.0,22.1,2020
5,New Orleans Pelicans,72,115.8,42.6,91.6,46.5,13.6,36.9,37.0,17.1,23.4,72.9,11.1,35.4,46.5,26.8,7.5,5.0,15.9,21.2,2020
6,Portland Trail Blazers,74,115.0,42.2,91.2,46.3,12.9,34.1,37.7,17.7,22.1,80.4,10.2,35.1,45.3,20.6,6.3,6.1,12.4,21.7,2020
7,Washington Wizards,72,114.4,41.5,90.9,45.7,12.0,32.6,36.8,19.4,24.6,78.8,10.2,31.9,42.0,25.0,8.0,4.3,13.6,22.7,2020
8,San Antonio Spurs,71,114.1,42.2,89.4,47.2,10.7,28.5,37.6,19.0,23.4,81.0,9.0,35.6,44.6,24.7,7.3,5.5,12.3,19.4,2020
9,Boston Celtics,72,113.7,41.3,89.6,46.1,12.6,34.5,36.4,18.6,23.2,80.1,10.7,35.4,46.1,23.0,8.3,5.6,13.2,21.6,2020
10,Phoenix Suns,73,113.6,41.2,88.1,46.8,11.4,31.8,35.8,19.9,23.8,83.4,9.8,33.8,43.5,27.2,7.7,4.0,14.2,22.0,2020
11,Los Angeles Lakers,71,113.4,42.3,88.3,48.0,11.0,31.6,34.9,17.7,24.3,72.9,10.7,35.1,45.7,25.4,8.6,6.6,14.7,20.7,2020
12,Minnesota Timberwolves,64,113.3,40.4,91.6,44.1,13.3,39.7,33.6,19.1,25.4,75.3,10.5,34.3,44.8,23.8,8.7,5.7,14.7,21.4,2020
13,Toronto Raptors,72,112.8,40.2,87.9,45.8,13.8,37.0,37.4,18.5,23.2,79.6,9.5,35.9,45.4,25.2,8.8,5.0,14.1,21.7,2020
14,Memphis Grizzlies,73,112.6,42.5,90.9,46.8,10.9,31.5,34.7,16.6,21.8,76.3,10.3,36.2,46.5,26.9,7.9,5.5,14.6,21.2,2020
15,Miami Heat,73,112.0,39.5,84.4,46.8,13.4,35.4,37.9,19.7,25.2,78.3,8.5,35.9,44.4,25.9,7.5,4.5,14.0,20.6,2020
16,Brooklyn Nets,72,111.8,40.4,90.3,44.8,13.1,38.1,34.3,17.9,24.1,74.5,10.6,37.3,47.9,24.5,6.4,4.5,14.6,21.0,2020
17,Atlanta Hawks,67,111.8,40.6,90.6,44.9,12.0,36.1,33.3,18.5,23.4,79.0,9.9,33.4,43.3,24.0,7.8,5.1,15.7,23.1,2020
18,Utah Jazz,72,111.3,40.1,85.1,47.1,13.4,35.2,38.0,17.8,22.8,77.9,9.1,35.8,44.9,22.4,6.1,4.0,14.6,20.4,2020
19,Denver Nuggets,73,111.3,42.0,88.9,47.3,11.0,30.6,35.9,16.2,20.9,77.7,10.8,33.4,44.1,26.7,8.0,4.6,13.1,20.3,2020
20,Philadelphia 76ers,73,110.7,41.1,87.9,46.8,11.6,31.6,36.8,16.9,22.4,75.5,10.5,35.0,45.4,25.8,8.0,5.3,13.5,20.9,2020
21,Oklahoma City Thunder,72,110.4,40.0,85.5,46.8,10.7,30.2,35.5,19.8,24.8,79.6,8.2,34.7,42.9,21.7,7.6,4.9,13.0,19.3,2020
22,Sacramento Kings,72,110.1,40.9,88.4,46.2,12.7,34.9,36.4,15.7,20.3,77.0,9.7,32.9,42.6,23.8,7.7,4.1,13.8,22.2,2020
23,Indiana Pacers,73,109.4,42.1,88.5,47.6,10.2,28.0,36.3,15.0,19.1,78.7,8.7,34.1,42.8,25.9,7.4,5.2,12.7,19.8,2020
24,Orlando Magic,73,107.3,39.3,88.6,44.4,11.1,32.2,34.3,17.6,22.7,77.4,10.3,34.2,44.5,23.9,8.2,5.4,12.2,18.3,2020
25,Detroit Pistons,66,107.2,39.3,85.7,45.9,12.0,32.7,36.7,16.6,22.4,74.3,9.8,32.0,41.7,24.1,7.4,4.5,14.5,19.7,2020
26,Cleveland Cavaliers,65,106.9,40.3,87.9,45.8,11.2,31.8,35.1,15.1,19.9,75.8,10.8,33.4,44.2,23.1,6.9,3.2,15.7,18.3,2020
27,Chicago Bulls,65,106.8,39.6,88.6,44.7,12.2,35.1,34.8,15.5,20.5,75.5,10.5,31.4,41.9,23.2,10.0,4.1,14.6,21.8,2020
28,Golden State Warriors,65,106.3,38.6,88.2,43.8,10.4,31.3,33.4,18.7,23.2,80.3,10.0,32.9,42.8,25.6,8.2,4.6,14.3,20.1,2020
29,New York Knicks,66,105.8,40.0,89.3,44.7,9.6,28.4,33.7,16.3,23.5,69.4,12.0,34.5,46.5,22.1,7.6,4.7,13.8,22.2,2020
30,Charlotte Hornets,65,102.9,37.3,85.9,43.4,12.1,34.3,35.2,16.2,21.6,74.8,11.0,31.8,42.8,23.8,6.6,4.1,13.9,18.8,2020
1,Milwaukee Bucks,72,120.1,44.7,91.8,48.7,14.4,37.1,38.9,16.2,21.4,76.0,10.3,37.8,48.1,25.5,8.1,4.6,13.4,17.3,2021
2,Brooklyn Nets,72,118.6,43.1,87.3,49.4,14.2,36.1,39.2,18.1,22.5,80.4,8.9,35.5,44.4,26.8,6.7,5.3,13.1,19.0,2021
3,Washington Wizards,72,116.6,43.2,90.9,47.5,10.2,29.0,35.1,20.1,26.2,76.9,9.7,35.5,45.2,25.5,7.3,4.1,13.9,21.6,2021
4,Utah Jazz,72,116.4,41.3,88.1,46.8,16.7,43.0,38.9,17.2,21.5,79.9,10.6,37.6,48.3,23.7,6.6,5.2,13.5,18.5,2021
5,Portland Trail Blazers,72,116.1,41.3,91.1,45.3,15.7,40.8,38.5,17.8,21.6,82.3,10.6,33.9,44.5,21.3,6.9,5.0,10.8,18.9,2021
6,Indiana Pacers,72,115.3,43.3,91.2,47.4,12.3,34.0,36.4,16.4,20.7,79.2,9.0,33.7,42.7,27.4,8.5,6.4,13.0,20.2,2021
7,Phoenix Suns,72,115.3,43.3,88.3,49.0,13.1,34.6,37.8,15.6,18.7,83.4,8.8,34.2,42.9,26.9,7.2,4.3,12.0,19.1,2021
8,Denver Nuggets,72,115.1,43.3,89.2,48.5,12.9,34.2,37.7,15.7,19.5,80.3,10.5,33.9,44.4,26.8,8.1,4.5,12.8,19.1,2021
9,New Orleans Pelicans,72,114.6,42.5,89.1,47.7,10.6,30.4,34.8,19.0,26.1,72.9,11.7,35.7,47.4,26.0,7.6,4.4,13.9,18.0,2021
10,LA Clippers,72,114.0,41.8,86.7,48.2,14.3,34.7,41.1,16.2,19.3,83.9,9.4,34.7,44.2,24.4,7.1,4.1,12.4,19.2,2021
11,Sacramento Kings,72,113.7,42.6,88.6,48.1,12.1,33.3,36.4,16.4,22.0,74.5,9.4,32.0,41.4,25.5,7.5,5.0,12.8,19.4,2021
12,Golden State Warriors,72,113.7,41.3,88.2,46.8,14.6,38.7,37.6,16.6,21.1,78.5,8.0,35.1,43.0,27.7,8.2,4.8,14.6,21.2,2021
13,Atlanta Hawks,72,113.7,40.8,87.2,46.8,12.4,33.4,37.3,19.7,24.2,81.2,10.6,35.1,45.6,24.1,7.0,4.8,12.7,19.3,2021
14,Philadelphia 76ers,72,113.6,41.4,86.9,47.6,11.3,30.1,37.4,19.6,25.5,76.7,10.0,35.0,45.1,23.7,9.1,6.2,13.7,20.2,2021
15,Memphis Grizzlies,72,113.3,42.8,91.8,46.7,11.2,31.4,35.6,16.4,21.3,77.1,11.2,35.3,46.5,26.9,9.1,5.1,12.7,18.7,2021
16,Boston Celtics,72,112.6,41.5,88.9,46.6,13.6,36.4,37.4,16.1,20.8,77.5,10.6,33.6,44.3,23.5,7.7,5.3,13.4,20.4,2021
17,Dallas Mavericks,72,112.4,41.1,87.3,47.0,13.8,38.1,36.2,16.5,21.2,77.8,9.1,34.2,43.3,22.9,6.3,4.3,11.4,19.4,2021
18,Minnesota Timberwolves,72,112.1,40.7,90.9,44.8,13.1,37.6,34.9,17.6,23.1,76.1,10.5,33.0,43.5,25.6,8.8,5.5,13.7,20.9,2021
19,Toronto Raptors,72,111.3,39.7,88.7,44.8,14.5,39.3,36.8,17.4,21.3,81.5,9.4,32.1,41.6,24.1,8.6,5.4,12.5,21.2,2021
20,San Antonio Spurs,72,111.1,41.9,90.5,46.2,9.9,28.4,35.0,17.4,22.0,79.2,9.3,34.6,43.9,24.4,7.0,5.1,11.0,18.0,2021
21,Chicago Bulls,72,110.7,42.2,88.6,47.6,12.6,34.0,37.0,13.8,17.5,79.1,9.6,35.3,45.0,26.8,6.7,4.2,14.5,18.9,2021
22,Los Angeles Lakers,72,109.5,40.6,86.1,47.2,11.1,31.2,35.4,17.2,23.3,73.9,9.7,34.6,44.2,24.7,7.8,5.4,14.7,19.1,2021
23,Charlotte Hornets,72,109.5,39.9,87.8,45.5,13.7,37.0,36.9,15.9,20.9,76.1,10.6,33.2,43.8,26.8,7.8,4.8,14.2,18.0,2021
24,Houston Rockets,72,108.8,39.3,88.5,44.3,13.8,40.6,33.9,16.5,22.3,74.0,9.3,33.3,42.6,23.6,7.6,5.0,14.2,19.5,2021
25,Miami Heat,72,108.1,39.2,83.7,46.8,12.9,36.2,35.8,16.7,21.1,79.0,8.0,33.5,41.5,26.3,7.9,4.0,13.3,18.9,2021
26,New York Knicks,72,107.0,39.4,86.5,45.6,11.8,30.0,39.2,16.4,20.9,78.4,9.7,35.5,45.1,21.4,7.0,5.1,12.2,20.5,2021
27,Detroit Pistons,72,106.6,38.7,85.6,45.2,11.6,32.9,35.1,17.8,23.4,75.9,9.6,33.1,42.7,24.2,7.4,5.2,14.2,20.5,2021
28,Oklahoma City Thunder,72,105.0,38.8,88.0,44.1,11.9,35.1,33.9,15.5,21.3,72.5,9.9,35.7,45.6,22.1,7.0,4.4,15.4,18.1,2021
29,Orlando Magic,72,104.0,38.3,89.2,42.9,10.9,31.8,34.3,16.6,21.4,77.5,10.4,35.1,45.4,21.8,6.9,4.4,12.3,17.2,2021
30,Cleveland Cavaliers,72,103.8,38.6,85.8,45.0,10.0,29.7,33.6,16.7,22.4,74.3,10.4,32.3,42.8,23.8,7.8,4.5,14.4,18.2,2021
1,Minnesota Timberwolves,82,115.9,41.6,91.0,45.7,14.8,41.3,35.8,18.0,23.1,77.8,11.2,32.9,44.2,25.7,8.8,5.6,13.7,21.8,2022
2,Memphis Grizzlies,82,115.6,43.5,94.4,46.1,11.5,32.7,35.3,17.0,23.1,73.4,14.1,35.0,49.2,26.0,9.8,6.5,12.5,19.8,2022
3,Milwaukee Bucks,82,115.5,41.8,89.4,46.8,14.1,38.4,36.6,17.8,22.9,77.6,10.3,36.5,46.7,23.9,7.6,4.0,12.7,18.2,2022
4,Charlotte Hornets,82,115.3,42.8,91.4,46.8,13.9,38.2,36.5,15.8,21.4,74.0,10.8,33.7,44.6,28.1,8.6,4.9,12.7,19.9,2022
5,Phoenix Suns,82,114.8,43.7,90.1,48.5,11.6,31.9,36.4,15.9,19.9,79.7,9.8,35.5,45.3,27.4,8.6,4.4,12.3,19.9,2022
6,Atlanta Hawks,82,113.9,41.5,88.3,47.0,12.9,34.4,37.4,18.1,22.3,81.2,10.0,33.9,44.0,24.6,7.2,4.2,11.3,18.7,2022
7,Utah Jazz,82,113.6,40.6,86.2,47.1,14.5,40.3,36.0,17.9,23.4,76.7,10.8,35.6,46.3,22.4,7.2,4.9,13.2,18.9,2022
8,San Antonio Spurs,82,113.2,43.2,92.7,46.7,11.3,32.0,35.2,15.4,20.4,75.4,11.0,34.3,45.3,27.9,7.6,4.9,12.3,18.1,2022
9,Brooklyn Nets,82,112.9,42.0,88.4,47.5,11.5,31.7,36.1,17.5,21.7,80.5,10.3,34.1,44.4,25.3,7.1,5.5,13.2,20.4,2022
10,Denver Nuggets,82,112.7,41.7,86.3,48.3,12.7,35.9,35.3,16.7,21.0,79.5,9.2,34.9,44.1,27.8,7.2,3.7,13.8,20.0,2022
11,Los Angeles Lakers,82,112.1,41.6,88.8,46.9,12.0,34.5,34.7,16.8,23.0,73.2,9.5,34.5,44.0,24.0,7.6,5.2,13.9,20.2,2022
12,Boston Celtics,82,111.8,40.7,87.4,46.6,13.2,37.1,35.6,17.0,20.9,81.6,10.5,35.5,46.1,24.8,7.2,5.8,13.0,18.5,2022
13,Chicago Bulls,82,111.6,41.7,86.9,48.0,10.6,28.8,36.9,17.5,21.5,81.3,8.7,33.7,42.3,23.9,7.1,4.1,12.1,18.8,2022
14,Indiana Pacers,82,111.5,41.4,89.5,46.3,12.2,35.4,34.4,16.4,21.4,76.8,11.3,32.6,43.9,25.4,7.1,5.6,13.6,20.4,2022
15,Golden State Warriors,82,111.0,40.5,86.4,46.9,14.3,39.4,36.4,15.6,20.3,76.9,9.8,35.7,45.5,27.1,8.8,4.5,14.3,21.0,2022
16,Sacramento Kings,82,110.3,40.5,88.1,46.0,11.4,33.2,34.4,17.9,23.3,76.8,9.6,33.4,42.9,23.7,7.2,4.5,13.5,18.9,2022
17,Miami Heat,82,110.0,39.6,84.8,46.7,13.6,35.8,37.9,17.3,21.4,80.8,9.8,33.9,43.7,25.5,7.4,3.2,13.8,20.5,2022
18,Philadelphia 76ers,82,109.9,39.4,84.5,46.6,11.6,31.8,36.4,19.6,23.8,82.1,8.5,33.8,42.3,23.7,7.7,5.3,11.7,19.4,2022
19,Houston Rockets,82,109.7,39.4,86.4,45.6,13.5,38.7,34.9,17.5,24.5,71.3,9.6,32.4,42.0,23.6,7.3,4.7,15.7,20.6,2022
20,Toronto Raptors,82,109.4,40.6,91.3,44.5,11.9,34.2,34.9,16.2,21.3,75.9,13.4,32.0,45.3,22.1,9.0,4.6,11.6,19.6,2022
21,New Orleans Pelicans,82,109.3,40.2,88.0,45.7,10.6,32.1,33.2,18.3,23.2,78.9,12.0,33.2,45.2,25.0,8.3,4.0,13.3,19.7,2022
22,Washington Wizards,82,108.6,40.6,86.0,47.2,10.5,30.6,34.2,17.0,21.7,78.3,9.0,34.1,43.1,25.0,6.4,5.0,12.6,18.8,2022
23,LA Clippers,82,108.4,40.1,87.4,45.8,12.8,34.2,37.4,15.5,19.6,79.3,9.1,34.9,44.0,24.0,7.4,5.0,13.0,18.6,2022
24,Dallas Mavericks,82,108.0,39.3,85.1,46.1,13.1,37.4,35.0,16.4,21.2,77.1,9.3,33.8,43.0,23.4,6.7,4.0,11.7,19.7,2022
25,Cleveland Cavaliers,82,107.8,39.7,84.6,46.9,11.6,32.8,35.5,16.8,22.1,76.0,10.2,34.0,44.2,25.2,7.1,4.2,13.3,17.5,2022
26,New York Knicks,82,106.5,37.7,86.2,43.7,13.2,36.9,35.7,18.0,24.1,74.4,11.5,34.6,46.1,21.9,7.0,4.9,12.4,20.4,2022
27,Portland Trail Blazers,82,106.2,38.5,87.1,44.2,12.7,36.8,34.6,16.4,21.6,76.0,10.4,32.5,42.9,22.9,8.0,4.5,13.7,21.1,2022
28,Detroit Pistons,82,104.8,38.2,88.6,43.1,11.3,34.6,32.6,17.2,22.0,78.2,11.0,32.0,43.0,23.5,7.7,4.8,13.4,21.9,2022
29,Orlando Magic,82,104.2,38.3,88.3,43.4,12.2,36.9,33.1,15.5,19.7,78.7,9.1,35.2,44.3,23.7,6.8,4.5,13.8,19.7,2022
30,Oklahoma City Thunder,82,103.7,38.3,89.1,43.0,12.1,37.4,32.3,15.0,19.9,75.6,10.4,35.2,45.6,22.2,7.6,4.6,13.3,18.3,2022
