RK,Name,AGE,EARNINGS,CUP,EVNTS,RNDS,CUTS,TOP10,WINS,SCORE,DDIS,DACC,GIR,PUTTS,SAND,BIRDS,Year
1,Matt Kuchar,44,"$4,910,477",2728,26,95,23,11,1,69.4,286.9,67.9,69.4,1.739,56.2,3.968,2010
2,Jim Furyk,52,"$4,809,623",2980,21,74,18,7,3,70.2,276.0,71.0,67.1,1.767,48.0,3.635,2010
3,Ernie Els,53,"$4,558,861",1438,20,70,17,7,2,70.4,288.4,60.2,67.9,1.768,48.4,3.786,2010
4,Dustin Johnson,38,"$4,473,122",2493,23,82,20,7,2,70.5,308.5,56.4,68.0,1.767,44.8,3.939,2010
5,Steve Stricker,55,"$4,190,236",2028,19,72,19,9,2,69.8,282.9,68.5,68.3,1.746,54.8,3.889,2010
6,Phil Mickelson,52,"$3,821,733",842,20,76,18,6,1,70.3,299.1,52.7,65.1,1.762,53.6,3.895,2010
7,Luke Donald,45,"$3,665,234",2700,20,68,16,7,0,70.3,277.0,62.4,65.3,1.751,65.8,3.544,2010
8,Paul Casey,45,"$3,613,194",2250,17,58,14,7,0,69.9,294.2,61.3,68.7,1.753,47.9,3.879,2010
9,Justin Rose,42,"$3,603,331",718,22,78,16,4,2,69.9,287.8,65.2,66.3,1.76,58.8,3.872,2010
10,Hunter Mahan,40,"$3,574,550",677,25,84,19,3,2,70.6,291.8,67.9,68.7,1.797,45.8,3.536,2010
11,Lee Westwood,49,"$3,564,954",0,11,38,10,6,1,70.3,0.0,0.0,0.0,0.0,0.0,3.789,2010
12,Tim Clark,47,"$3,530,003",592,24,85,20,7,1,70.3,272.2,73.7,66.7,1.756,61.6,3.518,2010
13,Jeff Overton,39,"$3,456,356",480,26,89,18,6,0,70.3,297.3,55.4,63.9,1.753,51.1,3.764,2010
14,Bo Van Pelt,47,"$3,336,258",445,28,104,24,8,0,70.1,292.0,65.2,69.2,1.776,54.7,3.856,2010
15,Retief Goosen,53,"$3,218,089",1360,19,71,18,10,0,70.0,291.4,64.8,66.0,1.766,54.6,3.746,2010
16,Bubba Watson,44,"$3,198,998",600,22,77,16,4,1,70.2,309.8,55.7,68.5,1.763,47.0,3.935,2010
17,Camilo Villegas,41,"$3,035,523",622,20,72,18,7,1,70.9,289.6,61.7,66.0,1.797,50.8,3.5,2010
18,Ryan Palmer,46,"$2,985,297",595,27,84,15,5,1,70.6,295.8,57.2,65.5,1.744,52.4,3.917,2010
19,Robert Allenby,51,"$2,974,998",500,22,75,18,5,0,69.6,289.1,64.8,68.2,1.77,55.6,3.68,2010
20,Zach Johnson,46,"$2,916,993",683,25,91,23,3,1,70.6,279.7,71.2,66.5,1.739,56.3,3.791,2010
21,Bill Haas,40,"$2,905,137",0,25,87,18,4,2,70.2,293.3,64.2,69.9,1.774,44.5,3.713,2010
22,Jason Day,35,"$2,904,327",1660,24,83,18,5,1,69.6,298.2,57.8,67.7,1.777,54.8,3.627,2010
23,Rickie Fowler,34,"$2,857,108",0,28,98,20,7,0,70.3,292.7,64.2,69.9,1.779,42.7,3.602,2010
24,Ben Crane,46,"$2,841,500",550,24,82,19,5,1,70.3,282.3,71.1,68.2,1.752,52.7,3.793,2010
25,Anthony Kim,37,"$2,574,921",0,14,44,10,4,1,70.9,0.0,0.0,0.0,0.0,0.0,3.5,2010
26,Charley Hoffman,46,"$2,559,646",2500,24,85,18,5,1,69.9,298.2,61.6,65.0,1.752,50.0,3.953,2010
27,Rory McIlroy,33,"$2,554,280",0,16,52,12,5,1,70.9,300.0,62.6,66.2,1.795,52.5,3.442,2010
28,Nick Watney,41,"$2,536,714",880,24,88,22,8,0,70.4,296.5,62.6,69.6,1.764,43.3,4.011,2010
29,Adam Scott,42,"$2,489,402",640,20,68,16,4,1,70.8,294.4,62.9,69.6,1.799,53.0,3.632,2010
30,Geoff Ogilvy,45,"$2,393,045",752,19,60,13,2,1,70.8,287.0,57.9,67.7,1.752,57.3,3.917,2010
31,Heath Slocum,48,"$2,387,687",0,25,97,23,5,1,70.5,278.9,72.4,66.7,1.802,50.0,3.485,2010
32,J.B. Holmes,40,"$2,386,248",0,26,100,24,3,0,70.2,307.2,54.5,65.5,1.77,52.8,3.81,2010
33,Ryan Moore,40,"$2,374,823",613,24,79,18,6,0,70.7,289.7,68.0,66.7,1.768,45.8,3.671,2010
34,Martin Kaymer,38,"$2,356,460",0,10,30,7,4,1,71.0,0.0,0.0,0.0,0.0,0.0,3.533,2010
35,K.J. Choi,52,"$2,199,962",717,22,82,19,4,0,70.4,283.1,66.0,65.2,1.774,59.1,3.622,2010
36,Brendon de Jonge,42,"$2,167,979",0,32,114,24,7,0,70.1,286.9,65.5,65.2,1.759,48.8,3.763,2010
37,Martin Laird,40,"$2,137,928",1005,26,91,18,4,0,70.8,296.5,60.3,67.8,1.794,51.6,3.495,2010
38,Ian Poulter,47,"$2,079,664",0,15,49,11,2,1,71.5,286.8,62.7,62.5,1.804,54.6,3.143,2010
39,Kevin Na,39,"$2,021,815",570,26,93,23,4,0,70.0,278.6,66.5,65.9,1.752,54.8,3.753,2010
40,Stuart Appleby,51,"$1,965,825",0,31,101,19,3,1,71.2,289.0,59.8,60.6,1.778,49.1,3.297,2010
41,Carl Pettersson,45,"$1,934,465",0,29,99,20,4,1,70.3,282.1,62.8,58.6,1.736,62.9,3.535,2010
42,Jason Bohn,49,"$1,904,763",0,25,84,16,2,1,70.6,279.8,66.9,67.8,1.755,40.9,3.619,2010
43,Sean O'Hair,40,"$1,859,040",0,25,82,19,3,0,70.8,289.3,64.0,68.2,1.817,48.2,3.293,2010
44,Graeme McDowell,43,"$1,848,637",0,10,30,7,2,1,71.1,0.0,0.0,0.0,0.0,0.0,3.867,2010
45,Vaughn Taylor,46,"$1,838,862",0,26,87,17,6,0,70.6,284.4,68.3,68.3,1.767,51.0,3.736,2010
46,Ricky Barnes,41,"$1,835,195",0,28,103,23,6,0,70.5,285.5,58.4,68.2,1.776,54.3,3.612,2010
47,Charl Schwartzel,38,"$1,710,845",0,11,36,9,3,0,71.5,0.0,0.0,0.0,0.0,0.0,3.361,2010
48,Freddie Jacobson,48,"$1,666,252",0,24,83,18,3,0,70.2,283.1,62.2,67.8,1.766,50.0,3.651,2010
49,Scott Verplank,58,"$1,653,190",0,22,73,16,3,0,71.0,278.6,68.2,63.9,1.759,48.3,3.425,2010
50,Brian Davis,48,"$1,640,516",0,32,101,18,2,0,71.1,278.9,68.3,63.1,1.786,54.2,3.257,2010
1,Luke Donald,45,"$6,683,215",3316,19,67,17,14,2,69.3,284.1,64.3,67.3,1.7,59.1,4.239,2011
2,Webb Simpson,37,"$6,347,354",3295,26,98,23,12,2,69.2,296.2,61.9,69.8,1.731,52.0,4.235,2011
3,Nick Watney,41,"$5,290,674",1645,22,77,19,10,2,69.6,301.9,58.2,66.9,1.738,48.1,4.104,2011
4,K.J. Choi,52,"$4,434,691",1529,22,75,18,8,1,70.5,285.6,62.0,65.9,1.787,55.6,3.453,2011
5,Dustin Johnson,38,"$4,309,962",2515,21,71,17,6,1,70.7,314.2,57.2,68.4,1.759,41.5,4.197,2011
6,Matt Kuchar,44,"$4,233,920",2478,24,88,22,9,0,69.6,286.2,64.7,67.0,1.735,58.9,3.943,2011
7,Bill Haas,40,"$4,088,637",3033,26,92,22,7,1,70.1,296.6,63.6,69.4,1.775,43.9,3.707,2011
8,Steve Stricker,55,"$3,992,785",1280,19,69,18,5,2,69.3,288.8,62.5,66.0,1.71,52.1,4.275,2011
9,Jason Day,35,"$3,962,647",1961,21,73,18,10,0,69.9,302.6,54.7,64.9,1.737,61.0,4.014,2011
10,David Toms,56,"$3,858,090",940,23,79,16,7,1,68.7,279.1,71.8,66.6,1.749,55.9,3.886,2011
11,Adam Scott,42,"$3,764,797",998,18,59,14,7,1,70.2,299.7,64.0,68.1,1.772,55.7,3.797,2011
12,Phil Mickelson,52,"$3,763,488",1045,21,77,20,7,1,70.2,299.8,53.2,67.0,1.778,52.2,3.857,2011
13,Keegan Bradley,36,"$3,758,600",920,28,91,18,4,2,70.6,300.7,61.5,63.0,1.767,39.3,3.692,2011
14,Brandt Snedeker,42,"$3,587,206",2092,26,85,16,7,1,69.9,287.2,64.0,64.9,1.727,49.7,3.776,2011
15,Hunter Mahan,40,"$3,503,540",1972,25,89,22,9,0,70.0,291.6,62.9,68.8,1.751,51.4,4.056,2011
16,Bubba Watson,44,"$3,477,811",782,22,79,19,3,2,70.6,314.9,56.9,69.8,1.785,38.7,3.911,2011
17,Gary Woodland,38,"$3,448,591",1035,25,93,21,6,1,70.1,310.5,58.1,69.4,1.793,42.6,3.957,2011
18,Justin Rose,42,"$3,401,420",0,23,77,18,5,1,70.5,290.6,63.3,69.5,1.784,58.2,3.688,2011
19,Mark Wilson,48,"$3,158,477",805,26,87,19,4,2,70.6,284.8,67.6,66.0,1.782,55.2,3.368,2011
20,Aaron Baddeley,41,"$3,094,693",1252,22,77,17,5,1,70.2,296.2,55.7,63.8,1.741,54.4,4.078,2011
21,Jason Dufner,45,"$3,057,860",987,23,78,15,6,0,70.4,286.8,65.8,67.0,1.783,54.1,3.679,2011
22,Jonathan Byrd,44,"$2,938,921",805,26,82,17,5,1,70.6,291.6,60.3,65.7,1.768,50.4,3.549,2011
23,Martin Laird,40,"$2,676,509",0,23,76,17,6,1,70.2,303.0,58.5,66.6,1.761,44.2,3.855,2011
24,Charl Schwartzel,38,"$2,604,558",372,15,56,15,3,1,70.5,297.0,61.7,66.0,1.78,47.9,3.625,2011
25,Charles Howell III,43,"$2,509,223",891,30,108,25,7,0,69.9,297.3,57.5,66.4,1.79,54.2,3.472,2011
26,Freddie Jacobson,48,"$2,488,325",680,25,92,21,3,1,70.2,287.4,60.8,58.0,1.739,52.7,3.761,2011
27,Rory Sabbatini,46,"$2,420,655",308,24,85,18,3,1,70.7,292.5,56.7,62.7,1.788,53.0,3.765,2011
28,Vijay Singh,59,"$2,371,050",708,25,79,16,5,0,70.7,294.3,59.7,66.5,1.796,54.6,3.734,2011
29,Rory McIlroy,33,"$2,344,610",0,10,34,9,4,1,70.6,0.0,0.0,0.0,0.0,0.0,3.735,2011
30,Bo Van Pelt,47,"$2,344,546",760,27,90,19,5,0,70.3,297.4,63.6,68.0,1.789,52.3,3.578,2011
31,Kevin Na,39,"$2,336,965",0,26,84,15,6,1,70.4,279.8,57.7,61.0,1.724,55.3,3.833,2011
32,Spencer Levin,38,"$2,320,038",0,31,113,25,6,0,70.0,286.3,63.5,65.6,1.781,45.5,3.584,2011
33,Y.E. Yang,51,"$2,314,865",737,18,59,14,5,0,70.8,290.2,62.2,62.5,1.779,52.4,3.492,2011
34,John Senden,51,"$2,294,811",0,26,94,20,3,0,70.3,293.3,66.8,70.9,1.796,41.1,3.745,2011
35,Chez Reavie,41,"$2,285,067",1445,27,92,18,5,0,70.6,293.5,67.3,68.6,1.769,43.7,3.793,2011
36,Tommy Gainey,47,"$2,174,191",0,34,104,17,7,0,70.8,296.7,59.0,64.4,1.774,47.2,3.779,2011
37,Rickie Fowler,34,"$2,084,681",0,24,81,19,4,0,70.5,299.5,56.7,64.5,1.723,45.1,4.086,2011
38,D.A. Points,46,"$2,034,156",0,26,89,18,3,1,70.8,287.4,66.5,64.9,1.772,50.0,3.629,2011
39,Brendan Steele,39,"$1,976,310",0,27,89,16,3,1,71.0,292.8,64.8,64.0,1.781,52.1,3.528,2011
40,Steve Marino,42,"$1,975,077",0,23,76,15,3,0,70.7,295.2,61.0,65.8,1.768,41.1,3.737,2011
41,Bryce Molder,43,"$1,957,945",0,27,83,15,6,1,69.3,282.0,66.5,63.4,1.73,57.5,3.711,2011
42,Scott Stallings,37,"$1,957,162",0,28,84,13,2,1,71.0,303.7,56.9,61.8,1.791,31.5,3.512,2011
43,Ryan Moore,40,"$1,942,906",0,22,75,18,4,0,70.6,290.1,63.1,62.9,1.756,46.4,3.613,2011
44,Geoff Ogilvy,45,"$1,916,994",0,21,66,14,4,0,70.5,290.0,62.9,62.6,1.749,52.3,3.833,2011
45,Zach Johnson,46,"$1,880,406",0,23,78,19,4,0,70.1,278.2,71.1,66.4,1.758,54.6,3.526,2011
46,Chris Kirk,37,"$1,877,627",0,28,88,15,4,1,70.3,295.7,56.5,65.9,1.751,53.4,3.75,2011
47,Jhonattan Vegas,38,"$1,854,414",0,25,84,18,3,1,70.9,304.9,54.7,64.0,1.82,40.6,3.821,2011
48,Ryan Palmer,46,"$1,850,530",0,24,80,18,3,0,70.9,299.5,53.8,63.8,1.772,51.2,3.65,2011
49,Lucas Glover,43,"$1,823,327",0,23,75,15,1,1,69.8,294.6,61.0,65.9,1.754,47.1,3.6,2011
50,Robert Karlsson,53,"$1,779,815",0,18,59,14,3,0,70.6,299.2,56.8,63.4,1.776,54.1,3.525,2011
1,Rory McIlroy,33,"$8,047,952",2827,16,54,13,10,4,69.6,310.1,56.6,66.4,1.738,56.2,4.204,2012
2,Tiger Woods,47,"$6,133,159",2662,19,67,16,9,3,69.8,297.4,63.9,67.6,1.761,49.0,3.97,2012
3,Brandt Snedeker,42,"$4,989,739",4100,22,78,19,7,2,70.1,288.7,60.5,63.7,1.725,57.9,4.013,2012
4,Jason Dufner,45,"$4,869,304",853,22,82,21,8,2,69.9,292.4,66.9,69.2,1.756,56.7,3.963,2012
5,Bubba Watson,44,"$4,644,997",1005,19,66,16,7,1,70.0,315.5,58.8,69.9,1.77,39.3,3.803,2012
6,Zach Johnson,46,"$4,504,244",1073,25,94,24,6,2,70.2,281.1,68.5,65.0,1.726,57.2,3.787,2012
7,Justin Rose,42,"$4,290,930",1770,19,68,17,8,1,70.2,290.9,65.8,70.3,1.78,62.8,3.691,2012
8,Phil Mickelson,52,"$4,203,822",2073,22,79,18,7,1,70.4,294.4,54.3,64.1,1.747,55.1,3.949,2012
9,Hunter Mahan,40,"$4,019,193",692,23,82,20,5,2,71.0,293.1,67.7,69.0,1.786,45.9,3.439,2012
10,Keegan Bradley,36,"$3,910,659",655,25,88,21,5,1,70.3,302.7,61.7,66.5,1.758,55.3,3.909,2012
11,Matt Kuchar,44,"$3,903,065",707,22,82,21,9,1,70.0,286.2,65.1,65.4,1.752,60.1,3.622,2012
12,Jim Furyk,52,"$3,623,805",790,24,84,20,8,0,70.1,280.0,70.7,68.2,1.774,65.2,3.25,2012
13,Carl Pettersson,45,"$3,538,656",612,26,92,20,6,1,70.4,297.1,57.6,63.9,1.74,56.7,3.696,2012
14,Luke Donald,45,"$3,512,024",1275,17,62,16,8,1,70.4,280.1,65.2,65.0,1.745,56.5,3.516,2012
15,Louis Oosthuizen,40,"$3,460,995",1635,19,63,14,5,0,70.3,299.5,62.4,68.8,1.756,44.2,3.778,2012
16,Ernie Els,53,"$3,453,118",510,22,78,19,5,1,70.8,294.6,56.7,66.5,1.797,48.0,3.218,2012
17,Webb Simpson,37,"$3,436,758",785,22,76,18,7,1,70.1,288.6,61.5,67.5,1.735,51.2,4.105,2012
18,Steve Stricker,55,"$3,420,021",685,19,70,18,7,1,70.1,285.4,63.3,68.3,1.747,47.6,3.8,2012
19,Dustin Johnson,38,"$3,393,820",1527,19,67,17,9,1,70.2,310.2,56.3,65.8,1.762,53.8,3.746,2012
20,Robert Garrigus,45,"$3,206,530",637,26,89,19,8,0,70.4,310.3,56.6,69.2,1.784,44.5,3.966,2012
21,Rickie Fowler,34,"$3,066,293",475,23,83,20,5,1,71.2,293.2,64.4,65.0,1.773,48.6,3.518,2012
22,Nick Watney,41,"$3,044,224",2215,26,94,23,5,1,70.9,296.8,58.9,66.4,1.777,47.2,3.596,2012
23,Bo Van Pelt,47,"$3,043,510",647,24,83,20,10,0,70.2,296.1,64.8,67.1,1.738,48.1,3.94,2012
24,Lee Westwood,49,"$3,016,569",1205,15,54,14,7,0,70.8,298.1,62.2,69.8,1.77,54.4,3.852,2012
25,Adam Scott,42,"$2,899,557",560,16,58,15,5,0,70.5,304.6,59.6,66.6,1.786,45.7,3.776,2012
26,Ryan Moore,40,"$2,858,944",1105,24,89,21,8,1,70.5,287.6,65.8,66.4,1.742,52.7,3.899,2012
27,Scott Piercy,44,"$2,699,205",483,28,95,19,4,1,70.5,304.5,56.1,65.7,1.747,48.9,3.853,2012
28,John Huh,32,"$2,692,113",460,28,99,22,4,1,70.7,288.3,68.7,66.4,1.769,51.0,3.646,2012
29,Sergio Garcia,43,"$2,510,116",732,16,56,14,3,1,70.7,292.4,61.2,65.0,1.762,56.4,3.643,2012
30,Ben Curtis,45,"$2,494,153",0,19,62,12,3,1,70.7,274.8,69.7,64.4,1.762,38.4,3.581,2012
31,Graeme McDowell,43,"$2,408,279",0,16,54,13,4,0,70.9,285.5,70.1,66.3,1.739,33.3,3.778,2012
32,Kyle Stanley,35,"$2,351,857",0,27,84,17,2,1,71.0,306.9,59.5,67.1,1.793,45.8,3.524,2012
33,Bill Haas,40,"$2,349,951",0,23,78,18,3,1,70.8,292.2,63.6,65.2,1.802,58.6,3.436,2012
34,Jonas Blixt,38,"$2,255,695",0,21,72,15,5,1,70.1,286.3,58.9,61.9,1.718,65.4,3.778,2012
35,Johnson Wagner,42,"$2,225,007",0,27,88,17,4,1,71.1,284.0,62.3,65.9,1.787,39.4,3.409,2012
36,Martin Laird,40,"$2,172,883",0,22,73,17,3,0,71.4,298.2,59.2,65.3,1.775,43.2,3.699,2012
37,Mark Wilson,48,"$2,144,780",0,25,78,16,3,1,71.6,276.0,68.6,64.0,1.8,52.6,3.038,2012
38,Kevin Na,39,"$2,029,943",0,25,80,18,6,0,70.0,281.5,65.9,61.3,1.753,54.0,3.55,2012
39,Brendon de Jonge,42,"$2,015,252",0,31,115,27,4,0,70.2,288.8,63.4,66.8,1.764,48.5,3.696,2012
40,Matt Every,39,"$1,972,166",0,25,80,15,6,0,70.9,285.5,60.9,62.9,1.757,56.1,3.85,2012
41,Marc Leishman,39,"$1,933,761",0,23,84,19,2,1,71.4,289.4,55.2,62.8,1.804,48.9,3.333,2012
42,John Senden,51,"$1,916,651",445,22,78,19,5,0,70.3,291.0,65.9,68.6,1.769,48.8,3.731,2012
43,Charlie Wi,51,"$1,845,397",0,25,86,18,4,0,71.2,285.6,61.7,59.7,1.753,44.7,3.43,2012
44,Bud Cauley,32,"$1,774,479",0,28,99,21,6,0,70.5,291.6,60.3,66.6,1.778,60.8,3.556,2012
45,Ian Poulter,47,"$1,715,272",0,15,56,15,4,0,70.8,285.0,65.1,61.6,1.765,56.1,3.411,2012
46,Ben Crane,46,"$1,701,365",0,23,72,15,4,0,70.7,286.8,64.4,64.8,1.74,54.6,3.889,2012
47,David Toms,56,"$1,658,428",0,19,58,12,5,0,70.9,275.5,69.8,66.1,1.78,59.2,3.379,2012
48,Jimmy Walker,45,"$1,638,420",0,28,101,23,6,0,70.7,296.5,52.7,64.3,1.76,52.7,3.713,2012
49,Seung-Yul Noh,31,"$1,629,751",0,28,101,23,4,0,70.5,300.4,59.3,64.7,1.78,48.3,3.535,2012
50,Jonathan Byrd,44,"$1,616,789",0,21,68,15,5,0,71.2,289.5,57.9,63.6,1.784,52.9,3.397,2012
1,Tiger Woods,47,"$8,553,439",2742,16,60,16,8,5,69.9,293.2,62.5,67.6,1.737,60.8,4.067,2013
2,Henrik Stenson,46,"$6,388,230",4750,18,64,16,8,2,69.9,290.9,70.1,72.0,1.784,46.2,3.766,2013
3,Matt Kuchar,44,"$5,616,809",1823,23,87,23,8,2,70.0,284.9,58.9,65.8,1.75,64.9,3.655,2013
4,Phil Mickelson,52,"$5,495,793",1313,21,78,18,7,2,70.1,287.9,57.3,66.7,1.718,55.6,4.218,2013
5,Brandt Snedeker,42,"$5,318,088",852,23,79,17,9,2,70.2,281.3,62.6,65.7,1.734,60.5,3.975,2013
6,Adam Scott,42,"$4,892,611",2277,16,60,16,6,2,70.3,297.8,61.8,68.8,1.775,53.8,3.75,2013
7,Steve Stricker,55,"$4,440,532",2650,13,47,13,8,0,69.2,283.6,70.7,71.2,1.731,54.7,4.128,2013
8,Justin Rose,42,"$4,146,148",1300,17,60,15,7,1,70.0,296.6,63.6,68.9,1.781,59.3,3.95,2013
9,Zach Johnson,46,"$4,044,509",2238,24,83,20,8,1,70.4,278.8,69.7,68.1,1.783,44.4,3.566,2013
10,Jordan Spieth,29,"$3,879,820",1690,23,82,18,9,1,70.0,289.4,67.8,66.9,1.734,51.6,3.89,2013
11,Keegan Bradley,36,"$3,636,813",693,25,87,21,7,0,70.0,300.6,62.8,66.5,1.771,56.3,3.759,2013
12,Jason Day,35,"$3,625,030",698,21,80,21,7,0,70.4,299.3,58.0,64.9,1.759,61.4,3.588,2013
13,Billy Horschel,36,"$3,501,703",728,26,96,22,8,1,70.5,293.8,64.2,67.5,1.745,53.1,3.958,2013
14,Bill Haas,40,"$3,475,563",572,25,84,19,9,1,70.4,288.2,62.3,67.8,1.777,50.8,3.417,2013
15,Jim Furyk,52,"$3,204,779",757,22,78,19,7,0,70.5,275.3,70.5,68.3,1.767,55.4,3.513,2013
16,Jason Dufner,45,"$3,132,268",685,22,77,19,5,1,70.5,285.9,64.8,67.5,1.781,51.5,3.584,2013
17,Kevin Streelman,44,"$3,088,285",553,25,86,18,5,1,70.6,287.5,67.3,66.4,1.789,48.3,3.43,2013
18,Hunter Mahan,40,"$3,036,164",652,25,85,22,5,0,70.6,290.0,66.6,67.6,1.785,48.5,3.671,2013
19,Dustin Johnson,38,"$2,963,214",760,22,70,16,6,1,70.8,305.8,53.4,66.7,1.778,42.7,3.771,2013
20,Webb Simpson,37,"$2,957,582",1050,25,88,21,5,0,70.3,285.4,63.3,66.7,1.759,55.6,3.818,2013
21,Graham DeLaet,40,"$2,834,900",1415,26,94,21,7,0,70.2,298.6,65.8,70.5,1.799,48.9,3.851,2013
22,Boo Weekley,49,"$2,786,662",455,27,100,23,4,1,70.7,290.9,66.4,69.4,1.805,49.7,3.5,2013
23,D.A. Points,46,"$2,658,887",452,28,87,15,3,1,71.4,281.1,63.5,62.8,1.775,47.1,3.563,2013
24,Nick Watney,41,"$2,477,639",737,26,86,19,4,0,71.0,291.2,62.4,68.5,1.808,44.1,3.558,2013
25,Charl Schwartzel,38,"$2,256,723",490,19,68,17,5,0,70.5,296.1,59.9,65.8,1.746,50.7,4.059,2013
26,Sergio Garcia,43,"$2,251,139",635,17,63,16,6,0,70.4,291.0,61.3,67.5,1.75,50.0,3.603,2013
27,Harris English,33,"$2,201,167",0,26,95,21,4,1,70.5,295.2,58.7,66.0,1.749,52.7,3.874,2013
28,Graeme McDowell,43,"$2,174,596",0,16,49,11,4,1,71.3,277.5,68.5,62.7,1.801,52.9,3.061,2013
29,Roberto Castro,37,"$2,154,898",645,29,97,19,4,0,70.4,282.3,67.4,67.3,1.774,54.0,3.598,2013
30,Jimmy Walker,45,"$2,117,571",0,24,84,18,5,0,70.4,298.5,52.2,66.1,1.758,54.7,3.762,2013
31,Lee Westwood,49,"$2,081,731",0,19,69,18,6,0,71.0,290.3,62.6,65.2,1.816,55.0,3.435,2013
32,Jonas Blixt,38,"$2,027,517",0,24,76,15,2,1,71.4,283.7,56.5,60.9,1.779,54.2,3.158,2013
33,Russell Henley,33,"$2,008,026",0,24,78,17,3,1,70.9,289.0,64.7,64.2,1.762,49.6,3.705,2013
34,John Merrick,40,"$1,969,478",0,23,79,16,2,1,70.7,284.3,60.5,66.5,1.776,44.3,3.38,2013
35,Patrick Reed,32,"$1,961,519",0,26,83,16,5,1,70.7,292.0,56.1,63.8,1.76,59.7,3.627,2013
36,Luke Donald,45,"$1,930,646",482,17,58,14,5,0,70.6,278.1,62.9,62.2,1.747,55.8,3.724,2013
37,Gary Woodland,38,"$1,915,732",602,26,90,21,2,1,70.8,303.8,57.6,67.0,1.763,40.3,3.711,2013
38,Charles Howell III,43,"$1,877,389",0,26,86,19,5,0,70.0,294.8,53.1,66.0,1.756,52.4,3.663,2013
39,Scott Piercy,44,"$1,830,084",0,24,75,16,4,0,71.5,298.2,53.6,62.3,1.772,41.7,3.627,2013
40,Rickie Fowler,34,"$1,816,742",0,22,74,18,5,0,70.9,286.4,62.3,63.6,1.752,60.3,3.581,2013
41,Rory McIlroy,33,"$1,802,443",0,16,55,14,5,0,71.1,302.2,57.9,65.5,1.744,43.3,3.927,2013
42,Brendon de Jonge,42,"$1,795,244",503,30,110,25,4,0,70.0,286.3,66.3,68.8,1.773,53.9,3.627,2013
43,Angel Cabrera,53,"$1,791,183",0,21,73,16,2,0,71.3,294.0,56.2,65.0,1.816,36.9,3.479,2013
44,Bubba Watson,44,"$1,759,276",0,21,73,18,3,0,70.7,303.7,58.7,69.4,1.795,46.1,3.781,2013
45,Martin Laird,40,"$1,755,393",0,21,68,13,2,1,71.8,293.4,60.8,63.6,1.801,48.3,3.191,2013
46,David Lingmerth,35,"$1,748,109",0,23,68,11,3,0,71.3,285.8,64.9,63.2,1.773,52.6,3.662,2013
47,Chris Kirk,37,"$1,728,616",0,24,89,20,3,0,70.0,289.0,59.6,65.9,1.733,49.2,3.854,2013
48,Matt Jones,42,"$1,724,707",0,24,83,18,5,0,70.2,292.3,64.7,66.0,1.771,55.7,3.639,2013
49,Ian Poulter,47,"$1,723,463",0,16,53,13,4,0,71.2,281.7,62.4,63.5,1.785,57.1,3.226,2013
50,Ken Duke,53,"$1,722,583",0,28,87,15,2,1,71.2,275.1,69.3,63.1,1.773,43.7,3.287,2013
1,Rory McIlroy,33,"$8,280,096",3050,17,64,17,12,3,69.3,310.5,59.9,69.4,1.708,47.5,4.578,2014
2,Bubba Watson,44,"$6,336,978",2285,21,73,18,8,2,70.0,314.3,60.5,68.0,1.737,41.8,3.959,2014
3,Jim Furyk,52,"$5,987,395",2450,21,80,21,11,0,69.8,279.3,73.2,68.8,1.787,50.0,3.438,2014
4,Jimmy Walker,45,"$5,787,016",1668,27,96,23,10,3,70.0,301.0,51.7,67.6,1.732,50.0,4.177,2014
5,Sergio Garcia,43,"$4,939,607",815,16,58,15,10,0,69.4,294.3,62.2,68.7,1.75,56.4,3.862,2014
6,Chris Kirk,37,"$4,854,777",3100,28,104,26,5,2,70.4,291.0,62.8,63.5,1.759,57.9,3.683,2014
7,Billy Horschel,36,"$4,814,787",4750,27,90,20,5,2,70.7,291.6,67.0,70.4,1.79,45.1,3.589,2014
8,Rickie Fowler,34,"$4,806,117",1225,26,85,19,10,0,70.4,297.5,59.9,64.5,1.755,51.9,3.882,2014
9,Matt Kuchar,44,"$4,695,516",1300,24,88,22,11,1,69.8,283.8,67.4,66.9,1.755,56.3,3.818,2014
10,Martin Kaymer,38,"$4,532,537",655,19,64,15,4,2,71.0,294.9,61.3,64.6,1.759,52.6,3.688,2014
11,Jordan Spieth,29,"$4,342,749",697,27,98,24,8,0,70.3,289.7,58.8,62.5,1.717,57.6,3.969,2014
12,Dustin Johnson,38,"$4,249,180",210,17,57,14,7,1,69.9,311.0,57.2,68.0,1.726,52.0,4.053,2014
13,Adam Scott,42,"$4,098,588",835,17,68,17,10,1,69.5,303.5,61.5,68.8,1.732,53.7,4.235,2014
14,Patrick Reed,32,"$4,026,076",598,28,90,20,4,2,70.8,292.3,55.6,63.6,1.768,59.0,3.489,2014
15,Justin Rose,42,"$3,926,768",850,19,68,17,8,1,70.2,295.1,59.9,66.9,1.757,58.2,3.765,2014
16,Jason Day,35,"$3,789,574",1200,16,49,11,6,1,68.8,301.2,58.7,64.0,1.776,57.3,3.51,2014
17,Webb Simpson,37,"$3,539,601",525,25,84,19,9,1,70.4,288.5,62.2,65.3,1.765,53.6,3.75,2014
18,Brendon Todd,37,"$3,396,747",508,29,108,25,7,1,70.3,280.3,64.9,64.0,1.744,58.2,3.546,2014
19,Zach Johnson,46,"$3,353,417",650,26,96,24,5,1,70.2,282.2,70.5,67.4,1.76,53.2,3.615,2014
20,Kevin Na,39,"$3,153,108",528,27,94,20,6,0,70.1,280.3,64.3,64.7,1.753,56.9,3.691,2014
21,Ryan Moore,40,"$3,098,263",0,24,84,20,7,1,70.3,284.7,69.9,68.0,1.754,47.8,3.798,2014
22,Hunter Mahan,40,"$3,097,983",1835,25,85,19,6,1,71.1,295.8,65.1,66.7,1.78,54.3,3.471,2014
23,Harris English,33,"$2,947,322",0,28,92,20,7,1,70.1,299.2,60.0,68.4,1.776,47.4,3.793,2014
24,Ryan Palmer,46,"$2,924,300",730,23,85,20,8,0,70.1,300.4,58.6,66.7,1.738,53.9,3.929,2014
25,John Senden,51,"$2,856,685",585,27,99,22,5,1,70.3,288.9,64.2,67.8,1.769,59.0,3.444,2014
26,Bill Haas,40,"$2,841,521",655,28,105,27,5,0,70.3,291.9,62.9,68.6,1.778,62.1,3.562,2014
27,Hideki Matsuyama,30,"$2,837,477",475,24,80,19,4,1,70.4,294.8,61.5,64.0,1.77,53.1,3.888,2014
28,Keegan Bradley,36,"$2,828,638",0,26,88,20,6,0,70.2,302.2,62.4,66.7,1.767,50.4,3.818,2014
29,Gary Woodland,38,"$2,734,153",595,25,92,23,5,0,70.5,304.1,59.5,66.5,1.774,41.0,3.652,2014
30,Graham DeLaet,40,"$2,616,518",0,24,79,17,7,0,70.2,303.4,62.1,70.7,1.788,53.4,3.772,2014
31,Russell Henley,33,"$2,590,494",635,29,92,17,3,1,71.7,293.7,63.7,61.8,1.756,48.1,3.533,2014
32,Marc Leishman,39,"$2,558,657",0,24,80,18,6,0,70.4,297.6,58.0,65.2,1.755,56.9,3.538,2014
33,Matt Every,39,"$2,540,371",0,26,85,17,6,1,71.0,286.3,56.7,63.3,1.766,51.0,3.624,2014
34,Brian Harman,35,"$2,414,334",0,32,111,23,6,1,70.4,289.0,61.0,64.3,1.755,51.8,3.505,2014
35,J.B. Holmes,40,"$2,365,205",0,24,86,19,2,1,71.2,308.0,54.7,60.9,1.744,46.6,3.733,2014
36,Kevin Stadler,42,"$2,300,307",0,26,89,21,3,1,70.7,291.6,64.3,68.9,1.788,42.8,3.607,2014
37,Cameron Tringale,35,"$2,169,723",600,31,112,24,3,0,70.8,282.8,63.7,66.7,1.775,52.4,3.348,2014
38,Phil Mickelson,52,"$2,158,019",0,21,71,16,1,0,70.7,292.4,58.0,65.3,1.753,61.3,3.746,2014
39,Seung-Yul Noh,31,"$2,115,234",0,27,92,20,3,1,70.7,296.5,55.0,67.0,1.777,60.3,3.489,2014
40,Kevin Streelman,44,"$2,107,994",0,24,78,17,2,1,71.6,288.6,68.0,63.2,1.76,43.2,3.603,2014
41,Graeme McDowell,43,"$2,077,387",0,17,62,16,8,0,70.2,278.0,69.2,65.8,1.747,53.8,3.613,2014
42,Tim Clark,47,"$2,066,344",0,27,76,14,3,1,69.8,272.2,74.0,64.3,1.755,61.0,3.289,2014
43,George McNeill,47,"$2,014,357",0,24,79,16,4,0,70.4,286.1,62.2,66.2,1.76,48.2,3.722,2014
44,Charl Schwartzel,38,"$1,997,482",0,18,62,15,5,0,70.1,297.8,59.4,63.5,1.739,54.8,4.016,2014
45,Charles Howell III,43,"$1,997,044",0,29,106,24,6,0,70.0,304.1,52.8,67.7,1.77,55.3,3.651,2014
46,Charley Hoffman,46,"$1,977,296",0,25,93,21,5,0,70.5,299.2,58.7,67.1,1.756,45.7,3.892,2014
47,Matt Jones,42,"$1,928,154",0,25,83,17,1,1,71.0,296.3,58.5,63.3,1.745,41.8,3.41,2014
48,Freddie Jacobson,48,"$1,901,789",0,27,91,19,4,0,70.7,284.6,59.4,62.6,1.746,49.1,3.484,2014
49,Henrik Stenson,46,"$1,894,235",0,15,54,14,3,0,70.6,293.2,68.8,69.0,1.779,44.9,3.963,2014
50,Angel Cabrera,53,"$1,868,559",0,23,69,12,1,1,71.0,303.7,58.4,65.0,1.776,37.2,3.681,2014
1,Jordan Spieth,29,"$12,030,465",6392,26,92,22,16,6,68.9,291.8,62.9,64.9,1.699,58.1,4.62,2015
2,Jason Day,35,"$9,403,330",6970,21,76,19,12,5,68.9,313.7,55.9,67.1,1.712,61.1,4.711,2015
3,Bubba Watson,44,"$6,876,797",4009,20,72,18,10,2,69.3,315.2,56.6,64.5,1.756,46.9,4.278,2015
4,Rickie Fowler,34,"$5,773,430",4196,22,76,18,8,2,70.3,296.8,62.1,61.5,1.734,55.8,4.053,2015
5,Dustin Johnson,38,"$5,509,467",2854,21,73,18,11,1,68.9,317.7,55.5,67.1,1.715,38.6,4.164,2015
6,Justin Rose,42,"$5,462,677",3046,21,70,16,9,1,69.9,303.5,63.9,66.5,1.736,60.7,4.5,2015
7,Rory McIlroy,33,"$4,863,312",2407,12,42,11,7,2,69.6,0.0,0.0,0.0,0.0,0.0,4.143,2015
8,Zach Johnson,46,"$4,801,487",2794,26,91,21,11,1,69.7,282.6,71.2,65.6,1.735,56.3,3.978,2015
9,Henrik Stenson,46,"$4,755,070",4499,17,64,17,9,0,69.5,296.4,69.9,68.9,1.785,49.4,4.141,2015
10,Jimmy Walker,45,"$4,521,350",2370,25,90,22,6,2,70.3,301.6,52.2,63.1,1.743,53.4,4.033,2015
11,Charley Hoffman,46,"$4,041,089",2556,28,94,21,7,1,70.5,298.9,58.0,66.2,1.746,50.3,3.894,2015
12,J.B. Holmes,40,"$4,037,430",2406,25,85,20,7,1,70.5,309.9,54.1,63.7,1.73,48.6,4.035,2015
13,Danny Lee,32,"$3,965,933",2812,36,120,24,8,1,70.1,283.1,63.9,65.7,1.732,61.5,3.958,2015
14,Robert Streb,35,"$3,947,424",2348,30,110,25,9,1,69.9,297.1,59.5,69.1,1.75,52.5,3.945,2015
15,Hideki Matsuyama,30,"$3,758,619",2361,26,95,24,9,0,69.9,294.5,65.3,65.6,1.74,48.8,4.095,2015
16,Jim Furyk,52,"$3,732,664",2087,20,66,16,7,1,68.1,281.9,69.1,69.8,1.791,44.6,3.606,2015
17,Brandt Snedeker,42,"$3,698,056",1835,27,95,22,8,1,70.1,288.4,61.0,65.0,1.739,59.0,3.747,2015
18,Patrick Reed,32,"$3,590,566",2381,28,104,26,5,1,70.1,292.9,54.8,61.3,1.732,52.2,3.99,2015
19,Brooks Koepka,32,"$3,571,901",1832,23,81,19,8,1,70.0,308.2,57.3,69.5,1.76,53.7,3.901,2015
20,Kevin Kisner,38,"$3,567,939",2122,30,104,22,6,0,70.2,287.8,66.9,66.2,1.771,50.0,3.529,2015
21,Paul Casey,45,"$3,488,311",2091,24,82,19,8,0,69.8,297.8,64.2,72.4,1.772,38.5,3.841,2015
22,Louis Oosthuizen,40,"$3,251,174",1511,20,64,14,6,0,69.1,298.8,59.8,67.2,1.777,60.8,3.703,2015
23,Steven Bowditch,39,"$3,075,410",1870,32,104,19,2,1,70.4,302.1,54.0,62.8,1.755,59.4,3.683,2015
24,Bill Haas,40,"$3,064,024",1763,25,86,20,5,1,70.6,290.7,63.3,68.8,1.803,52.5,3.43,2015
25,Daniel Berger,29,"$3,028,901",2558,31,97,17,6,0,70.2,302.1,60.7,68.8,1.779,53.4,3.845,2015
26,Kevin Na,39,"$2,820,766",1794,27,96,23,7,0,69.4,280.1,62.5,64.6,1.739,63.2,3.854,2015
27,Scott Piercy,44,"$2,780,027",2101,28,90,18,5,1,70.3,296.7,59.3,66.7,1.759,37.5,3.789,2015
28,Matt Kuchar,44,"$2,774,170",1986,26,98,25,8,0,69.9,288.5,63.2,63.8,1.733,61.5,3.867,2015
29,David Lingmerth,35,"$2,736,378",1387,28,90,17,4,1,70.4,289.5,65.5,64.9,1.751,53.2,3.722,2015
30,Ben Martin,35,"$2,717,305",1417,27,90,20,5,1,70.7,288.1,65.1,68.7,1.774,49.6,3.833,2015
31,Sergio Garcia,43,"$2,670,229",1177,15,56,15,4,0,70.3,300.0,59.5,67.6,1.746,45.6,3.946,2015
32,Ryan Moore,40,"$2,642,306",1374,24,78,17,4,1,70.7,282.6,70.0,65.2,1.737,55.9,3.833,2015
33,Gary Woodland,38,"$2,605,083",1300,24,74,15,4,0,71.1,305.5,56.2,66.7,1.795,43.3,3.486,2015
34,Sangmoon Bae,36,"$2,599,633",1779,30,99,20,5,1,70.2,289.8,60.0,62.9,1.76,52.0,3.576,2015
35,Chris Kirk,37,"$2,369,326",1291,22,77,18,3,1,70.9,285.8,62.0,61.2,1.758,60.5,3.727,2015
36,Jason Bohn,49,"$2,337,580",1373,27,95,20,6,0,69.7,277.1,71.6,68.9,1.724,46.2,3.979,2015
37,Shane Lowry,35,"$2,298,517",222,13,38,8,3,1,71.3,0.0,0.0,0.0,0.0,0.0,3.658,2015
38,Justin Thomas,29,"$2,278,564",1498,30,106,23,7,0,69.6,303.2,58.2,68.9,1.736,49.6,4.151,2015
39,Phil Mickelson,52,"$2,154,200",1091,19,70,16,3,0,70.9,300.5,56.0,61.5,1.737,53.3,3.971,2015
40,Russell Henley,33,"$2,110,774",1072,24,84,20,4,0,70.5,297.1,64.4,67.1,1.756,45.2,3.905,2015
41,Tony Finau,33,"$2,095,186",1293,31,106,22,5,0,70.0,309.0,54.3,67.6,1.756,45.1,4.104,2015
42,Troy Merritt,37,"$2,092,669",1148,29,91,16,3,1,71.1,285.2,62.8,63.4,1.77,45.9,3.297,2015
43,James Hahn,41,"$2,064,783",1202,28,94,19,2,1,70.6,295.1,59.9,66.1,1.761,55.5,3.617,2015
44,Webb Simpson,37,"$2,046,260",1213,22,78,19,5,0,70.1,289.4,67.9,67.8,1.791,59.2,3.641,2015
45,Matt Jones,42,"$1,995,553",1445,25,86,20,4,0,70.4,296.0,59.7,63.3,1.731,54.0,3.965,2015
46,Ryan Palmer,46,"$1,974,523",1386,22,77,18,5,0,70.3,305.2,56.6,65.9,1.774,49.2,3.727,2015
47,Harris English,33,"$1,971,687",1695,29,102,24,3,0,70.0,298.4,58.5,67.0,1.76,47.9,3.716,2015
48,Russell Knox,37,"$1,916,666",1435,28,96,20,3,0,70.1,284.4,67.8,70.8,1.777,43.1,3.719,2015
49,Cameron Tringale,35,"$1,837,164",1390,28,96,20,3,0,71.0,281.8,68.5,64.6,1.781,53.5,3.448,2015
50,David Hearn,43,"$1,817,043",1152,30,97,18,4,0,70.5,280.6,64.2,68.0,1.75,39.0,3.701,2015
1,Dustin Johnson,38,"$9,365,185",2380,22,82,21,15,3,69.5,0.0,0.0,0.0,0.0,0.0,4.451,2016
2,Jason Day,35,"$8,045,112",1440,20,69,17,10,3,69.7,0.0,0.0,0.0,0.0,0.0,4.159,2016
3,Adam Scott,42,"$6,473,090",1930,20,76,20,9,2,69.8,0.0,0.0,0.0,0.0,0.0,3.947,2016
4,Rory McIlroy,33,"$5,790,586",3120,18,62,15,8,2,70.0,0.0,0.0,0.0,0.0,0.0,4.419,2016
5,Patrick Reed,32,"$5,679,575",1986,28,101,24,11,1,70.1,0.0,0.0,0.0,0.0,0.0,3.812,2016
6,Jordan Spieth,29,"$5,538,471",1168,21,76,19,8,2,69.7,0.0,0.0,0.0,0.0,0.0,4.263,2016
7,Russell Knox,37,"$4,885,907",992,25,89,21,4,2,70.4,0.0,0.0,0.0,0.0,0.0,3.629,2016
8,Kevin Chappell,36,"$4,501,050",1320,27,93,19,8,0,70.5,0.0,0.0,0.0,0.0,0.0,3.57,2016
9,Hideki Matsuyama,30,"$4,193,954",728,23,73,16,8,1,70.2,0.0,0.0,0.0,0.0,0.0,4.192,2016
10,Jimmy Walker,45,"$4,148,547",652,25,82,18,5,1,70.5,0.0,0.0,0.0,0.0,0.0,3.841,2016
11,Justin Thomas,29,"$4,126,366",748,28,96,22,7,1,70.7,0.0,0.0,0.0,0.0,0.0,3.75,2016
12,Phil Mickelson,52,"$4,022,628",548,22,72,16,6,0,70.0,0.0,0.0,0.0,0.0,0.0,4.056,2016
13,Brandt Snedeker,42,"$3,960,142",592,27,89,20,7,1,70.2,0.0,0.0,0.0,0.0,0.0,3.809,2016
14,Paul Casey,45,"$3,833,560",1880,22,74,17,7,0,70.2,0.0,0.0,0.0,0.0,0.0,3.689,2016
15,Matt Kuchar,44,"$3,819,679",526,26,96,24,10,0,70.0,0.0,0.0,0.0,0.0,0.0,3.917,2016
16,Ryan Moore,40,"$3,701,035",1336,23,81,19,9,1,70.2,0.0,0.0,0.0,0.0,0.0,3.753,2016
17,William McGirt,43,"$3,614,972",432,28,98,20,7,1,70.4,0.0,0.0,0.0,0.0,0.0,3.571,2016
18,Bubba Watson,44,"$3,492,842",478,19,69,17,4,1,70.5,0.0,0.0,0.0,0.0,0.0,3.681,2016
19,Kevin Na,39,"$3,441,291",400,26,93,22,8,0,70.3,0.0,0.0,0.0,0.0,0.0,3.785,2016
20,Kevin Kisner,38,"$3,424,354",436,27,94,22,6,1,70.5,0.0,0.0,0.0,0.0,0.0,3.734,2016
21,Henrik Stenson,46,"$3,397,373",0,14,46,10,4,1,70.1,0.0,0.0,0.0,0.0,0.0,4.261,2016
22,Emiliano Grillo,30,"$3,371,706",901,25,90,22,3,1,70.7,0.0,0.0,0.0,0.0,0.0,3.8,2016
23,Brooks Koepka,32,"$3,322,393",0,21,71,17,7,0,69.1,0.0,0.0,0.0,0.0,0.0,4.056,2016
24,Daniel Berger,29,"$3,243,014",422,26,90,22,6,1,69.6,0.0,0.0,0.0,0.0,0.0,3.8,2016
25,Sergio Garcia,43,"$3,242,156",0,15,51,13,4,1,70.4,0.0,0.0,0.0,0.0,0.0,3.824,2016
26,Si Woo Kim,27,"$3,086,369",533,34,109,22,5,1,70.3,0.0,0.0,0.0,0.0,0.0,3.67,2016
27,J.B. Holmes,40,"$2,969,608",360,22,74,17,6,0,70.9,0.0,0.0,0.0,0.0,0.0,4.054,2016
28,Charl Schwartzel,38,"$2,936,028",430,19,70,18,5,1,70.3,0.0,0.0,0.0,0.0,0.0,3.8,2016
29,Danny Willett,35,"$2,918,132",0,9,30,8,3,1,70.8,0.0,0.0,0.0,0.0,0.0,3.733,2016
30,Scott Piercy,44,"$2,905,349",0,24,84,20,3,0,70.8,0.0,0.0,0.0,0.0,0.0,3.524,2016
31,Jason Dufner,45,"$2,879,884",522,28,102,25,6,1,70.3,0.0,0.0,0.0,0.0,0.0,3.775,2016
32,Branden Grace,34,"$2,878,868",0,18,60,14,6,1,70.8,0.0,0.0,0.0,0.0,0.0,3.483,2016
33,Rickie Fowler,34,"$2,713,564",0,23,77,18,8,0,70.2,0.0,0.0,0.0,0.0,0.0,3.714,2016
34,Graeme McDowell,43,"$2,596,170",0,21,60,11,5,1,71.2,0.0,0.0,0.0,0.0,0.0,3.517,2016
35,Roberto Castro,37,"$2,520,575",448,27,97,22,4,0,70.1,0.0,0.0,0.0,0.0,0.0,3.68,2016
36,Smylie Kaufman,30,"$2,508,174",0,28,88,18,4,1,70.9,0.0,0.0,0.0,0.0,0.0,3.795,2016
37,Jhonattan Vegas,38,"$2,478,980",362,27,93,20,5,1,70.5,0.0,0.0,0.0,0.0,0.0,3.602,2016
38,Louis Oosthuizen,40,"$2,422,079",0,17,56,13,3,0,70.9,0.0,0.0,0.0,0.0,0.0,3.429,2016
39,Gary Woodland,38,"$2,392,044",509,26,91,21,3,0,70.2,0.0,0.0,0.0,0.0,0.0,3.648,2016
40,Bill Haas,40,"$2,390,200",0,24,82,19,6,0,70.7,0.0,0.0,0.0,0.0,0.0,3.11,2016
41,James Hahn,41,"$2,367,521",0,26,85,16,3,1,71.3,0.0,0.0,0.0,0.0,0.0,3.329,2016
42,Charley Hoffman,46,"$2,350,240",0,26,88,20,1,1,71.1,0.0,0.0,0.0,0.0,0.0,3.375,2016
43,Fabi치n G칩mez,44,"$2,227,041",0,26,79,16,4,1,71.4,0.0,0.0,0.0,0.0,0.0,3.456,2016
44,Jim Herman,45,"$2,091,274",0,29,93,18,2,1,71.3,0.0,0.0,0.0,0.0,0.0,3.28,2016
45,Justin Rose,42,"$2,085,365",0,18,62,15,5,0,70.7,0.0,0.0,0.0,0.0,0.0,3.806,2016
46,Daniel Summerhays,39,"$2,045,968",0,28,99,21,2,0,70.8,0.0,0.0,0.0,0.0,0.0,3.667,2016
47,Harris English,33,"$2,014,283",0,27,97,22,3,0,70.7,0.0,0.0,0.0,0.0,0.0,3.474,2016
48,Charles Howell III,43,"$1,974,962",0,25,91,21,5,0,70.1,0.0,0.0,0.0,0.0,0.0,3.813,2016
49,Jamie Lovemark,34,"$1,940,890",0,27,91,19,5,0,70.7,0.0,0.0,0.0,0.0,0.0,3.791,2016
50,Jason Kokrak,37,"$1,934,250",0,28,89,17,4,0,70.6,0.0,0.0,0.0,0.0,0.0,3.652,2016
1,Justin Thomas,29,"$9,921,560",3000,25,79,18,12,5,69.4,309.7,55.1,67.2,1.694,48.2,4.481,2017
2,Jordan Spieth,29,"$9,433,033",2340,23,78,19,12,3,68.9,295.6,60.0,70.0,1.711,55.8,4.487,2017
3,Dustin Johnson,38,"$8,732,193",1720,20,70,17,8,4,69.6,315.0,57.0,69.5,1.755,44.3,3.986,2017
4,Hideki Matsuyama,30,"$8,380,570",1093,22,76,19,7,3,69.7,303.3,58.6,69.0,1.739,50.9,4.289,2017
5,Jon Rahm,28,"$6,123,248",1620,23,83,21,11,1,69.6,305.8,58.7,68.6,1.761,59.1,4.108,2017
6,Rickie Fowler,34,"$6,083,198",1253,21,77,18,10,1,68.7,300.3,63.9,67.0,1.721,68.7,4.221,2017
7,Marc Leishman,39,"$5,866,391",1441,25,90,22,7,2,69.7,298.6,57.9,67.0,1.759,53.0,3.811,2017
8,Brooks Koepka,32,"$5,612,397",1040,24,80,19,7,1,70.3,311.1,55.8,63.5,1.721,48.2,4.2,2017
9,Kevin Kisner,38,"$4,766,936",901,28,98,24,8,1,70.3,289.5,67.8,66.4,1.785,52.1,3.602,2017
10,Brian Harman,35,"$4,396,470",364,30,100,21,7,1,70.3,289.9,62.8,63.8,1.738,58.7,3.67,2017
11,Pat Perez,46,"$4,361,401",596,26,91,22,6,1,69.5,290.9,62.0,66.2,1.754,54.5,3.681,2017
12,Xander Schauffele,29,"$4,312,674",2151,28,92,18,4,2,70.1,306.8,58.8,68.0,1.758,53.9,3.859,2017
13,Daniel Berger,29,"$4,287,161",556,26,87,20,5,1,69.3,296.9,60.0,66.7,1.755,43.2,3.805,2017
14,Matt Kuchar,44,"$4,282,489",648,26,92,22,9,0,70.0,285.4,65.9,66.7,1.77,57.6,3.62,2017
15,Justin Rose,42,"$4,245,308",1080,18,65,15,8,0,68.8,300.9,58.3,68.1,1.77,55.9,4.031,2017
16,Charley Hoffman,46,"$4,161,008",473,31,108,23,6,0,70.4,298.7,58.6,66.6,1.757,53.1,3.917,2017
17,Paul Casey,45,"$3,906,974",920,24,90,23,9,0,69.7,297.5,64.1,70.1,1.763,39.2,3.867,2017
18,Sergio Garcia,43,"$3,522,476",441,17,62,16,3,1,69.9,301.9,62.3,69.6,1.781,53.1,3.661,2017
19,Adam Hadwin,35,"$3,455,012",362,28,98,21,5,1,70.6,291.3,63.2,65.1,1.753,61.1,3.633,2017
20,Russell Henley,33,"$3,413,876",792,27,98,22,5,1,69.4,298.0,63.7,67.8,1.754,46.1,3.806,2017
21,Kyle Stanley,35,"$3,402,106",366,29,100,22,5,1,69.9,296.5,68.6,70.4,1.776,47.7,3.8,2017
22,Jason Dufner,45,"$3,310,341",287,24,82,20,2,1,70.4,294.6,63.8,67.2,1.764,42.1,3.78,2017
23,Webb Simpson,37,"$3,209,646",527,28,99,23,6,0,70.0,286.5,66.3,65.5,1.763,61.5,3.677,2017
24,Kevin Chappell,36,"$3,149,615",352,27,91,21,5,1,70.2,305.0,58.8,65.2,1.779,42.8,3.648,2017
25,Louis Oosthuizen,40,"$3,105,422",0,18,62,16,4,0,70.7,296.3,61.3,65.2,1.787,61.2,3.258,2017
26,Patrick Reed,32,"$3,055,111",416,29,100,24,4,0,70.6,295.6,57.2,62.2,1.744,51.1,3.75,2017
27,Gary Woodland,38,"$2,980,226",321,26,90,22,5,0,69.7,307.6,59.3,69.5,1.807,60.7,3.644,2017
28,Jason Day,35,"$2,978,181",514,20,67,16,5,0,69.4,306.2,53.9,63.7,1.716,53.9,4.09,2017
29,Jhonattan Vegas,38,"$2,944,738",384,29,91,19,4,1,70.2,301.3,57.7,65.9,1.805,45.7,3.56,2017
30,Brendan Steele,39,"$2,907,095",0,25,85,20,4,1,69.7,300.4,62.9,67.3,1.785,43.3,3.765,2017
31,Francesco Molinari,40,"$2,875,850",0,21,72,17,5,0,70.1,292.4,70.1,67.3,1.768,53.8,3.861,2017
32,Bill Haas,40,"$2,842,173",0,25,85,20,4,0,70.2,293.0,59.3,67.9,1.792,53.6,3.471,2017
33,Tony Finau,33,"$2,838,629",510,29,105,24,8,0,69.2,309.2,57.5,69.0,1.764,52.0,3.952,2017
34,Henrik Stenson,46,"$2,769,771",0,15,46,9,3,1,67.1,0.0,0.0,0.0,0.0,0.0,3.826,2017
35,Billy Horschel,36,"$2,697,960",0,28,87,16,4,1,70.2,300.1,60.1,67.9,1.807,44.9,3.345,2017
36,Si Woo Kim,27,"$2,681,177",0,30,77,14,2,1,70.6,289.8,57.0,59.6,1.794,47.9,3.026,2017
37,Charles Howell III,43,"$2,606,383",0,23,82,20,5,0,70.1,296.9,54.7,67.0,1.772,51.4,3.512,2017
38,Wesley Bryan,32,"$2,495,751",0,28,91,18,5,1,70.9,279.8,57.9,60.5,1.748,55.3,3.396,2017
39,Rory McIlroy,33,"$2,430,182",0,14,48,12,6,0,70.1,317.2,55.1,65.6,1.772,63.2,3.854,2017
40,Zach Johnson,46,"$2,362,968",0,23,77,17,4,0,70.6,286.9,67.5,64.2,1.747,51.6,3.532,2017
41,Mackenzie Hughes,32,"$2,355,553",0,31,105,22,2,1,70.2,294.3,59.6,64.7,1.779,47.0,3.562,2017
42,Hudson Swafford,35,"$2,246,090",0,28,90,18,4,1,70.5,305.1,60.3,68.2,1.776,51.5,3.689,2017
43,Charl Schwartzel,38,"$2,156,036",0,18,60,14,3,0,70.8,299.1,54.3,61.8,1.763,57.6,3.617,2017
44,Cameron Smith,29,"$2,123,216",0,26,82,15,4,1,70.7,292.6,56.3,63.1,1.737,49.2,3.817,2017
45,Phil Mickelson,52,"$2,102,599",0,22,80,20,5,0,70.4,293.5,55.0,62.8,1.734,53.3,3.863,2017
46,Ian Poulter,47,"$2,098,346",0,20,68,15,2,0,70.1,283.5,62.6,64.5,1.778,59.3,3.456,2017
47,Tommy Fleetwood,31,"$2,094,455",0,10,32,8,3,0,71.2,0.0,0.0,0.0,0.0,0.0,3.188,2017
48,Thomas Pieters,30,"$2,058,070",0,12,33,7,4,0,68.5,0.0,0.0,0.0,0.0,0.0,3.667,2017
49,Patrick Cantlay,30,"$2,049,632",296,13,48,12,4,0,70.0,298.9,61.5,69.2,1.756,51.1,3.729,2017
50,Lucas Glover,43,"$1,955,823",0,26,90,20,4,0,70.2,298.6,65.4,69.9,1.782,49.3,3.7,2017
1,Justin Thomas,29,"$8,694,821",1610,23,82,21,10,3,69.1,311.8,58.4,68.8,1.714,54.3,4.341,2018
2,Dustin Johnson,38,"$8,457,352",2056,20,74,19,12,3,68.5,314.0,59.5,70.6,1.699,52.2,4.703,2018
3,Justin Rose,42,"$8,130,678",2260,18,66,17,11,2,69.0,303.5,66.0,69.9,1.732,61.2,4.53,2018
4,Bryson DeChambeau,29,"$8,094,489",2188,26,93,22,9,3,69.6,305.7,62.2,69.7,1.758,48.7,4.204,2018
5,Brooks Koepka,32,"$7,094,047",1093,17,62,16,6,2,69.4,313.4,56.8,68.3,1.747,53.8,4.194,2018
6,Bubba Watson,44,"$5,793,748",918,24,79,19,6,3,70.1,313.1,58.3,68.2,1.773,44.2,3.747,2018
7,Tony Finau,33,"$5,620,138",1732,28,98,25,11,0,69.5,315.1,55.1,70.2,1.735,44.4,4.133,2018
8,Tiger Woods,47,"$5,443,841",2219,18,68,16,7,1,69.6,303.6,59.3,67.4,1.744,48.1,4.029,2018
9,Webb Simpson,37,"$5,376,417",844,26,92,23,9,1,69.3,293.7,62.3,67.9,1.741,62.9,3.587,2018
10,Jason Day,35,"$5,087,461",564,20,68,18,5,2,69.7,310.0,58.3,65.3,1.716,62.5,4.176,2018
11,Francesco Molinari,40,"$5,065,842",512,20,70,17,5,2,69.9,301.0,65.0,70.2,1.78,47.9,3.771,2018
12,Patrick Reed,32,"$5,006,267",438,26,86,20,7,1,70.2,298.1,55.1,63.6,1.746,56.7,3.756,2018
13,Phil Mickelson,52,"$4,595,187",448,24,87,21,6,1,70.1,300.3,52.9,64.9,1.699,58.6,4.31,2018
14,Rory McIlroy,33,"$4,410,296",602,18,61,14,7,1,69.5,319.7,55.8,66.3,1.736,52.4,4.0,2018
15,Billy Horschel,36,"$4,315,200",1840,27,82,17,6,1,69.8,295.4,67.8,71.7,1.757,51.7,3.915,2018
16,Rickie Fowler,34,"$4,235,237",512,20,74,17,6,0,69.4,299.8,65.3,69.5,1.744,60.5,4.0,2018
17,Keegan Bradley,36,"$4,069,464",1253,27,93,23,5,1,70.2,299.6,67.9,69.2,1.784,45.2,3.645,2018
18,Xander Schauffele,29,"$4,047,538",581,27,93,22,7,0,70.4,304.9,59.8,65.6,1.763,48.4,3.806,2018
19,Jon Rahm,28,"$3,992,678",422,20,66,16,5,1,69.7,308.9,59.2,70.1,1.747,48.5,4.439,2018
20,Patrick Cantlay,30,"$3,963,962",453,23,80,21,7,1,69.9,303.1,61.6,70.7,1.781,53.9,3.825,2018
21,Tommy Fleetwood,31,"$3,935,147",483,19,66,18,6,0,69.5,306.9,65.0,69.4,1.745,51.7,4.318,2018
22,Kyle Stanley,35,"$3,916,001",373,26,88,20,5,0,70.3,295.7,71.3,71.1,1.781,46.2,3.818,2018
23,Marc Leishman,39,"$3,771,221",284,25,90,22,6,0,70.1,298.5,60.2,66.7,1.749,48.8,3.956,2018
24,Paul Casey,45,"$3,641,771",403,20,71,17,5,1,70.0,304.3,63.1,67.8,1.775,54.5,3.775,2018
25,Cameron Smith,29,"$3,622,607",660,24,78,18,7,0,70.4,298.4,57.0,63.2,1.745,56.5,3.692,2018
26,Kevin Na,39,"$3,578,316",336,26,86,20,4,1,69.9,289.6,64.1,64.7,1.722,61.5,3.907,2018
27,Patton Kizzire,36,"$3,541,151",275,29,89,18,4,2,70.4,298.7,55.6,69.0,1.764,46.8,3.775,2018
28,Aaron Wise,26,"$3,486,407",418,29,88,16,4,1,70.1,302.9,63.3,68.8,1.748,47.9,4.114,2018
29,Gary Woodland,38,"$3,108,907",385,27,91,21,3,1,70.2,313.5,63.7,70.5,1.794,41.5,3.802,2018
30,Kevin Kisner,38,"$2,972,285",1132,25,78,18,4,0,70.4,290.8,66.3,65.4,1.766,44.0,3.436,2018
31,Pat Perez,46,"$2,962,641",1190,23,75,19,4,1,70.6,290.9,65.1,67.8,1.765,47.2,3.853,2018
32,Jordan Spieth,29,"$2,793,536",1323,23,76,18,5,0,69.5,299.8,61.6,70.5,1.755,51.3,4.158,2018
33,Chesson Hadley,35,"$2,768,863",1163,30,99,23,7,0,70.1,300.0,60.1,67.7,1.74,46.1,3.939,2018
34,Brian Harman,35,"$2,733,463",1129,25,90,22,8,0,70.5,291.9,67.1,67.6,1.767,47.2,3.733,2018
35,Ian Poulter,47,"$2,714,450",1090,20,64,16,4,1,70.6,293.6,66.4,67.0,1.766,50.4,3.75,2018
36,Luke List,38,"$2,710,736",1150,29,95,20,5,0,70.3,314.6,54.7,68.4,1.794,52.2,3.863,2018
37,Chez Reavie,41,"$2,700,018",1252,28,86,19,3,0,70.2,286.5,72.2,68.7,1.767,43.1,3.709,2018
38,Alex Noren,40,"$2,699,150",1169,18,60,14,3,0,70.4,299.2,61.7,64.9,1.782,51.9,3.467,2018
39,Hideki Matsuyama,30,"$2,687,477",602,21,72,19,4,0,69.8,302.0,62.8,69.3,1.754,52.0,3.944,2018
40,Henrik Stenson,46,"$2,680,487",990,16,56,14,5,0,69.7,291.5,75.2,73.5,1.8,55.6,3.643,2018
41,Andrew Landry,35,"$2,642,179",1225,27,80,15,5,1,70.7,291.1,62.9,65.6,1.756,42.6,3.5,2018
42,Byeong Hun An,31,"$2,599,264",1170,24,84,19,4,0,70.3,307.9,60.2,68.0,1.791,48.9,3.655,2018
43,Emiliano Grillo,30,"$2,493,163",1270,25,92,22,6,0,70.0,295.2,70.2,68.8,1.754,54.8,3.891,2018
44,Ryan Armour,46,"$2,485,203",1113,32,107,22,3,1,70.2,283.5,73.6,68.2,1.773,52.5,3.664,2018
45,Rafa Cabrera Bello,38,"$2,449,869",1175,20,70,18,5,0,70.0,295.1,67.9,70.2,1.773,56.9,3.771,2018
46,Beau Hossler,27,"$2,449,707",1134,28,104,24,5,0,70.2,300.0,60.5,67.9,1.748,54.2,3.788,2018
47,Brandt Snedeker,42,"$2,448,970",1188,25,82,17,4,1,70.2,293.1,62.8,65.0,1.743,56.7,3.622,2018
48,Austin Cook,31,"$2,448,920",1203,29,107,24,3,1,70.1,292.3,66.8,66.5,1.756,53.4,3.916,2018
49,Andrew Putnam,33,"$2,387,382",1267,28,89,21,5,1,70.1,293.8,60.4,70.5,1.783,48.8,3.629,2018
50,Brendan Steele,39,"$2,291,128",1015,22,67,16,3,1,71.0,310.3,60.5,69.2,1.817,48.0,3.478,2018
1,Brooks Koepka,32,"$9,684,006",-13,21,74,20,9,3,69.2,309.0,61.8,70.0,1.752,58.4,4.284,2019
2,Rory McIlroy,33,"$7,785,286",-18,19,68,17,14,3,69.0,313.5,61.8,68.5,1.701,55.3,4.485,2019
3,Matt Kuchar,44,"$6,294,690",-1,22,80,20,8,2,69.6,289.5,67.4,69.4,1.748,60.8,4.013,2019
4,Patrick Cantlay,30,"$6,121,488",1,21,72,18,9,1,69.2,304.7,57.3,67.2,1.721,58.0,4.403,2019
5,Gary Woodland,38,"$5,690,965",-2,24,84,21,8,1,69.8,308.2,63.4,69.0,1.759,50.4,4.381,2019
6,Xander Schauffele,29,"$5,609,456",-14,21,74,18,6,2,69.6,304.1,60.3,68.4,1.744,55.6,4.081,2019
7,Dustin Johnson,38,"$5,534,619",10,19,70,18,7,1,69.9,312.0,55.6,67.0,1.737,63.9,4.214,2019
8,Justin Thomas,29,"$5,013,084",-13,20,72,18,7,1,69.0,302.2,60.0,70.7,1.716,52.6,4.583,2019
9,Jon Rahm,28,"$4,990,110",-4,20,68,18,12,1,69.4,305.6,62.5,69.0,1.736,52.8,4.353,2019
10,Webb Simpson,37,"$4,690,572",-1,21,78,20,6,0,69.1,288.6,66.8,65.8,1.726,63.0,3.859,2019
11,Justin Rose,42,"$4,358,849",3,17,62,16,7,1,69.9,303.2,60.1,64.8,1.71,61.7,4.065,2019
12,Tony Finau,33,"$4,344,380",-7,25,84,20,6,0,69.8,309.5,56.9,67.5,1.756,49.4,3.905,2019
13,Paul Casey,45,"$4,257,040",-9,22,75,18,7,1,69.7,298.4,67.7,71.0,1.748,43.7,3.867,2019
14,Adam Scott,42,"$4,084,541",-8,18,61,14,9,0,69.7,299.3,59.9,68.9,1.746,55.4,4.279,2019
15,Rickie Fowler,34,"$3,945,810",0,20,76,18,6,1,69.8,303.1,60.6,67.8,1.726,54.8,4.039,2019
16,Marc Leishman,39,"$3,886,577",2,21,72,17,7,1,70.0,296.2,59.4,67.2,1.755,58.2,3.889,2019
17,Tommy Fleetwood,31,"$3,853,651",-1,18,64,18,6,0,69.9,298.7,64.0,66.9,1.782,63.5,3.531,2019
18,Chez Reavie,41,"$3,660,909",-6,28,92,22,6,1,69.8,287.0,75.7,67.9,1.737,48.9,4.011,2019
19,Patrick Reed,32,"$3,593,844",-5,25,88,22,5,1,69.8,296.8,60.1,66.2,1.731,58.8,3.977,2019
20,Shane Lowry,35,"$3,490,098",1197,14,41,9,4,1,70.5,0.0,0.0,0.0,0.0,0.0,0.0,2019
21,Kevin Kisner,38,"$3,489,144",-5,25,86,22,5,1,70.0,286.4,69.4,67.0,1.76,45.8,3.674,2019
22,Francesco Molinari,40,"$3,467,143",1080,15,54,14,3,1,71.1,288.7,66.4,63.6,1.786,65.3,3.204,2019
23,Hideki Matsuyama,30,"$3,335,137",-5,24,88,22,7,0,69.5,303.0,61.3,69.4,1.753,53.7,4.295,2019
24,Tiger Woods,47,"$3,199,615",1069,12,41,0,4,1,63.4,0.0,0.0,0.0,0.0,0.0,0.0,2019
25,Bryson DeChambeau,29,"$3,186,232",-4,21,72,17,5,1,69.8,302.5,65.0,66.2,1.733,52.3,4.167,2019
26,Brandt Snedeker,42,"$3,122,936",2,27,99,24,6,0,70.2,287.2,63.2,64.9,1.746,62.3,3.737,2019
27,Charles Howell III,43,"$3,039,049",4,27,91,21,5,1,69.7,302.8,62.8,70.5,1.763,47.5,3.846,2019
28,Corey Conners,31,"$2,919,864",3,28,86,16,4,1,70.2,297.3,66.9,73.1,1.79,51.8,3.791,2019
29,Ryan Palmer,46,"$2,873,316",1141,21,66,15,6,1,70.0,298.6,60.7,68.4,1.754,42.7,4.212,2019
30,Sungjae Im,24,"$2,851,134",0,35,118,26,7,0,69.6,295.9,65.5,67.6,1.736,48.9,4.068,2019
31,Sung Kang,35,"$2,801,650",1003,27,84,17,4,1,70.7,300.5,60.7,66.1,1.777,57.7,3.655,2019
32,Abraham Ancer,31,"$2,688,625",1,27,88,20,4,0,70.0,293.3,70.2,66.8,1.749,46.6,3.886,2019
33,Scott Piercy,44,"$2,679,915",1104,24,86,21,6,0,69.5,292.4,67.6,70.1,1.748,50.4,4.012,2019
34,Jim Furyk,52,"$2,669,938",911,21,68,16,3,0,70.1,275.0,74.4,69.3,1.785,53.4,3.456,2019
35,Jason Day,35,"$2,637,480",891,21,64,15,6,0,70.0,302.0,61.8,69.7,1.747,52.4,4.0,2019
36,Lucas Glover,43,"$2,613,965",10,26,90,21,7,0,69.7,296.1,66.1,68.1,1.762,59.1,3.956,2019
37,Louis Oosthuizen,40,"$2,539,183",1,19,64,16,5,0,70.2,296.3,66.9,66.8,1.751,58.1,3.922,2019
38,J.T. Poston,29,"$2,461,215",1238,29,96,21,3,1,70.0,293.8,62.9,66.8,1.743,52.8,3.906,2019
39,Phil Mickelson,52,"$2,440,221",948,20,60,0,2,1,71.1,306.3,50.8,64.2,1.756,55.1,3.917,2019
40,Andrew Putnam,33,"$2,439,137",1145,23,76,18,3,0,70.3,281.5,60.6,65.9,1.701,61.0,4.158,2019
41,Keith Mitchell,31,"$2,405,360",926,26,83,17,3,1,70.4,303.2,60.4,67.3,1.774,50.7,3.88,2019
42,Rory Sabbatini,46,"$2,382,298",1140,26,93,22,6,0,69.8,289.4,66.9,66.9,1.738,55.6,4.032,2019
43,C.T. Pan,31,"$2,362,399",1125,25,82,17,2,1,70.6,285.0,64.8,64.2,1.765,57.4,3.488,2019
44,Jason Kokrak,37,"$2,330,212",-3,24,90,23,5,0,70.0,306.4,62.7,68.8,1.761,47.5,4.044,2019
45,Kevin Tway,34,"$2,300,050",1242,26,80,16,2,1,70.4,303.8,55.3,67.0,1.78,50.0,3.563,2019
46,Kevin Na,39,"$2,257,309",823,19,60,14,3,1,70.9,289.6,64.0,64.4,1.767,55.3,3.417,2019
47,Si Woo Kim,27,"$2,191,808",956,28,82,16,5,0,70.2,292.4,62.9,64.9,1.729,56.6,4.122,2019
48,Billy Horschel,36,"$2,187,249",1065,26,92,24,4,0,70.3,291.8,64.7,67.6,1.762,47.9,3.609,2019
49,Ian Poulter,47,"$2,162,306",1072,18,58,15,6,0,70.3,291.5,63.6,66.9,1.736,62.0,4.103,2019
50,J.B. Holmes,40,"$2,147,065",856,25,71,15,2,1,71.2,306.7,56.5,65.6,1.786,53.1,3.761,2019
1,Justin Thomas,29,"$7,344,040",2570,18,66,15,10,3,68.8,304.2,57.3,69.6,1.722,62.5,4.545,2020
2,Jon Rahm,28,"$5,959,819",3080,15,58,14,8,2,68.8,307.6,63.1,70.3,1.717,58.8,4.224,2020
3,Dustin Johnson,38,"$5,837,267",3471,14,49,11,7,3,68.9,311.0,59.1,69.3,1.704,54.2,4.347,2020
4,Collin Morikawa,25,"$5,250,868",2025,21,80,19,7,2,69.6,297.3,65.5,69.0,1.749,54.0,4.05,2020
5,Webb Simpson,37,"$5,097,742",2163,14,52,12,8,2,68.1,296.2,67.3,70.8,1.691,56.3,4.673,2020
6,Bryson DeChambeau,29,"$4,998,495",1682,17,62,14,9,1,68.8,322.1,57.4,68.5,1.726,62.9,4.419,2020
7,Daniel Berger,29,"$4,439,420",2007,17,64,15,7,1,68.8,300.2,63.9,66.9,1.728,59.8,4.375,2020
8,Rory McIlroy,33,"$4,408,415",1516,15,60,15,7,1,69.1,314.0,56.3,67.8,1.738,45.2,4.2,2020
9,Sungjae Im,24,"$4,337,811",1650,26,94,21,7,1,69.6,300.5,64.5,67.1,1.734,58.8,4.149,2020
10,Patrick Reed,32,"$4,250,060",1485,20,74,17,8,1,69.4,296.0,56.1,65.3,1.7,60.6,4.23,2020
11,Xander Schauffele,29,"$3,813,636",1449,18,70,17,7,0,69.0,305.4,60.3,70.9,1.737,56.4,4.243,2020
12,Hideki Matsuyama,30,"$3,665,825",1587,20,74,17,5,0,69.4,304.4,57.0,68.5,1.755,55.0,4.041,2020
13,Tyrrell Hatton,31,"$3,434,867",1275,11,42,10,6,1,69.1,301.6,61.7,69.3,1.704,43.2,4.548,2020
14,Brendon Todd,37,"$3,390,258",1576,25,86,18,4,2,69.7,282.7,71.4,65.5,1.736,61.6,3.907,2020
15,Harris English,33,"$3,299,366",1805,20,76,18,6,0,69.1,300.9,61.7,70.9,1.749,51.3,4.026,2020
16,Lanto Griffin,34,"$3,188,586",1392,27,92,21,4,1,70.1,302.5,57.2,65.5,1.753,54.5,3.87,2020
17,Marc Leishman,39,"$3,109,752",1096,18,61,13,3,1,71.2,295.8,51.9,61.5,1.77,42.1,3.393,2020
18,Tony Finau,33,"$2,932,286",1237,20,72,16,7,0,69.4,309.8,51.8,68.8,1.73,47.7,4.194,2020
19,Joaquin Niemann,24,"$2,914,136",1366,23,76,15,4,1,69.9,301.7,56.5,69.3,1.767,51.4,3.921,2020
20,Abraham Ancer,31,"$2,903,306",1159,20,74,17,4,0,69.6,297.5,64.4,67.0,1.743,49.2,3.797,2020
21,Sebasti치n Mu침oz,30,"$2,864,142",1421,26,84,16,5,1,69.9,302.3,60.4,66.3,1.748,50.0,4.048,2020
22,Scottie Scheffler,26,"$2,833,438",1391,23,82,18,7,0,69.3,308.9,61.2,69.0,1.737,49.0,4.354,2020
23,Kevin Na,39,"$2,794,402",1102,21,71,15,4,1,70.1,286.9,62.7,63.2,1.733,55.6,3.803,2020
24,Ryan Palmer,46,"$2,724,926",1116,19,68,15,5,0,70.0,299.3,60.1,65.9,1.742,50.0,3.985,2020
25,Kevin Streelman,44,"$2,520,845",944,23,73,13,4,0,70.4,293.9,65.9,67.7,1.763,52.9,3.822,2020
26,Billy Horschel,36,"$2,383,908",953,22,79,17,6,0,70.0,299.3,62.8,66.2,1.738,50.0,3.924,2020
27,Cameron Smith,29,"$2,372,487",1059,19,64,13,2,1,70.3,299.8,54.5,64.1,1.736,57.5,3.859,2020
28,Cameron Champ,27,"$2,290,839",963,20,70,15,2,1,70.4,322.0,56.4,67.7,1.775,48.2,4.043,2020
29,Byeong Hun An,31,"$2,283,951",943,22,75,15,5,0,70.3,305.7,54.3,65.8,1.756,50.7,3.827,2020
30,Adam Scott,42,"$2,272,434",832,10,38,9,1,1,69.7,308.1,55.5,68.1,1.74,55.1,3.789,2020
31,Kevin Kisner,38,"$2,266,752",1169,21,73,15,4,0,69.8,289.2,65.2,65.4,1.743,50.9,3.795,2020
32,Matthew Wolff,23,"$2,224,348",921,21,74,16,2,0,70.4,311.6,59.0,66.8,1.772,43.5,3.865,2020
33,Gary Woodland,38,"$2,195,131",801,17,62,14,6,0,69.6,305.4,60.0,68.2,1.753,47.6,4.065,2020
34,Adam Long,35,"$2,186,913",950,25,88,18,3,0,70.0,292.0,62.5,67.7,1.756,45.2,3.784,2020
35,Joel Dahmen,35,"$2,120,973",843,22,79,18,5,0,70.2,295.4,64.6,63.9,1.747,50.7,3.684,2020
36,Patrick Cantlay,30,"$2,118,336",922,12,46,11,3,0,69.6,303.1,59.4,68.4,1.723,55.4,4.152,2020
37,Matt Fitzpatrick,28,"$2,109,709",887,15,54,12,5,0,70.2,294.7,64.6,66.0,1.734,47.2,3.667,2020
38,Tiger Woods,47,"$2,083,038",641,7,32,0,2,1,61.8,0.0,0.0,0.0,0.0,0.0,0.0,2020
39,Mackenzie Hughes,32,"$2,079,951",980,22,70,12,4,0,70.3,298.7,55.8,63.4,1.735,54.4,3.714,2020
40,Danny Lee,32,"$2,043,764",777,22,69,13,3,0,70.2,302.0,57.1,65.6,1.75,53.1,4.058,2020
41,Viktor Hovland,25,"$1,982,275",1009,20,74,17,3,1,69.7,299.3,63.2,68.5,1.726,45.5,3.973,2020
42,Jason Day,35,"$1,943,898",666,17,53,10,5,0,70.1,299.7,55.9,64.8,1.746,65.5,3.755,2020
43,Nick Taylor,34,"$1,897,539",741,18,59,11,2,1,70.3,296.6,64.2,66.9,1.757,46.3,3.559,2020
44,Paul Casey,45,"$1,868,952",730,15,56,13,1,0,69.9,307.2,63.6,70.6,1.774,47.5,3.643,2020
45,Tom Hoge,33,"$1,857,073",728,24,74,13,3,0,70.3,290.4,60.6,65.6,1.768,43.3,3.77,2020
46,Mark Hubbard,33,"$1,840,473",792,24,86,19,3,0,69.8,290.1,62.8,66.7,1.734,47.3,3.744,2020
47,Tyler Duncan,33,"$1,799,855",834,25,83,16,1,1,70.3,286.3,69.9,67.5,1.763,43.0,3.699,2020
48,Brendan Steele,39,"$1,739,131",761,20,64,14,3,0,70.0,303.6,59.9,68.1,1.762,49.5,3.859,2020
49,Richy Werenski,31,"$1,716,407",836,17,56,12,3,1,70.1,298.1,58.0,66.7,1.729,50.9,3.893,2020
50,Adam Hadwin,35,"$1,710,808",692,17,65,15,3,0,70.1,294.0,64.5,68.3,1.755,65.0,3.646,2020
1,Jon Rahm,28,"$7,705,933",-20,22,77,21,15,1,69.0,309.0,63.7,71.9,1.733,55.6,4.506,2021
2,Patrick Cantlay,30,"$7,638,805",-21,24,78,20,7,4,69.4,302.8,60.7,70.2,1.746,59.4,4.295,2021
3,Bryson DeChambeau,29,"$7,426,415",-13,22,80,20,9,2,69.6,323.7,54.2,67.2,1.74,49.1,4.5,2021
4,Collin Morikawa,25,"$7,059,908",2188,23,78,20,8,2,69.7,295.2,69.6,70.8,1.73,53.9,4.231,2021
5,Justin Thomas,29,"$6,537,153",-15,23,84,21,7,1,69.5,303.9,55.7,67.8,1.711,56.1,4.31,2021
6,Jordan Spieth,29,"$6,470,482",-4,25,88,21,9,1,69.9,299.5,53.9,64.6,1.708,55.9,4.295,2021
7,Louis Oosthuizen,40,"$6,306,679",-7,21,74,20,8,0,69.7,297.8,63.5,67.6,1.747,59.1,3.865,2021
8,Harris English,33,"$6,200,481",-6,26,92,22,8,2,69.6,299.4,64.3,65.8,1.718,52.9,4.261,2021
9,Cameron Smith,29,"$5,851,867",-7,24,82,21,8,1,69.5,297.9,59.2,65.7,1.689,63.2,4.476,2021
10,Abraham Ancer,31,"$5,816,565",-10,27,98,24,9,1,69.5,290.4,71.1,69.3,1.732,50.8,4.204,2021
11,Tony Finau,33,"$5,740,097",-8,27,90,22,8,1,69.8,305.5,56.3,67.1,1.722,55.3,4.156,2021
12,Xander Schauffele,29,"$5,240,653",-14,22,76,20,8,0,69.7,307.6,58.8,68.6,1.728,64.7,4.276,2021
13,Brooks Koepka,32,"$5,204,136",1793,20,66,13,8,1,69.7,310.7,56.6,68.0,1.731,65.4,4.212,2021
14,Sam Burns,26,"$5,160,030",-6,26,84,19,8,1,69.6,305.3,58.9,67.8,1.71,51.8,4.429,2021
15,Jason Kokrak,37,"$5,118,629",-8,27,88,21,5,2,70.0,307.9,60.2,69.2,1.745,52.2,4.284,2021
16,Viktor Hovland,25,"$5,048,772",-14,24,83,22,7,1,69.8,302.2,63.9,68.6,1.743,51.0,4.398,2021
17,Dustin Johnson,38,"$5,001,136",-11,21,72,17,9,1,69.6,312.9,57.9,66.7,1.72,55.6,4.25,2021
18,Hideki Matsuyama,30,"$4,963,594",1681,27,93,22,3,1,70.2,299.9,62.2,67.0,1.745,48.5,4.065,2021
19,Scottie Scheffler,26,"$4,505,589",-3,29,98,24,8,0,69.8,305.0,63.5,68.1,1.719,48.0,4.388,2021
20,Rory McIlroy,33,"$4,391,809",-7,21,74,18,7,1,70.1,319.3,57.4,65.8,1.727,53.0,4.514,2021
21,Daniel Berger,29,"$4,258,579",-8,23,84,21,8,1,69.3,296.7,65.5,70.5,1.741,54.9,4.226,2021
22,Sungjae Im,24,"$4,157,182",-4,35,122,30,5,0,69.8,297.1,69.1,69.1,1.746,51.5,4.082,2021
23,Billy Horschel,36,"$4,030,906",-10,25,86,22,6,1,70.5,294.7,65.7,66.5,1.757,51.9,3.686,2021
24,Patrick Reed,32,"$4,019,044",-2,23,78,18,6,1,70.1,291.4,63.2,62.1,1.71,61.7,4.0,2021
25,Corey Conners,31,"$4,007,567",-3,29,104,25,8,0,69.9,295.4,70.2,69.9,1.746,46.7,3.99,2021
26,Joaquin Niemann,24,"$3,936,912",4,27,102,26,5,0,69.7,310.6,59.2,68.6,1.74,51.0,4.137,2021
27,Kevin Na,39,"$3,625,982",-16,26,87,20,5,1,69.9,288.5,66.6,64.1,1.739,59.6,4.0,2021
28,Stewart Cink,49,"$3,596,319",1656,26,90,19,3,2,70.1,306.6,56.4,69.4,1.76,56.9,3.933,2021
29,Will Zalatoris,26,"$3,487,352",0,25,87,21,8,0,69.9,307.4,56.4,69.5,1.777,48.1,3.816,2021
30,Max Homa,32,"$3,448,578",1269,28,86,19,5,1,70.6,300.8,58.4,63.9,1.728,52.4,3.93,2021
31,Lee Westwood,49,"$3,435,368",1070,19,62,14,2,0,71.2,294.1,62.9,64.8,1.775,45.9,3.484,2021
32,Si Woo Kim,27,"$3,245,928",1293,31,94,20,5,1,70.4,296.3,62.7,65.8,1.755,46.5,3.894,2021
33,Brian Harman,35,"$3,221,821",1168,28,100,24,5,0,69.8,291.7,66.9,64.3,1.729,59.1,3.91,2021
34,Paul Casey,45,"$3,129,666",1005,20,72,18,7,0,70.1,303.9,62.2,68.8,1.771,47.2,3.903,2021
35,Marc Leishman,39,"$3,107,047",1167,24,76,18,4,1,70.9,293.8,58.5,65.7,1.771,60.0,3.553,2021
36,K.H. Lee,31,"$3,085,133",1339,33,106,22,3,1,70.7,298.4,63.1,64.3,1.756,54.0,3.642,2021
37,Charley Hoffman,46,"$3,049,763",1338,29,99,24,5,0,70.0,306.5,57.1,67.8,1.736,47.3,4.202,2021
38,Sergio Garcia,43,"$2,998,555",-7,24,74,15,4,1,69.9,309.4,61.2,70.0,1.773,49.6,3.959,2021
39,Kevin Kisner,38,"$2,952,177",1214,26,78,17,4,1,70.7,289.1,67.6,65.0,1.747,48.7,3.718,2021
40,Webb Simpson,37,"$2,783,012",1195,21,74,18,6,0,69.2,292.5,67.1,69.4,1.734,61.7,4.338,2021
41,Cam Davis,27,"$2,746,956",1237,26,94,21,3,1,70.3,309.0,56.1,65.3,1.738,49.0,4.17,2021
42,Phil Mickelson,52,"$2,707,199",805,23,74,14,1,1,71.9,301.8,54.5,63.0,1.787,47.7,3.716,2021
43,Carlos Ortiz,31,"$2,682,104",1090,28,92,20,3,1,70.2,303.0,60.4,67.0,1.739,43.4,3.891,2021
44,Shane Lowry,35,"$2,636,597",1103,21,76,19,4,0,70.6,299.6,59.9,68.3,1.766,48.0,3.908,2021
45,Lucas Glover,43,"$2,577,704",1102,30,96,20,4,1,70.6,294.9,64.1,66.7,1.766,51.8,3.833,2021
46,Keegan Bradley,36,"$2,572,089",1206,27,86,18,4,0,70.2,300.2,65.0,70.0,1.783,50.0,3.767,2021
47,Russell Henley,33,"$2,545,330",978,25,84,19,5,0,69.6,289.8,67.1,69.4,1.764,59.3,3.726,2021
48,Matthew Wolff,23,"$2,507,324",772,20,55,13,2,0,70.9,315.9,51.0,64.9,1.754,46.6,3.836,2021
49,Matt Jones,42,"$2,496,677",1091,30,102,23,3,1,70.4,304.0,55.6,65.7,1.759,52.8,3.676,2021
50,Cameron Tringale,35,"$2,428,609",1165,27,92,21,4,0,69.8,297.5,61.2,67.6,1.729,57.6,4.109,2021
1,Scottie Scheffler,26,"$14,046,910",-20,25,84,20,11,4,68.9,311.6,60.0,72.3,1.72,49.5,4.595,2022
2,Cameron Smith,29,"$10,107,897",-9,18,62,14,7,3,68.9,299.7,57.5,68.0,1.679,52.2,4.629,2022
3,Will Zalatoris,26,"$9,405,082",3680,24,76,17,9,1,69.6,314.7,55.4,70.9,1.734,49.0,4.316,2022
4,Patrick Cantlay,30,"$9,369,605",-16,20,68,17,12,2,69.0,308.0,60.6,69.3,1.732,57.7,4.441,2022
5,Rory McIlroy,33,"$8,654,566",-21,16,60,14,10,3,68.9,321.3,58.1,69.9,1.739,61.6,4.533,2022
6,Xander Schauffele,29,"$7,427,299",-18,21,72,18,7,3,68.9,308.5,62.2,70.5,1.725,64.9,4.319,2022
7,Sam Burns,26,"$7,073,986",-7,24,80,17,8,3,69.4,309.6,55.4,68.7,1.721,49.6,4.325,2022
8,Matt Fitzpatrick,28,"$7,012,672",-11,20,70,17,10,1,69.5,303.8,63.4,66.8,1.787,63.9,3.686,2022
9,Justin Thomas,29,"$6,829,576",-17,21,76,19,10,1,68.8,314.3,54.8,68.3,1.718,62.7,4.579,2022
10,Cameron Young,25,"$6,520,598",-10,25,82,18,7,0,69.6,319.3,58.7,64.9,1.728,48.2,4.415,2022
11,Tony Finau,33,"$6,117,886",-15,25,86,20,7,2,69.2,308.0,58.0,71.3,1.752,51.1,4.221,2022
12,Hideki Matsuyama,30,"$5,776,298",-13,21,72,17,6,2,69.5,304.7,59.4,68.3,1.745,54.9,4.181,2022
13,Sungjae Im,24,"$5,567,974",-20,26,88,21,9,1,69.2,303.7,65.5,70.8,1.762,56.9,3.989,2022
14,Max Homa,32,"$5,289,842",-17,24,82,20,5,2,69.9,306.3,60.6,66.0,1.747,51.6,3.939,2022
15,Jon Rahm,28,"$5,248,220",-11,19,70,18,8,1,69.6,318.9,62.5,71.6,1.768,40.8,4.171,2022
16,Joaquin Niemann,24,"$5,076,060",-13,24,80,19,5,1,69.5,309.1,56.7,67.9,1.729,55.2,4.15,2022
17,Jordan Spieth,29,"$5,018,444",-12,22,74,17,6,1,69.7,308.4,56.0,67.4,1.748,51.4,4.068,2022
18,Billy Horschel,36,"$4,940,600",-8,22,70,16,5,1,69.8,297.3,65.1,68.2,1.768,56.3,3.8,2022
19,Viktor Hovland,25,"$4,868,461",-11,21,70,17,5,1,69.7,308.4,61.9,67.0,1.731,45.5,4.371,2022
20,Collin Morikawa,25,"$4,837,271",-8,19,60,14,8,0,69.6,301.8,65.3,68.6,1.746,47.2,4.033,2022
21,Sepp Straka,29,"$4,722,434",-16,33,98,19,5,1,70.8,303.0,59.9,66.6,1.784,50.0,3.561,2022
22,Tom Hoge,33,"$4,310,046",-14,32,96,19,6,1,69.9,298.1,61.6,66.3,1.757,52.0,3.917,2022
23,Scott Stallings,37,"$3,933,593",3,31,96,17,7,0,69.9,306.0,54.8,65.4,1.739,55.1,3.948,2022
24,Corey Conners,31,"$3,876,590",-3,25,87,20,4,0,69.7,302.7,66.8,71.9,1.782,45.6,3.862,2022
25,Kevin Kisner,38,"$3,757,424",1095,24,66,12,5,0,70.2,290.4,65.5,67.2,1.752,49.5,3.833,2022
26,Talor Gooch,31,"$3,718,990",1302,22,71,16,4,1,69.5,304.4,61.9,69.3,1.733,58.9,4.099,2022
27,Keegan Bradley,36,"$3,623,137",946,25,80,18,6,0,70.2,307.5,59.8,66.2,1.754,47.7,3.788,2022
28,Shane Lowry,35,"$3,616,679",1222,18,58,14,4,0,69.7,306.9,61.4,67.9,1.767,67.1,3.69,2022
29,Aaron Wise,26,"$3,454,521",-12,24,86,19,4,0,69.4,308.3,59.2,69.1,1.748,43.0,4.07,2022
30,K.H. Lee,31,"$3,347,180",-1,28,98,21,2,1,70.2,302.5,62.2,65.8,1.755,53.4,3.704,2022
31,J.T. Poston,29,"$3,292,443",-11,30,88,15,4,1,69.8,298.2,59.4,66.7,1.771,53.3,3.716,2022
32,Brian Harman,35,"$3,226,839",-8,27,91,21,6,0,69.9,292.2,66.6,67.1,1.776,61.9,3.516,2022
33,Davis Riley,26,"$3,190,793",1150,29,94,19,6,0,69.9,307.6,61.9,67.0,1.727,47.8,4.149,2022
34,Sahith Theegala,25,"$3,124,668",1,32,113,26,5,0,70.0,304.3,54.0,66.5,1.758,45.2,3.832,2022
35,Seamus Power,35,"$3,100,241",1006,26,78,16,5,0,69.7,301.0,61.8,68.7,1.753,52.8,3.949,2022
36,Anirban Lahiri,35,"$3,084,598",642,24,72,12,3,0,70.6,298.2,61.9,64.9,1.767,50.0,3.486,2022
37,Keith Mitchell,31,"$3,068,341",1063,26,86,20,6,0,69.5,311.8,61.8,67.6,1.777,54.6,4.058,2022
38,Cameron Tringale,35,"$3,050,519",974,29,92,19,5,0,70.3,301.9,58.6,67.5,1.765,41.4,3.761,2022
39,J.J. Spaun,32,"$2,951,152",1177,29,95,19,3,1,70.3,294.7,64.1,67.0,1.752,44.1,3.811,2022
40,Adam Scott,42,"$2,913,198",-4,20,72,18,5,0,70.1,312.4,55.3,67.7,1.742,52.7,4.014,2022
41,Denny McCarthy,29,"$2,882,771",1111,29,100,22,5,0,69.8,291.6,64.5,65.3,1.744,57.7,3.62,2022
42,Tommy Fleetwood,31,"$2,874,008",766,17,56,14,5,0,69.8,301.5,59.4,65.7,1.754,62.2,3.768,2022
43,Tyrrell Hatton,31,"$2,849,792",972,19,64,16,3,0,70.2,305.7,54.6,64.1,1.728,58.9,3.875,2022
44,Russell Henley,33,"$2,837,505",1002,22,78,19,4,0,69.5,298.7,67.5,70.9,1.738,39.1,4.205,2022
45,Tom Kim,20,"$2,824,580",1154,11,0,10,3,1,0.0,0.0,0.0,0.0,0.0,0.0,0.0,2022
46,Mito Pereira,27,"$2,797,925",962,27,89,18,3,0,69.9,303.9,60.4,69.6,1.765,47.1,3.753,2022
47,Luke List,38,"$2,734,720",957,28,80,15,3,1,70.5,314.8,55.1,69.7,1.807,47.6,3.663,2022
48,Maverick McNealy,27,"$2,689,754",1111,27,88,22,4,0,69.8,307.4,57.9,66.8,1.721,48.6,4.102,2022
49,Adam Hadwin,35,"$2,574,396",777,26,90,20,5,0,70.1,297.2,63.7,67.8,1.763,59.2,3.822,2022
50,Lucas Herbert,27,"$2,558,440",1004,20,54,10,2,1,71.3,307.3,50.8,57.8,1.73,63.7,3.741,2022
