rank,Youtuber,subscribers_1000s,video_views_1000s,video count,category,started
1,T-Series,235000.0,214517669.429,18649,Music,2006
3,Cocomelon - Nursery Rhymes,153000.0,150555884.107,853,Education,2006
4,SET India,151000.0,138881244.308,104380,Shows,2006
5,MrBeast,132000.0,22186527.737,734,Entertainment,2012
7,PewDiePie,111000.0,28882470.983,4697,Gaming,2010
8,✿ Kids Diana Show,107000.0,87440072.116,1061,People & Blogs,2015
9,Like Nastya,104000.0,87620793.607,758,People & Blogs,2016
11,WWE,93200.0,73995934.117,66494,Sports,2007
12,Vlad and Niki,93100.0,72754514.845,524,Entertainment,2018
13,Zee Music Company,92000.0,53773409.022,7653,Music,2014
14,BLACKPINK,84200.0,28944699.789,473,People & Blogs,2016
15,Goldmines,81900.0,21658011.145,5222,Film & Animation,2012
16,5-Minute Crafts,78700.0,25090418.542,5979,Howto & Style,2016
17,Sony SAB,76900.0,91948228.825,64138,Shows,2007
19,BANGTANTV,73400.0,19397783.327,2102,Music,2012
20,Justin Bieber,70900.0,29695458.123,249,Music,2007
21,HYBE LABELS,69200.0,26209389.071,1090,Music,2008
22,Canal KondZilla,66400.0,37232528.547,2389,Music,2012
23,Zee TV,65600.0,31995463.421,81250,Entertainment,2005
24,Pinkfong Baby Shark - Kids' Songs & Stories,65100.0,36296232.652,2621,Education,2011
25,Shemaroo Filmi Gaane,63700.0,30169732.007,8515,Music,2010
26,ChuChu TV Nursery Rhymes & Kids Songs,61500.0,42195986.696,535,Education,2013
27,Colors TV,59700.0,58346104.301,103973,Shows,2008
28,Dude Perfect,58600.0,15367093.401,367,Sports,2009
29,Movieclips,58600.0,59085388.581,39986,Film & Animation,2006
30,T-Series Bhakti Sagar,57600.0,27231542.154,24992,Music,2011
31,Tips Official,56600.0,31101013.295,4136,Music,2007
32,Marshmello,56100.0,14074234.079,406,Entertainment,2015
33,Wave Music,56000.0,39014100.766,18998,Music,2014
34,Sony Music India,55700.0,27366195.156,3410,Music,2009
35,Aaj Tak,55500.0,22834597.803,237408,News & Politics,2009
36,El Reino Infantil,55300.0,53785003.318,1421,Music,2011
37,EminemMusic,55200.0,25511164.926,140,Music,2007
38,Ed Sheeran,52900.0,29124046.056,262,Music,2006
39,LooLoo Kids - Nursery Rhymes and Children's Songs,52600.0,31037828.692,613,Music,2014
40,Ariana Grande,52300.0,23147580.559,146,Music,2007
41,YRF,51700.0,32535508.562,3504,Film & Animation,2006
42,Taylor Swift,50900.0,27895130.164,205,Music,2006
43,BillionSurpriseToys - English Kids Songs & Cartoon,50100.0,8712970.717,637,Education,2013
44,Infobells - Hindi,48700.0,27805423.479,520,Education,2014
45,Billie Eilish,47300.0,12892099.7,51,Music,2013
46,JuegaGerman,47100.0,14173853.68,2017,Gaming,2013
47,Badabun,46400.0,19106484.161,16855,Entertainment,2014
48,Fernanfloo,45600.0,10161729.211,542,Gaming,2011
49,Bad Bunny,45200.0,28389632.29,127,Music,2014
50,SonyMusicIndiaVEVO,45000.0,25912569.999,3372,Music,2009
51,Felipe Neto,44800.0,16090192.65,3978,Entertainment,2006
52,Get Movies,44500.0,29456561.439,3184,Entertainment,2006
53,BRIGHT SIDE,44400.0,10471141.467,5253,Howto & Style,2017
54,Shemaroo,44400.0,22586095.678,10777,Entertainment,2007
55,Você Sabia?,44100.0,7610033.716,1453,Entertainment,2013
56,A4,44100.0,20275455.537,714,Gaming,2014
57,whinderssonnunes,44000.0,4186339.22,524,Comedy,2013
58,Katy Perry,43800.0,24757512.175,120,Music,2008
59,HolaSoyGerman.,43400.0,4788367.54,136,Entertainment,2011
60,Alan Walker,42900.0,12318485.628,366,Music,2012
61,Voot Kids,42600.0,19788704.978,3988,Entertainment,2016
62,ABS-CBN Entertainment,42300.0,48983880.998,186567,People & Blogs,2008
63,Like Nastya Show,42100.0,19181106.387,614,Entertainment,2017
64,Speed Records,41900.0,25866301.569,10641,Music,2012
65,Маша и Медведь,41300.0,34791020.268,1293,Film & Animation,2011
66,Rihanna,40900.0,21285770.237,82,Entertainment,2005
67,Little Baby Bum - Nursery Rhymes & Kids Songs,40700.0,38710881.765,2267,Education,2011
68,Shakira,40500.0,25686503.315,308,People & Blogs,2005
69,elrubiusOMG,40400.0,7585380.948,711,Gaming,2011
70,Luisito Comunica,39800.0,8197663.59,1199,Comedy,2012
71,Kimberly Loaiza,39600.0,4993565.062,251,People & Blogs,2016
72,Ishtar Music,39600.0,16336715.683,4585,Trailers,2005
73,ARY Digital HD,39000.0,32902745.411,90215,Entertainment,2016
74,LUCCAS NETO - LUCCAS TOON,38800.0,21525097.738,2031,People & Blogs,2014
75,Masha and The Bear,38800.0,22109067.115,1046,Shows,2014
76,XXXTENTACION,38500.0,10173740.286,130,Music,2015
77,Toys and Colors,38500.0,44452898.82,913,Entertainment,2016
78,GR6 EXPLODE,38400.0,24816223.065,4144,Music,2014
79,TheEllenShow,38300.0,22553365.562,15082,Entertainment,2006
80,WorkpointOfficial,38200.0,35110409.2,67520,Entertainment,2012
81,One Direction,37900.0,13169699.553,157,Music,2010
82,CarryMinati,37800.0,3120566.871,182,Comedy,2014
83,shfa2 - شفا,37600.0,22381382.86,1479,People & Blogs,2017
84,Daddy Yankee,37500.0,21772913.239,471,Music,2011
85,Super Simple Songs - Kids Songs,37500.0,41244982.797,656,Education,2006
86,TEDx Talks,37500.0,7068852.933,192259,Nonprofits & Activism,2009
87,HAR PAL GEO,37200.0,33010168.721,82474,Entertainment,2008
88,shfa,37200.0,20314002.204,927,People & Blogs,2015
89,Jkk Entertainment,36800.0,15957016.48,207,Comedy,2017
90,Mikecrack,36700.0,15092255.599,1814,Gaming,2015
91,Goldmines Gaane Sune Ansune,36500.0,15637427.791,3415,Music,2015
92,Maroon 5,36400.0,21733204.518,163,Music,2006
94,ช่อง one31,36200.0,26734639.305,106095,Entertainment,2013
95,Bruno Mars,36100.0,18471600.528,99,Music,2006
96,Like Nastya ESP,36000.0,17319735.305,696,Entertainment,2017
97,Ozuna,35900.0,22373280.83,163,Music,2016
98,Maria Clara & JP,35700.0,22746702.499,695,People & Blogs,2015
99,Sony PAL,35600.0,26142363.805,21885,Shows,2014
100,Ultra Bollywood,35400.0,15930155.224,9406,Trailers,2009
101,YouTube,35200.0,2950585.485,618,News & Politics,1970
102,ABP NEWS,35200.0,11704826.945,257573,People & Blogs,2012
103,Markiplier,34400.0,19579307.845,5407,Gaming,2012
104,Total Gaming,34400.0,5320916.258,1146,Gaming,2018
105,Vlad và Niki,34200.0,21201307.995,462,,2018
106,Ryan's World,34200.0,53791921.817,2303,Entertainment,2015
107,J Balvin,33900.0,22332373.894,134,Music,2011
108,IndiaTV,33800.0,14870742.429,255945,News & Politics,2006
109,La Granja de Zenón,33800.0,24987313.658,608,Music,2013
110,Geet MP3,33700.0,12261000.364,621,Music,2016
111,T-Series Apna Punjab,33700.0,20147617.622,7217,Music,2011
112,Desi Music Factory,33600.0,9942273.938,130,Music,2014
113,VEGETTA777,33600.0,15210496.499,7359,Gaming,2008
114,PowerKids TV,33300.0,16950396.939,4024,Film & Animation,2014
115,SSSniperWolf,33300.0,22401173.448,3210,Gaming,2013
116,NoCopyrightSounds,33200.0,10881975.217,1216,Music,2011
117,KHANDESHI MOVIES,33100.0,11149175.22,204,Comedy,2013
118,Bollywood Classics,33000.0,20656339.043,1963,Music,2012
119,Ch3Thailand,32600.0,25134671.61,82005,Entertainment,2014
120,Selena Gomez,32400.0,12287391.86,188,Film & Animation,2008
121,Galinha Pintadinha,32400.0,24649071.176,65,Film & Animation,2006
122,Saregama Music,32300.0,13731021.437,6708,Entertainment,2013
123,Rajshri,32000.0,14058487.776,3802,Music,2006
124,Eros Now Music,32000.0,17346964.417,9873,Entertainment,2007
125,CVS 3D Rhymes & Kids Songs,31800.0,19384853.694,338,Education,2008
126,GENIAL,31700.0,6595134.818,6016,Howto & Style,2017
127,JustinBieberVEVO,31700.0,26018049.44,204,Music,2009
128,Mr Bean,31600.0,10265784.916,2868,Shows,2006
129,DisneyMusicVEVO,31600.0,26814087.58,1939,Music,2010
130,rezendeevil,31600.0,12865208.449,11779,Gaming,2012
131,Techno Gamerz,31500.0,8552343.456,900,Gaming,2017
132,Genevieve's Playhouse - Learning Videos for Kids,31500.0,22465271.289,593,Education,2016
133,BabyBus - Kids Songs and Cartoons,31500.0,25468252.089,1974,Education,2016
134,Dream,31400.0,2851853.859,112,Gaming,2014
135,SMTOWN,31400.0,26372229.062,4071,Music,2006
136,Luis Fonsi,31200.0,14838396.793,141,Entertainment,2014
137,MrBeast Gaming,31000.0,5458787.245,138,Gaming,2020
138,Jingle Toons,31000.0,10412125.296,234,Film & Animation,2013
139,Ricis Official,30900.0,5663764.829,2356,People & Blogs,2016
140,The Weeknd,30900.0,21303430.262,129,Music,2011
141,The Tonight Show Starring Jimmy Fallon,30600.0,16724545.241,8537,Comedy,2006
142,Trap Nation,30500.0,13794654.403,2612,Music,2012
143,Worldwide Records Bhojpuri,30500.0,15635250.582,6235,Music,2012
144,Wow Kidz,30100.0,16014357.683,3833,Film & Animation,2015
145,Peppa Pig - Official Channel,30100.0,22027208.339,2604,Film & Animation,2013
146,AH,30100.0,4169637.223,1999,Entertainment,2014
147,MR. INDIAN HACKER,30000.0,5216487.379,878,Science & Technology,2012
148,Boram Tube Vlog [보람튜브 브이로그],29900.0,13349970.806,223,Entertainment,2012
149,ImagineDragons,29900.0,15694037.384,87,Music,2009
150,Spinnin' Records,29900.0,20710700.379,11082,Music,2007
151,DONA 도나,29900.0,19659423.279,163,Entertainment,2018
152,Shawn Mendes,29800.0,12326054.678,132,Music,2011
153,GMANetwork,29800.0,28024812.992,127009,Entertainment,2006
154,Adele,29500.0,13441092.106,15,Music,2008
155,Little Angel: Nursery Rhymes & Kids Songs,29500.0,21530666.206,1221,Education,2015
156,قناة طيور الجنة | toyoraljanahtv,29400.0,26849415.041,3181,Entertainment,2008
157,Talking Tom,29300.0,14613137.265,474,Comedy,2010
159,Ultra Records,29200.0,16746135.886,4755,Music,2006
160,AuronPlay,29200.0,4028976.535,404,Comedy,2006
161,KAROL G,29100.0,15808850.15,124,Music,2013
162,Round2hell,29100.0,2972293.44,66,Comedy,2016
163,ashish chanchlani vines,29000.0,4221836.419,147,Comedy,2009
164,jacksepticeye,29000.0,15881302.152,5050,Gaming,2007
165,व्लाद और निकिता,29000.0,17217399.023,482,,2018
166,Maluma,29000.0,20475354.393,21,Music,2018
167,Zee News,28900.0,14758859.519,161573,News & Politics,2007
168,Lucas and Marcus,28800.0,9742387.092,1093,Entertainment,2011
169,TheDonato,28600.0,5648490.597,2776,Entertainment,2015
170,The Late Late Show with James Corden,28000.0,10147026.049,5737,Entertainment,2006
171,AboFlah,27800.0,3993307.018,595,Gaming,2016
172,infobells - Tamil,27700.0,17079813.72,500,Education,2014
173,Drake,27600.0,14230569.544,59,Music,2009
174,Aditya Music,27500.0,24389678.945,20860,Music,2008
175,Bounce Patrol - Kids Songs,27400.0,20135769.93,232,Music,2013
176,Michael Jackson,27200.0,13562605.732,15,Music,2005
177,Wiz Khalifa,27000.0,13000610.279,624,Music,2008
178,Sandeep Maheshwari,26900.0,2183161.276,563,People & Blogs,2012
179,infobells - Telugu,26900.0,13957449.696,454,Education,2014
180,A.O.D,26900.0,15737640.631,2474,Entertainment,2014
181,Aditya Movies,26600.0,9028475.145,4800,Movies,2012
182,enchufetv,26600.0,10240535.004,1060,Comedy,2011
183,toycantando,26600.0,14756203.254,533,Music,2009
184,Goldmines Dishoom,26500.0,7949713.848,3405,Film & Animation,2016
185,JYP Entertainment,26400.0,18659650.464,1599,Music,2008
186,Nick Jr.,26400.0,21585594.734,5101,Film & Animation,2012
187,Renato Garcia YT,26300.0,7447753.541,3653,Entertainment,2011
188,DanTDM,26300.0,18989856.352,3639,Gaming,2012
189,WORLDSTARHIPHOP,26200.0,19943942.902,6720,Music,2008
190,Masha y el Oso,26100.0,12223265.852,947,Film & Animation,2016
191,Jess No Limit,26000.0,3216665.138,2002,Entertainment,2017
192,Shemaroo Movies,26000.0,6810090.687,2698,Entertainment,2011
193,BB Ki Vines,25900.0,4584927.208,189,Entertainment,2015
194,1MILLION Dance Studio,25900.0,7660673.268,4919,Entertainment,2015
195,Enaldinho,25900.0,9851323.782,3310,Comedy,2012
196,StarPlus,25900.0,18885537.749,27394,Entertainment,2006
197,VanossGaming,25800.0,15258249.603,1676,Gaming,2011
198,Netflix,25800.0,6557700.24,6178,Entertainment,2012
199,TaylorSwiftVEVO,25700.0,24447736.221,262,Music,2009
200,Crazy XYZ,25700.0,6999687.21,1189,Entertainment,2017
201,Marília Mendonça,25600.0,17710709.999,120,Music,2013
202,LosPolinesios,25600.0,7298975.11,941,People & Blogs,2012
203,Raffy Tulfo in Action,25600.0,14177593.855,9423,News & Politics,2016
204,Beyoncé,25500.0,16621788.952,234,Music,2005
205,RihannaVEVO,25200.0,18777560.996,118,Music,2009
206,Nicki Minaj,25200.0,9853304.862,39,Music,2013
207,Brent Rivera,25100.0,5779090.068,519,Comedy,2009
208,HUM TV,25100.0,20475651.528,87559,Entertainment,2011
209,Las Ratitas,25000.0,9437902.956,221,People & Blogs,2015
210,ZHC,25000.0,2455402.222,305,Film & Animation,2013
211,WatchMojo.com,25000.0,16069817.148,23673,Music,2007
212,David Guetta,25000.0,16891079.188,704,Music,2009
213,Smosh,25000.0,10283897.384,1472,Comedy,2005
214,Post Malone,24900.0,13488267.023,64,Music,2011
215,Yuya,24900.0,2586491.218,672,Howto & Style,2009
216,EminemVEVO,24800.0,19709089.152,104,Music,2009
217,Rans Entertainment,24800.0,6114286.995,3401,People & Blogs,2015
218,D Billions,24800.0,28456263.064,606,,2019
219,KatyPerryVEVO,24700.0,23251284.951,173,Music,2009
220,Chris Brown,24600.0,14721243.605,23,Music,2006
221,★ Kids Roma Show,24600.0,8799602.494,615,People & Blogs,2015
222,Goldmines Bollywood,24600.0,7966613.821,3142,Film & Animation,2015
223,Coldplay,24500.0,16252308.186,370,Music,2010
224,Chloe Ting,24400.0,2869360.615,388,Howto & Style,2011
225,1theK (원더케이),24400.0,23332107.698,17774,Music,2011
226,TRANS7 OFFICIAL,24400.0,13430280.09,84013,Entertainment,2014
227,Super JoJo - Nursery Rhymes & Kids Songs,24300.0,2349.824,5,,2019
228,Amit Bhadana,24300.0,2323837.403,98,Entertainment,2012
229,Collins Key,24000.0,6522084.134,254,Entertainment,2011
230,ABPLIVE,24000.0,7250956.022,163488,People & Blogs,2017
231,KSI,24000.0,5965378.845,1250,Entertainment,2009
232,The Lallantop,23900.0,9150685.668,44856,News & Politics,2015
233,DJ Snake,23900.0,8078120.345,227,Music,2008
234,WB Kids,23800.0,10263359.681,1885,People & Blogs,2015
235,James Charles,23800.0,3823484.343,450,Entertainment,2015
236,Ninja,23700.0,2492179.247,1546,Gaming,2011
237,Anuel AA,23700.0,13180226.358,135,Music,2016
238,netd müzik,23600.0,53652464.556,22095,Music,2014
239,Frost Diamond,23600.0,5980132.942,2442,Gaming,2014
240,Logan Paul,23600.0,5945268.302,715,Entertainment,2015
241,MrBeast en Español,23500.0,2988268.27,87,Entertainment,2021
242,Mister Max,23500.0,15223293.304,1074,People & Blogs,2014
243,Like Nastya AE,23500.0,11903502.26,640,Entertainment,2018
244,Enrique Iglesias,23400.0,17061679.708,434,Music,2007
245,NickyJamTV,23400.0,15476639.487,361,Music,2012
246,Troom Troom,23400.0,10028315.766,2147,Howto & Style,2015
247,YOLO AVENTURAS,23400.0,6401253.345,1250,People & Blogs,2018
248,Mark Rober,23300.0,3227785.801,108,Science & Technology,2011
249,Jelly,23300.0,14512114.234,5882,Gaming,2014
250,Happy Lives,23300.0,10065012.071,507,Science & Technology,2016
251,Miss Katy,23200.0,14307994.302,1019,People & Blogs,2014
252,Zhong,23200.0,13961881.559,1298,Entertainment,2015
253,Indosiar,23200.0,11901147.446,65036,Music,2013
254,Diana and Roma ARA,23200.0,10573400.43,548,,2019
255,Erlania e Valentina Pontes,23200.0,7758760.318,1236,Film & Animation,2014
256,America's Got Talent,23200.0,4706643.848,2988,Entertainment,2006
257,Sesame Street,23100.0,21772818.22,3552,Entertainment,2006
258,Goldmines Movies,23000.0,5219085.122,4461,Film & Animation,2013
259,Venus Movies,23000.0,6681541.505,2506,Entertainment,2010
260,Pen Movies,23000.0,6168557.68,1648,Film & Animation,2014
261,LankyBox,22900.0,30683597.498,7140,Comedy,2016
262,Technical Guruji,22800.0,3254093.182,4834,Science & Technology,2015
263,Peppa Pig Español Latino - Canal Oficial,22800.0,7548531.373,1130,Film & Animation,2014
264,FaZe Rug,22800.0,6816912.462,2085,Gaming,2012
265,DrossRotzank,22800.0,5888316.966,1553,Entertainment,2006
266,GMM GRAMMY OFFICIAL,22700.0,24916230.806,14585,Music,2010
267,Lady Gaga,22700.0,14861337.199,172,People & Blogs,2008
268,Preston,22700.0,7555940.231,3935,Gaming,2012
269,TED,22500.0,2466872.545,4199,People & Blogs,2006
270,Juan De Dios Pantoja,22500.0,1867413.928,199,Entertainment,2014
271,The Chainsmokers,22500.0,13790336.885,165,Music,2012
272,White Hill Music,22500.0,10362863.342,5330,Entertainment,2014
273,Diana and Roma EN,22400.0,6269211.883,468,People & Blogs,2011
274,Smile Family,22400.0,8523349.342,456,People & Blogs,2018
275,Wave Music Bhojpuri,22400.0,12568332.046,22033,Music,2014
276,mmoshaya,22300.0,17025528.173,1167,People & Blogs,2010
277,Sia,22300.0,12854466.362,169,Music,2007
278,Paulo Londra,22200.0,7626577.258,58,Music,2016
279,BabyBus - Canciones Infantiles & Videos para Niños,22100.0,12599300.127,1099,Education,2018
280,Like Nastya PRT,22000.0,11054786.532,594,Entertainment,2019
281,Maya and Mary,21900.0,6504880.936,547,Entertainment,2013
282,OneDirectionVEVO,21900.0,11858894.375,266,Music,2010
283,Dushyant kukreja,21800.0,14316852.757,745,Entertainment,2015
284,SSundee,21800.0,12942820.659,3204,Gaming,2009
285,Charlie Puth,21700.0,9331645.572,146,Music,2009
286,Ultra Movie Parlour,21700.0,5215902.869,1486,Movies,2011
287,NichLmao,21600.0,11571064.8,735,People & Blogs,2018
288,FGTeeV,21600.0,23374892.755,1669,Gaming,2013
289,Goldmines Cineplex,21500.0,2127341.56,2963,Film & Animation,2015
290,Beast Reacts,21500.0,3270671.759,231,People & Blogs,2016
291,Vlad and Niki Arabic,21400.0,10030737.233,475,,2018
292,Dua Lipa,21400.0,10650395.013,164,Music,2011
293,Kids TV - Nursery Rhymes And Baby Songs,21300.0,12554878.768,3616,Shows,2013
294,Alan Becker,21200.0,4778642.967,138,Film & Animation,2006
295,BETER BÖCÜK,21200.0,12199156.419,1646,,2012
296,toyorbabytv,21200.0,15077257.674,1097,Music,2012
297,National Geographic,21200.0,5457322.297,10031,Science & Technology,2006
298,nigahiga,21100.0,4371000.114,403,Entertainment,2006
299,Disney Latinoamérica,21100.0,19918775.685,7968,Entertainment,2007
300,Rotana,21000.0,17981495.791,8251,Music,2012
301,Tasty,21000.0,5623503.841,4478,Howto & Style,2016
302,Sun TV,20900.0,17714989.536,46408,People & Blogs,2016
303,Junya.じゅんや,20900.0,12462702.324,4121,Entertainment,2020
304,Kinder Spielzeug Kanal,20900.0,10341248.488,857,Entertainment,2015
305,Canal Canalha,20800.0,1863067.607,299,Comedy,2011
306,Baim Paula,20800.0,4357559.352,2085,People & Blogs,2016
307,Vania Mania Kids,20800.0,8748170.923,914,People & Blogs,2015
308,Becky G,20800.0,10069600.015,73,Music,2011
309,5-Minute Crafts DIY,20800.0,5003849.06,4530,Howto & Style,2018
310,Netflix India,20700.0,6758518.98,3162,People & Blogs,2016
311,Tlnovelas,20700.0,14049430.225,34704,News & Politics,2013
312,Gulshan Kalra,20700.0,10010277.734,469,Howto & Style,2018
313,Alejo Igoa,20600.0,8391578.498,689,Comedy,2014
314,Brave Wilderness,20600.0,4812012.035,967,Pets & Animals,2014
315,Eva Bravo Play,20600.0,8789250.195,205,Entertainment,2019
316,Tekashi 6ix9ine,20600.0,5524568.908,25,People & Blogs,2018
317,Dr. Vivek Bindra: Motivational Speaker,20500.0,1614150.608,799,Education,2013
318,Lyrical Lemonade,20500.0,10151629.362,414,Entertainment,2013
319,Family GamesTV,20400.0,7151843.612,296,Entertainment,2016
320,mujjuu___14,20400.0,12928280.902,751,People & Blogs,2020
321,GMA Public Affairs,20400.0,12856350.732,41940,Entertainment,2009
322,Avicii,20400.0,9895727.559,150,Music,2009
323,Jake Paul,20300.0,7269595.434,951,People & Blogs,2013
324,invictor,20300.0,7872845.052,2185,Gaming,2013
325,Romeo Santos,20300.0,16165096.843,54,Music,2005
326,LazarBeam,20300.0,8612639.3,1320,Gaming,2015
327,Totoy kids - Português,20200.0,292813.599,139,Film & Animation,2014
328,SlivkiShow,20200.0,4545179.602,448,Entertainment,2012
329,BuzzFeedVideo,20200.0,17852187.572,7480,People & Blogs,2011
330,Dan Rhodes,20200.0,14400012.459,1561,Entertainment,2015
331,Mnet K-POP,20200.0,13995037.855,30900,Entertainment,2006
332,Tilak,20200.0,8134985.032,5073,Film & Animation,2020
333,Infinite,20100.0,4747351.431,1570,Entertainment,2014
334,Khan GS Research Centre,20100.0,1918274.296,353,Education,2019
335,AuthenticGames,20100.0,8892362.295,4815,Gaming,2011
336,5-Minute Crafts PLAY,20100.0,5941990.363,4973,Howto & Style,2017
337,Vevo,20000.0,553937.536,1528,Music,2006
338,Marvel Entertainment,20000.0,5438510.1,8274,Entertainment,2005
339,Fatos Desconhecidos,20000.0,3524456.687,5751,Entertainment,2013
340,Kurzgesagt – In a Nutshell,20000.0,2211560.819,171,Education,2013
341,REACT,20000.0,13043257.477,4060,Entertainment,2007
342,Pencilmation,20000.0,11123348.62,1322,Film & Animation,2007
343,Skrillex,20000.0,6454527.217,198,Music,2010
344,Pentatonix,20000.0,5949631.157,254,Music,2011
345,The Royalty Family,20000.0,5473079.258,688,People & Blogs,2017
346,Deddy Corbuzier,19900.0,4526453.979,1240,Entertainment,2009
347,Got Talent Global,19900.0,3616867.941,2041,Entertainment,2013
348,HaerteTest,19900.0,3188412.829,1307,Science & Technology,2011
349,JennaMarbles,19800.0,1786604.944,250,Comedy,2010
350,Noor Stars,19800.0,2651922.157,660,Comedy,2014
351,NBA,19800.0,11632127.172,44740,Sports,2005
352,Robin Hood Gamer,19800.0,10027055.517,3903,Entertainment,2014
353,Daniel LaBelle,19800.0,10478762.246,261,Comedy,2009
354,Ninja Kidz TV,19800.0,10166331.04,282,Entertainment,2017
355,Gordon Ramsay,19700.0,3757816.119,1404,Entertainment,2006
356,Village Cooking Channel,19700.0,5167613.828,221,Howto & Style,2018
357,Gusttavo Lima Oficial,19700.0,13008369.951,352,Music,2010
358,Linkin Park,19700.0,12510584.025,593,Music,2006
359,BabyBus - Cerita & Lagu Anak-anak,19600.0,11239971.105,751,Education,2019
361,Green Gold TV - Official Channel,19500.0,9394743.675,1169,Film & Animation,2011
362,Vlad and Niki IDN,19400.0,9094760.15,449,,2018
363,shane,19400.0,4301400.077,569,People & Blogs,2005
364,हिंदी - Genevieve's Playhouse,19400.0,10418255.057,101,Education,2018
365,Troom Troom Es,19400.0,7294737.861,2728,People & Blogs,2016
366,Sourav Joshi Vlogs,19400.0,7792879.578,1221,People & Blogs,2019
367,JukiLop,19300.0,1564048.437,85,People & Blogs,2017
368,Clash of Clans,19300.0,3794669.592,625,Gaming,2013
369,Rafa & Luiz,19300.0,7112774.946,2551,Entertainment,2015
370,AS Gaming,19300.0,2723436.463,1162,Gaming,2016
371,DLS News,19200.0,2121565.247,4236,News & Politics,2017
372,CookieSwirlC,19200.0,22237069.987,3672,Entertainment,2013
373,Britain's Got Talent,19200.0,10889227.075,3895,Entertainment,2008
374,TRT Originals Urdu,19200.0,8156214.356,893,Entertainment,2020
375,DUDU e CAROL,19200.0,7873019.936,2912,Autos & Vehicles,2013
376,MiawAug,19200.0,5689128.704,3512,Gaming,2014
377,Crafty Panda,19100.0,5855601.545,710,People & Blogs,2017
378,Shorts Break,19000.0,13219096.854,360,Comedy,2021
379,SCTV,19000.0,9363650.74,49908,Entertainment,2011
380,Jimmy Kimmel Live,19000.0,12862875.463,6396,Entertainment,2006
381,Official Pink Panther,19000.0,10429600.623,679,Film & Animation,2013
382,Lil Nas X,18900.0,6052128.036,37,Music,2018
383,Emiway Bantai,18900.0,3279371.483,217,Music,2013
384,Sonotek,18900.0,7404509.043,8229,Entertainment,2011
385,Sidhu Moose Wala,18900.0,5336085.449,112,Music,2017
386,Stokes Twins,18800.0,3714965.491,238,People & Blogs,2008
387,Vijay Television,18800.0,24326316.08,38824,Entertainment,2007
388,ElTrollino,18800.0,5851896.758,1540,Entertainment,2013
389,MrBeast 2,18700.0,2793118.924,108,People & Blogs,2020
390,TheOdd1sOut,18700.0,4345290.596,131,Comedy,2014
391,Мирошка ТВ,18700.0,4811217.017,98,Education,2018
392,FIFA,18700.0,5139562.145,10453,Sports,2006
393,Calvin Harris,18700.0,15454447.401,76,Music,2007
394,Cardi B,18700.0,7383903.22,60,People & Blogs,2016
395,Kiddiestv Hindi - Nursery Rhymes & Kids Songs,18700.0,6774017.644,210,Education,2017
396,Bizarrap,18700.0,6430838.652,80,Comedy,2017
397,CKN,18600.0,11977126.148,474,Entertainment,2015
398,The ACE Family,18600.0,4540346.49,706,People & Blogs,2016
399,etvteluguindia,18600.0,21497718.532,119332,Entertainment,2010
400,KBS WORLD TV,18600.0,14569120.374,61450,Entertainment,2007
401,HiMan,18600.0,2650873.214,352,People & Blogs,2014
402,Zach Choi ASMR,18500.0,4157042.212,752,People & Blogs,2014
403,Turma da Mônica,18500.0,13490123.625,1134,Film & Animation,2012
404,Vsauce,18400.0,2557353.353,420,Science & Technology,2007
405,shakiraVEVO,18400.0,23892597.08,191,Music,2009
406,TheWillyrex,18400.0,6979614.274,6820,Comedy,2011
407,That Little Puff,18400.0,16213709.704,657,Pets & Animals,2020
408,7clouds,18400.0,13206465.175,2205,Music,2013
409,Farruko,18400.0,9074558.98,204,Music,2009
410,Little Angel Español - Canciones Infantiles,18400.0,9003098.515,643,Education,2018
411,Vlad and Niki ESP,18400.0,7037764.369,465,,2018
412,PDK Films,18300.0,4037329.932,111,Entertainment,2009
413,Познаватель,18300.0,9153173.579,500,Entertainment,2014
414,SOMOY TV,18300.0,10846023.073,124968,News & Politics,2015
415,Dan-Sa / Daniel Saboya,18300.0,6344092.734,2425,Music,2007
416,INCRÍVEL,18200.0,3131767.184,6252,People & Blogs,2017
417,TED-Ed,18200.0,3479080.996,2012,Education,2011
418,Unbox Therapy,18200.0,4418541.861,2104,Science & Technology,2010
419,Ali-A,18200.0,5892407.957,4024,Gaming,2006
420,RKD Studios,18200.0,4892948.646,752,Entertainment,2014
421,Sony AATH,18200.0,12577048.272,16726,Shows,2013
422,Naisa Alifia Yuriza (N.A.Y),18100.0,2728361.667,1512,People & Blogs,2017
423,GEN HALILINTAR,18100.0,3227835.973,999,Entertainment,2015
424,YOLO,18100.0,1098449.542,185,Comedy,2015
425,Marmok,18100.0,3297705.135,357,Gaming,2008
426,Alan Chikin Chow,18100.0,19334055.018,681,Comedy,2020
427,LIV Crime,18100.0,9295070.779,7119,People & Blogs,2020
428,Good Mythical Morning,18100.0,8453865.171,3145,Entertainment,2008
429,Like Nastya Vlog,18100.0,7855376.67,449,People & Blogs,2016
430,Masha e o Urso,18100.0,7771228.608,964,Shows,2016
431,unknown boy varun,18100.0,6932657.28,320,Music,2016
432,SUPER SLICK SLIME SAM,18100.0,6613216.192,826,Howto & Style,2018
433,David Dobrik,18000.0,7137075.817,536,People & Blogs,2014
434,Ben Azelart,18000.0,3406507.027,269,Film & Animation,2014
435,GRAMMY GOLD OFFICIAL,18000.0,19218103.217,5981,Music,2014
436,RsiamMusic : อาร์สยาม,18000.0,11265706.005,2788,Music,2011
437,Demi Lovato,17900.0,6710228.028,302,Music,2008
438,officialpsy,17800.0,10323395.067,123,Music,2010
439,Lil Pump,17800.0,4156827.356,60,Music,2015
440,Goldmines Great Indian Comedy,17800.0,4768514.287,2287,Film & Animation,2016
441,Sidemen,17800.0,4824688.769,290,Entertainment,2015
442,TheGrefg,17800.0,6242530.357,3430,Gaming,2012
443,Akshay Nagwadiya,17800.0,6344896.74,437,Entertainment,2017
444,ArianaGrandeVevo,17800.0,19592103.052,177,Music,2010
445,Mother Goose Club Playhouse,17800.0,15889302.511,1362,Shows,2009
446,Dhar Mann,17800.0,10240630.223,788,People & Blogs,2018
447,Sebastián Yatra,17800.0,9953584.422,223,News & Politics,2013
448,Dangal TV Channel,17800.0,9679166.265,14206,Entertainment,2017
449,Lele Pons,17800.0,5082032.317,190,Comedy,2015
450,RobleisIUTU,17700.0,4972348.782,1214,Entertainment,2013
451,Shemaroo Comedy,17700.0,5575115.713,3956,Entertainment,2007
452,Fede Vigevani,17700.0,5744576.728,950,Howto & Style,2009
453,SQUEEZIE,17700.0,9635611.834,1498,Gaming,2011
454,FactTechz,17600.0,2180115.424,633,Entertainment,2016
455,JFlaMusic,17600.0,3748313.885,316,Music,2011
456,شبكة العاب العرب | Arab Games Network,17600.0,8265548.794,5887,Gaming,2013
457,Porta dos Fundos,17600.0,7530426.289,2096,Entertainment,2012
458,Manual do Mundo,17500.0,3720265.603,2277,Howto & Style,2006
459,Smile Family Spanish,17500.0,6680594.543,396,,2019
460,Triggered Insaan,17500.0,2903866.51,279,Comedy,2014
461,Stubborn Facts,17400.0,886168.36,258,Film & Animation,2016
462,Tsuriki Show,17400.0,25200500.092,2225,Entertainment,2019
463,Zuni and Family,17400.0,6434682.555,191,People & Blogs,2017
464,李子柒 Liziqi,17300.0,2892717.953,128,Howto & Style,2017
465,SonyMusicSouthVEVO,17300.0,16610357.471,5427,Music,2014
466,Jane ASMR 제인,17300.0,6962478.423,1742,,2012
467,Liza Koshy,17200.0,2608003.742,189,Comedy,2013
468,الـريماس - Al-Remas,17200.0,11017933.816,2110,Music,2013
469,Miley Cyrus,17200.0,6794230.62,131,Entertainment,2009
470,SMOL,17200.0,18326807.406,2913,People & Blogs,2021
471,IGN,17200.0,15357011.434,152780,Gaming,2006
472,PopularMMOs,17200.0,14529348.204,4685,Gaming,2012
473,Blippi - Educational Videos for Kids,17200.0,14053676.405,573,Education,2014
474,Jason Derulo,17200.0,9187185.938,500,Music,2008
475,Spider Slack,17100.0,10260333.305,699,Comedy,2020
476,HowToBasic,17100.0,3622675.723,568,Howto & Style,2011
477,tanboy kun,17100.0,3384574.856,666,People & Blogs,2016
478,Busy Fun Ltd,17100.0,6822334.948,177,,2019
479,Willyrex,17100.0,4918074.565,7211,Gaming,2009
480,KatieAngel,17000.0,49.471,20,People & Blogs,2015
481,LuisFonsiVEVO,17000.0,14279324.694,96,Music,2009
482,zbing z.,17000.0,8799801.177,2962,Gaming,2014
483,Azhan5star,17000.0,8468682.789,522,Entertainment,2021
484,Gaby and Alex,17000.0,8056420.901,354,Entertainment,2012
485,Wow Kidz Action,17000.0,7445847.73,1530,Film & Animation,2017
486,Anitta,17000.0,7037263.03,112,Music,2011
487,EeOneGuy,17000.0,3817561.177,366,Entertainment,2013
488,MissaSinfonia,16900.0,2118720.175,231,Comedy,2011
489,Guava Juice,16900.0,8969546.576,1861,Gaming,2006
490,News24,16900.0,7319881.631,189834,News & Politics,2014
491,TheBrianMaps,16800.0,4265230.568,488,Comedy,2012
492,Apple,16800.0,969177.475,204,Science & Technology,2005
493,And TV,16800.0,13255036.707,28821,Entertainment,2015
494,Doggy Doggy Cartoons,16800.0,6502485.075,4723,Entertainment,2012
495,Prajapati News,16700.0,964413.171,1258,Comedy,2013
496,Tu COSMOPOLIS,16700.0,4991618.894,7779,People & Blogs,2014
497,Les' Copaque Production,16700.0,8409888.832,1540,Film & Animation,2009
498,DeToxoMoroxo,16700.0,2258966.19,518,Entertainment,2012
499,TRANS TV Official,16700.0,9361192.69,137880,Entertainment,2014
500,Jason Vlogs,16700.0,8354046.246,719,Education,2015
501,Queen Official,16700.0,10329648.817,934,Music,2008
502,El Reino a Jugar,16700.0,10886179.685,933,Education,2015
503,Like Nastya VNM,16700.0,9135939.018,522,Entertainment,2019
504,Werever2morro,16600.0,2789805.508,973,Entertainment,2007
505,Marques Brownlee,16600.0,3346350.366,1514,Science & Technology,2008
506,VICE,16600.0,4432620.329,3793,Entertainment,2005
507,AMARINTV : อมรินทร์ทีวี,16600.0,11946066.653,103178,Entertainment,2014
508,PANDA BOI,16600.0,10978514.53,811,Entertainment,2020
509,The Game Theorists,16500.0,3502513.997,595,Gaming,2009
510,Sagawa /さがわ,16500.0,14001058.156,4736,Entertainment,2021
511,IDEAS EN 5 MINUTOS,16500.0,3613070.653,5101,Howto & Style,2017
512,FailArmy,16400.0,2514143.503,387,Comedy,2011
513,Travis Scott,16400.0,7599414.93,13,Music,2013
514,Aayu and Pihu Show,16400.0,8575036.664,397,Comedy,2017
515,Pop Chartbusters,16400.0,8284139.136,2189,Music,2011
516,Gato Galactico | GALÁXIA,16300.0,6032712.975,2406,Film & Animation,2013
517,ExtraPolinesios,16300.0,4763666.931,494,People & Blogs,2012
518,W2S,16300.0,4744875.477,652,Gaming,2012
519,Kaykai Salaider,16300.0,4364086.851,412,Comedy,2011
520,Sandra Cires Art,16300.0,3858117.254,1072,Howto & Style,2011
521,JJ Olatunji,16200.0,3933885.901,1246,Gaming,2011
522,Boyce Avenue,16200.0,6424453.828,450,Music,2007
523,Ivana Alawi,16200.0,1245331.431,164,,2018
524,With Kids[위드키즈],16200.0,8535300.43,872,Entertainment,2012
525,Little Mix,16200.0,7310738.704,278,Music,2011
526,FunFun Toy Doll TV,16100.0,7215946.281,718,Entertainment,2016
527,Matt Stonie,16100.0,3426364.787,420,Entertainment,2012
528,Like Nastya IDN,16100.0,6919712.423,492,Entertainment,2019
529,Antrax,16100.0,2999284.141,676,Gaming,2015
530,Canal IN,16100.0,2641964.741,723,People & Blogs,2017
531,Pitbull,16100.0,12017304.232,332,Music,2006
532,Kids Play,16100.0,7905412.379,570,Entertainment,2018
533,Camila Cabello,16100.0,6374836.64,80,Music,2015
534,SAM SMITH,16000.0,9589121.015,186,Music,2012
535,El Payaso Plim Plim,16000.0,14587080.403,1117,Film & Animation,2013
536,RCTI - LAYAR DRAMA INDONESIA,16000.0,12822430.882,65543,Entertainment,2015
537,Jennifer Lopez,16000.0,9895047.195,234,Music,2005
538,AdMe,15900.0,4271084.514,5922,Entertainment,2015
539,Lahari Music | T-Series,15900.0,11273896.598,8516,Music,2011
540,DopeLyrics,15900.0,9901169.197,1987,Music,2016
541,Enes Batur,15900.0,9643946.0,1986,Gaming,2012
542,SriBalajiMovies,15900.0,8713368.302,17486,Entertainment,2011
543,FitDance,15900.0,6891528.931,4186,Music,2013
544,jeffreestar,15900.0,2595658.59,433,Howto & Style,2006
545,T3ddy,15800.0,2791830.112,1813,Comedy,2012
546,Technoblade,15800.0,1578965.229,989,Gaming,2013
547,wifistudy,15800.0,2937830.274,49294,Education,2014
549,Dyland PROS,15800.0,1407345.308,2323,Entertainment,2015
550,MSA previously My Story Animated,15800.0,7130351.289,973,Film & Animation,2019
551,News18 India,15700.0,5926833.645,153437,News & Politics,2007
552,Camilo,15700.0,6469727.893,121,Music,2010
553,NMF News,15700.0,6873330.195,103590,News & Politics,2013
554,Rotten Tomatoes Trailers,15700.0,12962938.026,9983,Film & Animation,2011
555,GMMTV OFFICIAL​​,15700.0,11682872.276,21957,Entertainment,2010
556,Ch7HD,15700.0,8849729.818,48268,Entertainment,2010
557,Caeli YT,15600.0,1510789.875,551,Entertainment,2010
558,POPS Kids,15600.0,9669962.536,4629,Music,2014
559,Marta and Rustam,15600.0,16536235.096,587,Comedy,2021
560,Aphmau,15600.0,15448285.4,4207,Gaming,2012
561,LEGO,15600.0,19810353.833,29629,Entertainment,2005
562,BBC News Hindi,15600.0,6404127.861,18882,News & Politics,2009
563,Дима Масленников,15600.0,2238740.145,412,Entertainment,2014
564,IShowSpeed,15500.0,1206227.947,1226,Gaming,2016
565,Thairath Online,15500.0,13475556.103,227687,News & Politics,2010
566,La Rosa de Guadalupe,15500.0,8972057.024,6806,Entertainment,2015
567,CoryxKenshin,15500.0,6538909.466,1675,Gaming,2009
568,Zach King,15400.0,2527115.243,411,Entertainment,2013
569,TWICE,15400.0,4468951.244,1011,Music,2016
570,5-Minute Crafts FAMILY,15400.0,5910228.587,3848,People & Blogs,2018
571,Volga Video,15400.0,9541516.501,19583,Film & Animation,2012
572,MK MUSIC,15400.0,8484959.131,4870,Music,2010
573,Roman Atwood Vlogs,15400.0,5463271.218,1750,People & Blogs,2013
574,Super Senya,15400.0,5009344.207,493,Entertainment,2016
575,Kerajinan 5-Menit,15300.0,4597453.328,3818,People & Blogs,2018
576,Totoy kids - Español,15300.0,5500547.423,318,Film & Animation,2017
577,Talking Tom & Friends,15300.0,6403713.539,409,Entertainment,2010
578,Bollywood Classics,15300.0,6545852.365,1280,Entertainment,2011
579,Ajay Sharma,15300.0,10878870.803,777,Entertainment,2012
580,حِرف إبداعية في 5 دقائق,15300.0,4353882.698,4836,Howto & Style,2017
581,LOKESH GAMER,15300.0,1595486.786,1286,Gaming,2017
582,Henrique e Juliano,15300.0,13658656.114,314,Music,2009
583,Taarak Mehta Ka Ooltah Chashmah,15300.0,9432010.394,3602,Entertainment,2014
584,Harsh Beniwal,15200.0,1725331.553,162,Comedy,2015
585,Musas,15200.0,2378035.117,612,Howto & Style,2012
586,zayn,15200.0,4740235.827,14,Music,2016
587,Team Films Bhojpuri,15200.0,6429404.34,20123,Music,2014
588,Linus Tech Tips,15200.0,6628286.92,6067,Science & Technology,2008
589,LeoNata Family,15200.0,20845361.002,1813,People & Blogs,2021
590,Oyuncak Avı,15200.0,8258483.459,636,Entertainment,2014
591,Ranz Kyle,15100.0,1729639.694,509,People & Blogs,2008
592,TheRichest,15100.0,2937729.788,2263,Education,2014
593,Arif muhammad,15100.0,3762970.145,485,People & Blogs,2017
594,Makiman131,15100.0,4195701.424,2989,Gaming,2013
595,Zee Music Classic,15100.0,5524330.531,1423,Music,2014
596,Vlad and Niki ARA,15100.0,6984770.587,460,,2019
597,AdeleVEVO,15100.0,11961913.255,52,Music,2009
598,Dave and Ava - Nursery Rhymes and Baby Songs,15100.0,10263976.359,784,Education,2014
599,Unspeakable,15100.0,8300725.061,717,Gaming,2016
600,Niana Guerrero,15000.0,1426377.423,421,Entertainment,2013
601,Mariale,15000.0,2676472.114,2108,Howto & Style,2010
602,Mobile Legends: Bang Bang Official,15000.0,3003401.226,3205,Gaming,2016
603,BIGBANG,15000.0,7603148.205,776,Music,2005
604,League of Legends,15000.0,6934669.02,1324,Gaming,2009
605,NDTV India,15000.0,6281042.518,77753,News & Politics,2008
606,Lyna,15000.0,6206556.582,4692,Gaming,2014
607,Daftar Populer,14900.0,2030112.152,3385,Education,2017
608,MY FAMILY,14900.0,5882558.854,240,,2019
609,ERB,14900.0,3974590.384,86,Entertainment,2006
610,НТВ,14900.0,439.098,1,People & Blogs,2008
611,Kwebbelkop,14900.0,6770389.882,5124,Gaming,2008
612,Zé Neto e Cristiano,14800.0,10816186.67,277,Music,2012
613,Blippi Español,14800.0,8435738.714,514,People & Blogs,2017
614,iTownGamePlay *Terror&Diversión*,14800.0,4887786.914,8065,Entertainment,2012
615,Genierock,14800.0,14036280.036,1619,Music,2008
616,Lachlan,14800.0,5144099.178,3760,Gaming,2013
617,Yoeslan,14800.0,12553165.365,424,Entertainment,2020
618,How Ridiculous,14800.0,7127280.171,612,Sports,2009
619,UFC - Ultimate Fighting Championship,14800.0,6066322.037,13328,Sports,2006
620,It's Mamix,14800.0,1693171.06,210,People & Blogs,2017
621,Dear Sir,14700.0,1160924.143,546,Education,2016
622,Bispo Bruno Leonardo,14700.0,2746132.392,4236,Nonprofits & Activism,2016
623,MattyBRaps,14700.0,3451854.561,189,Music,2010
624,The Slow Mo Guys,14700.0,2421458.813,307,Entertainment,2010
625,CNN,14700.0,13257860.003,157868,News & Politics,2005
626,Reaction Time,14700.0,4250922.976,1691,Entertainment,2015
627,Planeta das Gêmeas,14700.0,4570201.646,932,People & Blogs,2015
628,Fueled By Ramen,14700.0,13015835.351,1201,Music,2006
629,Jake Fellman,14700.0,11306122.163,433,Entertainment,2012
630,Major Lazer Official,14700.0,9144115.122,422,Music,2009
631,Jorge & Mateus Oficial,14700.0,8585503.807,316,Music,2008
632,Kuplinov ► Play,14700.0,6312776.994,6496,Gaming,2012
633,Maha Fun Tv,14600.0,1241494.398,45,Entertainment,2017
634,XpressTV,14600.0,3790276.92,666,Entertainment,2014
635,FC Barcelona,14600.0,2427992.794,10448,Sports,2006
636,Canal Nostalgia,14600.0,1472612.152,421,Entertainment,2008
637,CollegeHumor,14600.0,7424420.678,4240,Comedy,2006
638,حقائق وأسرار,14600.0,2208511.45,1348,Entertainment,2016
639,les boys tv2,14600.0,4528470.556,444,Entertainment,2017
640,ABS-CBN News,14600.0,9980315.489,184294,News & Politics,2009
641,O Canal do Joãozinho - Little Angel Português,14600.0,8234840.331,713,Entertainment,2018
642,Daily Dose Of Internet,14600.0,4858554.612,471,Entertainment,2015
643,Hongyu ASMR 홍유,14600.0,4772386.317,591,People & Blogs,2018
644,Jordan Matter,14600.0,4659880.424,389,Entertainment,2006
645,PlayStation,14600.0,4507739.143,19043,Gaming,2005
646,IDEIAS INCRÍVEIS,14600.0,3530205.556,5087,Howto & Style,2017
647,Lilly Singh,14600.0,3490725.951,929,Comedy,2010
648,LEGENDA FUNK,14500.0,1317024.775,2390,Music,2013
649,Kim Loaiza,14500.0,1369622.044,15,Music,2019
650,CrashCourse,14500.0,1774589.28,1459,Education,2006
651,Gyan Gamingㅤ,14500.0,2177951.697,2785,Gaming,2017
652,DM - Desi Melodies,14500.0,5418920.377,56,Music,2017
653,Drawblogs,14500.0,1714389.567,401,Entertainment,2014
654,Boram Tube ToysReview [보람튜브 토이리뷰],14500.0,4977341.233,594,People & Blogs,2016
655,ГЛЕНТ,14500.0,1348701.796,276,People & Blogs,2019
656,Chad Wild Clay,14500.0,6550880.774,672,Comedy,2006
657,Maroon5VEVO,14500.0,19504313.99,143,Music,2009
658,Fifth Harmony,14500.0,7751539.43,67,Music,2013
659,EdisonPts,14500.0,6143402.014,3586,Gaming,2013
660,Martin Garrix,14500.0,5808342.927,344,Music,2011
661,ช่อง8 : Thai Ch8,14500.0,5593087.467,24640,Entertainment,2011
662,tuzelity SHUFFLE,14400.0,6357393.097,789,People & Blogs,2015
663,SelenaGomezVEVO,14400.0,10870572.483,186,Music,2009
664,Rclbeauty101,14400.0,3883284.516,462,Comedy,2010
665,SRK MUSIC,14400.0,5997482.749,4981,Music,2012
666,Ishaan Ali 11,14400.0,9189890.748,738,People & Blogs,2016
667,Auron,14400.0,3059203.675,849,People & Blogs,2013
668,Mazhavil Manorama,14400.0,15117993.815,79479,Entertainment,2011
669,Disney Junior,14400.0,14187667.699,3678,Entertainment,2008
670,Hear This Music,14400.0,8940817.106,39,Music,2016
671,A2 Motivation by Arvind Arora,14400.0,5820298.797,2109,Entertainment,2017
672,Mohamed Ramadan I محمد رمضان,14400.0,4988916.758,603,People & Blogs,2014
673,Super Polina,14400.0,4771050.637,550,People & Blogs,2014
674,Cyprien,14400.0,3058516.258,212,Comedy,2007
675,انصالة فاميلي I أنس و أصالة,14400.0,3018087.888,394,Entertainment,2017
676,Doc Tops,14300.0,2526772.821,461,Entertainment,2014
677,Rosanna Pansino,14300.0,4394010.355,1117,Howto & Style,2010
678,Camila Loures,14300.0,4434456.816,3716,Music,2014
679,The MriDul,14300.0,4096185.634,99,Comedy,2015
680,Трум Трум,14300.0,6637075.658,2132,Howto & Style,2015
681,Katakit Baby TV,14300.0,5874111.96,201,Music,2010
682,KOMPASTV,14300.0,11017123.984,247566,News & Politics,2013
683,50 Cent,14300.0,9397042.16,417,Music,2007
684,Infobells Bangla,14300.0,6997293.251,313,Education,2016
685,SIS vs BRO,14300.0,6888677.215,358,Entertainment,2016
686,Invento na Hora,14200.0,3965936.572,1235,Film & Animation,2014
687,5-Minute Crafts Recycle,14200.0,8311142.906,3311,People & Blogs,2019
688,MNCTV OFFICIAL,14200.0,7710118.787,59119,Entertainment,2012
689,dednahype,14200.0,14371935.871,1288,Comedy,2020
690,Aadishakti Films,14200.0,6127633.36,4715,Music,2016
691,TazerCraft,14200.0,5569896.333,4080,Gaming,2011
692,Saad Lamjarred | سعد لمجرد,14200.0,4131646.25,158,Music,2012
693,#Refugio Mental,14100.0,3552833.721,771,Entertainment,2013
694,NikkieTutorials,14100.0,1691511.702,868,Howto & Style,2008
695,Mis Pastelitos,14100.0,2528385.803,557,Howto & Style,2014
696,F2Freestylers - Ultimate Soccer Skills Channel,14100.0,3220088.124,769,Sports,2011
697,O Reino Infantil,14100.0,10597446.521,1133,Music,2014
698,Мастерская Настроения,14100.0,3822950.03,970,Entertainment,2013
699,Harry Styles,14100.0,5142974.416,14,People & Blogs,2017
700,PowerfulJRE,14100.0,2726284.666,900,People & Blogs,2013
701,MalumaVEVO,14100.0,18488368.574,178,Music,2011
702,ABC News,14100.0,12318156.082,76818,News & Politics,2006
703,GMM25Thailand,14100.0,8856354.509,61058,Entertainment,2011
704,Zig & Sharko,14100.0,8711928.313,905,Film & Animation,2015
705,Telemundo,14100.0,8244682.96,18845,Entertainment,2007
706,ماشا و الدب,14100.0,7354015.802,855,Shows,2017
707,PrestonPlayz,14100.0,5265772.406,810,Gaming,2018
708,Trap City,14100.0,5016399.043,2648,Music,2012
709,melanie martinez,14100.0,4047724.737,96,Music,2007
710,NOBRU,14000.0,270958.376,439,Gaming,2016
711,Juliana Baltar,14000.0,3515749.908,1701,Entertainment,2010
712,T-Series Hamaar Bhojpuri,14000.0,6912652.836,9581,Entertainment,2011
713,Like Nastya Stories,14000.0,6672523.68,420,Entertainment,2019
714,Bie The Ska,14000.0,4504795.627,1455,Entertainment,2006
715,AM3NlC,14000.0,4288139.576,4970,Gaming,2012
716,Danny Fitt,14000.0,8253769.668,1918,People & Blogs,2016
717,Neha Kakkar,13900.0,1983682.183,146,Music,2012
718,Narendra Modi,13900.0,2836181.682,18710,News & Politics,2007
719,Ray William Johnson,13900.0,8374851.581,1553,Entertainment,2008
720,ZEE5,13900.0,17357748.694,91455,Entertainment,2018
721,FFUNTV,13900.0,10702688.949,376,Gaming,2018
722,Sony Music South,13900.0,8688564.104,2310,Music,2014
723,Coke Studio,13900.0,3726465.679,562,Music,2014
724,DangMattSmith,13900.0,3227950.301,1555,Entertainment,2011
725,ADEL et SAMI,13800.0,5226046.399,449,Entertainment,2018
726,Narins Beauty,13800.0,2156402.599,423,Howto & Style,2014
727,BBC News,13800.0,4271647.649,17638,News & Politics,2006
728,Darkar Company Studios,13800.0,2217076.78,178,Film & Animation,2009
729,Wish 107.5,13800.0,5693295.409,1686,Music,2014
730,TV Ana Emilia,13800.0,4552220.396,594,People & Blogs,2014
731,MAIKI021,13700.0,1920198.785,3185,Entertainment,2008
732,StudyIQ IAS,13700.0,3563326.396,39430,Education,2015
733,Wesley Safadão,13700.0,7782535.015,421,Music,2009
734,Crazy Frog,13700.0,7481698.355,37,Music,2009
735,123 GO! Spanish,13700.0,4888486.192,430,People & Blogs,2019
736,Wengie,13600.0,1889986.082,417,Howto & Style,2010
737,Lindsey Stirling,13600.0,3669507.692,199,Music,2007
738,PlayHard,13600.0,2030015.052,2219,Gaming,2014
739,Atlantic Records,13600.0,12044547.999,1515,Music,2006
740,Gallina Pintadita,13600.0,9291287.807,61,Music,2011
741,ETV Jabardasth,13600.0,12840331.565,8606,People & Blogs,2015
742,Sony LIV,13600.0,6573168.399,9967,Entertainment,2014
743,FAPTV,13600.0,5262239.316,694,Comedy,2014
744,infobells,13600.0,5084391.683,470,Education,2011
745,sagar kalra (Shorts),13500.0,5733081.767,412,People & Blogs,2017
746,JD Pantoja,13500.0,1434862.175,16,People & Blogs,2017
747,Netflix Jr.,13500.0,8213138.892,1759,Education,2012
748,MyMissAnand,13500.0,4776508.842,304,People & Blogs,2014
749,Rebecca Zamolo,13500.0,5590043.35,907,Comedy,2011
750,Crescendo com Luluca,13500.0,4701572.174,1209,Entertainment,2015
751,The World Adventures हिन्दी,13500.0,2131117.366,943,People & Blogs,2016
752,Veritasium,13400.0,1984254.566,353,Education,2010
753,NishaMadhulika,13400.0,2809226.856,2108,Howto & Style,2009
754,Поззи,13400.0,6659041.478,3118,People & Blogs,2012
755,Desi Gamers,13400.0,2041133.74,1325,Gaming,2015
756,DeGoBooM,13400.0,5350502.091,3545,Gaming,2014
757,AzzyLand,13400.0,6132370.938,1631,Gaming,2015
758,T-Series Regional,13400.0,4983556.575,15044,Entertainment,2011
759,Conor Maynard,13300.0,2675655.852,289,Music,2006
760,Anaysa,13300.0,3295560.358,516,Howto & Style,2012
761,Kurt Hugo Schneider,13300.0,3709012.899,693,Entertainment,2007
762,The Q,13300.0,4194254.624,290,People & Blogs,2017
763,H2ODelirious,13300.0,4294532.214,3328,Gaming,2007
764,Saturday Night Live,13300.0,14184026.837,8209,Entertainment,2013
765,BBC,13300.0,9343834.157,14336,Pets & Animals,2005
766,Vlad and Niki PRT,13300.0,6008608.454,467,,2018
767,Zee Telugu,13300.0,10196062.139,108223,Entertainment,2008
768,karameeshchannel,13300.0,8961888.814,2184,Entertainment,2012
769,Jazzghost,13300.0,5142588.957,5329,Gaming,2012
770,ATHLEAN-X™,13200.0,2242104.965,1318,Howto & Style,2006
771,Mrwhosetheboss,13200.0,2652218.867,1500,Science & Technology,2011
772,theRadBrad,13200.0,5944664.337,7984,Gaming,2006
773,Typical Gamer,13200.0,4089506.333,4088,Gaming,2008
774,jbalvinVEVO,13200.0,20271355.247,235,Music,2010
775,Come Play With Me,13200.0,15593943.573,389,Entertainment,2014
776,Meghan Trainor,13200.0,7874825.319,157,People & Blogs,2008
777,Lady Diana,13200.0,7873100.97,1353,Entertainment,2016
778,Kids TV India Hindi Nursery Rhymes,13200.0,6255571.838,1287,Shows,2014
779,JOJO TV - Hindi Stories,13200.0,4978198.612,1011,Education,2016
780,Hacksmith Industries,13100.0,1450207.431,796,Science & Technology,2006
781,DALLMYD,13100.0,1778582.132,403,Sports,2011
782,Goldmines Premiere,13100.0,1799223.034,671,Entertainment,2013
783,أترو/Atro,13100.0,2260440.755,1737,Gaming,2017
784,Mythpat,13100.0,2817527.012,339,Entertainment,2018
785,Matt Steffanina,13100.0,3146685.34,525,Entertainment,2011
786,Indore Physical Academy,13100.0,3689900.702,1538,People & Blogs,2014
787,Colors Rishtey,13100.0,10893699.184,18823,Entertainment,2013
788,O Que Não Dizer Oficial,13100.0,1740425.818,584,Comedy,2015
789,Alex Gonzaga Official,13100.0,1363995.435,254,People & Blogs,2017
790,The LaBrant Fam,13100.0,4581487.676,598,Comedy,2012
791,VexTrex,13100.0,7778296.252,3548,Entertainment,2014
792,Jamuna TV,13100.0,11082579.048,98288,News & Politics,2017
793,Zee Bangla,13100.0,8412012.564,103896,Entertainment,2008
794,RedeTV,13100.0,5253877.455,34055,Entertainment,2011
795,Calon Sarjana,13000.0,10664.585,29,Entertainment,2016
796,Everson Zoio,13000.0,1006409.92,598,Comedy,2009
797,CookingShooking Hindi,13000.0,1691433.306,393,People & Blogs,2017
798,Brawl Stars,13000.0,1957232.165,155,Gaming,2017
799,Ei Nerd,13000.0,3418150.935,5698,Entertainment,2013
800,twenty one pilots,13000.0,4970538.609,182,Music,2009
801,Matheus Yurley,13000.0,139581.001,68,Entertainment,2015
802,Think Music India,13000.0,10046678.763,4502,Music,2009
803,TV9 Bharatvarsh,13000.0,8860181.525,237316,People & Blogs,2018
804,RS 1313 SHORTS,13000.0,6870122.847,4740,Entertainment,2020
805,Компот,13000.0,6785438.613,2041,Gaming,2013
806,Lana Del Rey,13000.0,6240612.595,40,Music,2011
807,Awakening Music,13000.0,5225871.743,748,Music,2006
808,Hungria Hip Hop,12900.0,4334451.534,60,Music,2013
809,The Shiny Peanut,12900.0,2841936.598,2337,Education,2016
810,Wolfoo Channel,12900.0,3425367.82,628,,2019
811,E-MasterSensei,12900.0,3618920.326,1237,Gaming,2016
812,7 Minutoz,12900.0,4175721.588,521,Music,2012
813,Peppa Pig em Português Brasil - Canal Oficial,12900.0,4084722.309,1244,Film & Animation,2014
814,Влад и Никита,12900.0,7840315.766,454,,2018
815,Top Viral Talent,12900.0,3858930.578,1884,Entertainment,2014
816,Knowledge Tv हिन्दी,12900.0,1791728.203,1776,People & Blogs,2014
817,BIBO와 장난감,12900.0,3105268.086,172,Entertainment,2016
818,DJ Khaled,12900.0,6430268.499,59,Music,2018
819,EnriqueIglesiasVEVO,12900.0,15056636.648,136,Music,2009
820,GMA News,12900.0,11295339.014,344119,News & Politics,2007
821,Codiscos,12900.0,10874570.247,7197,Music,2007
822,The Dodo,12900.0,8783126.715,7446,Pets & Animals,2014
823,Luli Pampín,12900.0,7268103.979,269,Music,2012
824,Heroindori,12900.0,6714371.157,354,Comedy,2020
825,Geo News,12900.0,5035733.443,175046,News & Politics,2007
826,Lokdhun Punjabi,12900.0,4571517.426,1400,Music,2010
827,Trakin Tech,12800.0,2044974.487,3468,Science & Technology,2011
828,Ami Rodriguez,12800.0,2091673.156,378,Entertainment,2009
829,gymvirtual,12800.0,2439342.48,1501,Sports,2010
830,Kabita's Kitchen,12800.0,2538035.623,1342,Howto & Style,2014
831,My Mate Nate,12800.0,3054846.21,1127,Comedy,2014
832,Sonotek Bhakti,12800.0,3920921.7,7774,Entertainment,2010
833,The Infographics Show,12800.0,4919515.337,3854,Education,2011
834,Yudist Ardhana,12800.0,4938911.395,2442,Entertainment,2016
835,Kids Line♡キッズライン,12800.0,8424199.62,2398,People & Blogs,2011
836,Blockbuster Movies,12800.0,2542653.879,478,Entertainment,2016
837,#Refúgio Mental,12800.0,2665030.983,826,Entertainment,2013
838,Koray Zeynep,12800.0,15243977.434,12793,People & Blogs,2016
839,BeyoncéVEVO,12800.0,13710377.798,168,Music,2009
840,JesseAndMike,12800.0,9558903.335,662,Entertainment,2007
841,Priyal Kukreja,12800.0,8200768.163,627,People & Blogs,2021
842,MrSuicideSheep,12800.0,6869537.426,3350,Entertainment,2010
843,jaanvi patel,12700.0,5666750.607,431,People & Blogs,2018
844,RaptorGamer,12700.0,2722656.071,1312,People & Blogs,2016
845,Technology Gyan,12700.0,1038434.643,971,Science & Technology,2015
846,Troom Troom India,12700.0,6635333.122,2208,Howto & Style,2015
847,Луномосик,12700.0,5937787.267,545,People & Blogs,2015
848,Melon City Show - برنامج ولاية بطيخ,12700.0,5706484.054,1715,Comedy,2016
849,BanderitaX,12700.0,3730242.831,1566,Gaming,2013
850,Piuzinho,12600.0,1062293.914,485,Gaming,2015
851,Davie504,12600.0,2510509.267,810,Entertainment,2011
852,Eli Kids - Cartoons & Songs,12600.0,3862954.898,464,,2018
853,Adexe & Nau,12600.0,4522774.051,586,Music,2013
854,Blossom,12600.0,4547941.444,684,Howto & Style,2017
855,THE BROWN SIBLINGS,12600.0,7624061.819,782,Entertainment,2016
856,Health Time,12600.0,993351.13,1694,Howto & Style,2016
857,Vogue,12600.0,3809694.123,2897,Entertainment,2008
858,NickiMinajAtVEVO,12600.0,8637408.222,98,Music,2010
859,Republic Bharat,12600.0,6038959.28,66205,News & Politics,2019
860,Acenix,12500.0,1876902.116,308,Gaming,2014
861,WiederDude,12500.0,2484712.609,281,,2016
862,Willie Salim,12500.0,2920159.022,454,People & Blogs,2014
863,CaseyNeistat,12500.0,3111993.174,1092,People & Blogs,2010
864,TKOR,12500.0,3368024.399,1489,Education,2010
865,Talking Angela,12500.0,3448183.871,218,Entertainment,2014
866,Parafernalha,12500.0,4583829.068,1744,Entertainment,2011
867,Little Baby Bum en Español,12500.0,6864569.71,1327,Education,2014
868,Future,12500.0,9386136.758,58,Music,2011
869,Jass Records,12500.0,5687819.724,4981,Music,2014
870,Ja Mill,12500.0,1302818.088,567,People & Blogs,2016
871,SAAIHALILINTAR,12500.0,1109014.13,408,Entertainment,2012
872,Topper Guild,12500.0,11541075.724,623,Comedy,2014
873,elliegoulding,12500.0,6770640.507,161,Music,2007
874,infobells - Kannada,12500.0,5786055.09,383,Education,2014
875,People Vs Food,12400.0,1060193.61,489,Entertainment,2013
876,LOUD,12400.0,2362929.756,1157,Gaming,2019
877,Gibby :),12400.0,2818678.658,216,People & Blogs,2014
878,Heidi and Zidane HZHtube,12400.0,3608169.775,686,Entertainment,2015
879,办公室小野 Ms Yeah,12400.0,3930663.381,404,People & Blogs,2017
880,Rauw Alejandro,12400.0,10532467.456,142,Music,2014
881,Wolfoo Family,12400.0,3143252.534,644,,2019
882,DisneyChannelUK,12400.0,11843531.353,3289,Music,2007
883,웃웃TwinsFromRussia,12400.0,8756512.095,5568,People & Blogs,2011
884,SEVENGERS,12400.0,8547781.796,725,Comedy,2018
885,Just For Laughs Gags,12400.0,7907682.675,7343,Comedy,2007
886,Duo Tiempo De Sol,12400.0,6304482.531,304,Music,2013
887,Troom Troom PT,12400.0,4310146.149,2561,Howto & Style,2015
888,Wave Music Bhakti,12300.0,5045750.567,19558,Music,2011
889,colinfurze,12300.0,1526394.793,375,Entertainment,2006
890,XOMG POP!,12300.0,2559349.526,122,Entertainment,2015
891,SR Toys Collection,12300.0,4019210.784,984,Entertainment,2012
892,Akon,12300.0,5826759.447,45,Music,2005
893,NDTV,12300.0,4824147.317,139717,Entertainment,2006
894,Más SKabeche,12300.0,2971379.676,701,Travel & Events,2015
895,CHHOTU KI MASTI,12300.0,4333083.784,113,Comedy,2018
896,deepesh zo,12300.0,5748688.595,400,People & Blogs,2021
897,Kashvi Adlakha,12300.0,10647335.608,1324,Entertainment,2017
898,Migos ATL,12300.0,6722102.672,100,Music,2012
899,MC Divertida,12300.0,4807061.687,361,Entertainment,2018
900,Kylie Jenner,12200.0,778892.801,153,People & Blogs,2015
901,Ice Cream Rolls,12200.0,1546653.42,1708,Entertainment,2011
902,Timba Vk,12200.0,2700165.777,925,Gaming,2012
903,Bela Bagunça,12200.0,2826025.963,1002,People & Blogs,2015
904,Troom Troom Indonesia,12200.0,5201901.26,1700,People & Blogs,2019
905,Heidi y Zidane,12200.0,5811961.561,538,,2019
906,Avril Lavigne,12200.0,5932943.186,165,Music,2005
907,Yair17,12200.0,1314399.373,1036,Gaming,2014
908,YoungBoy Never Broke Again,12200.0,12214748.672,590,Entertainment,2015
909,penguinz0,12200.0,6814473.725,4300,Gaming,2007
910,DaniRep | +6 Vídeos Diarios De GTA 5 Online!,12200.0,6649513.808,11653,Gaming,2012
911,Quantum Tech HD,12100.0,4529766.877,501,Science & Technology,2015
912,Lulu99,12100.0,2234321.088,545,Entertainment,2015
913,Franco Escamilla,12100.0,3843510.589,2288,Comedy,2007
914,서은일상이야기,12100.0,2575507.23,696,Entertainment,2017
915,123 GO!,12100.0,4555314.649,466,People & Blogs,2019
916,Panda,12100.0,2094179.566,1449,,2018
917,eltrece,12100.0,11653184.563,158471,Entertainment,2014
918,Diana and Roma IND,12100.0,5276684.969,491,,2019
919,Маша та Ведмідь,12100.0,5252835.292,1093,Shows,2014
920,Hero Movies 2023,12000.0,1578818.285,456,People & Blogs,2017
921,TsMadaan,12000.0,1374861.132,1783,Howto & Style,2008
922,Mor Haryanvi,12000.0,6034560.401,408,Music,2015
923,Pastor Antônio Júnior,12000.0,1901055.625,4150,People & Blogs,2013
924,Make Joke Of,12000.0,2007958.543,53,Comedy,2017
925,NATTI NATASHA,12000.0,7675142.124,168,Music,2015
926,Prime Video India,12000.0,7550309.429,5649,Entertainment,2016
927,Nat and Essie,12000.0,7101982.485,1076,Film & Animation,2015
928,Luan Santana,12000.0,5384297.685,381,Music,2009
929,Planet Earth INDIA,12000.0,1772723.201,648,People & Blogs,2011
930,Airrack,11900.0,1608298.778,160,Entertainment,2015
931,Pari's Lifestyle,11900.0,7321593.543,408,People & Blogs,2018
932,GoldminesAction,11900.0,1187500.277,662,Film & Animation,2015
933,Lofi Girl,11900.0,1493347.071,377,Music,2015
934,emma chamberlain,11900.0,1575678.226,287,Entertainment,2016
935,Rubius Z,11900.0,1984645.242,500,Comedy,2006
936,KaKa Kids TV - Nursery Rhymes Kids Animated Songs,11900.0,4190488.073,332,,2013
937,Chetan Monga Vlogs,11900.0,8413328.717,807,People & Blogs,2014
938,bharatzkitchen HINDI,11900.0,2132024.633,683,Howto & Style,2016
939,First We Feast,11900.0,2661397.986,902,Howto & Style,2014
940,Kluna Tik,11900.0,4158351.884,306,Entertainment,2014
941,XO TEAM,11900.0,11760244.572,2732,People & Blogs,2021
942,ChrisBrownVEVO,11900.0,13248980.169,297,Music,2009
943,ZutiGang,11900.0,13067195.35,1106,People & Blogs,2021
944,Black Eyed Peas,11900.0,10201704.746,75,Music,2007
945,CNCO,11900.0,7076368.516,193,Music,2015
946,AlArabiya العربية,11900.0,6659791.312,149363,People & Blogs,2006
947,MBC مصر,11900.0,6630986.323,40955,Entertainment,2012
948,DANIEL EL TRAVIESO VIDEOS,11900.0,4848670.417,335,Comedy,2014
949,Koo Koo TV - Hindi,11900.0,4376588.485,1046,Education,2017
950,Dental Digest,11800.0,5928129.553,279,People & Blogs,2020
951,EU FICO LOKO,11800.0,1188298.419,1605,Comedy,2010
952,FrontaL Gaming,11800.0,271133.894,168,Gaming,2015
953,BIBO и Игрушки,11800.0,1059286.706,172,Entertainment,2019
954,Yoga With Adriene,11800.0,1280009.039,686,Howto & Style,2012
955,TommyInnit,11800.0,1691980.12,306,Gaming,2015
956,TWO SIDE GAMERS,11800.0,2078988.332,1885,Music,2018
957,Flowers Comedy,11800.0,10638969.993,10460,Entertainment,2015
958,Naz | ناز,11800.0,2013850.402,916,People & Blogs,2016
959,Noman Official,11800.0,4831954.047,453,Comedy,2019
960,Jaiden Animations,11800.0,2212141.682,104,Film & Animation,2014
961,LipaoGamer,11800.0,4033602.85,11282,Gaming,2011
962,CalvinHarrisVEVO,11800.0,13986508.348,174,Music,2009
963,Wild 'N Out,11800.0,4627031.279,1367,Entertainment,2006
964,KL BRO Biju Rithvik,11800.0,10348732.353,1495,Entertainment,2020
965,POCOYÓ en ESPAÑOL - Canal Oficial,11800.0,8806880.976,1637,Film & Animation,2007
966,Salman Noman,11800.0,8136287.056,566,Entertainment,2013
967,P!NK,11800.0,7594136.925,22,Music,2006
968,Bobby chourasiya,11800.0,6842093.519,358,People & Blogs,2019
969,elcarteldesantatv,11800.0,6773936.217,347,Music,2008
970,SBT,11800.0,3463277.759,25951,Comedy,2008
971,MrGear,11800.0,3264613.294,847,Science & Technology,2015
972,Norman,11800.0,2703820.741,210,Comedy,2011
973,MORGENSHTERN,11800.0,2275044.847,160,Music,2013
974,Garena Free Fire LATAM,11700.0,1664246.248,1683,People & Blogs,2018
975,Tfue,11700.0,1493492.526,851,Gaming,2014
976,الجانب المُشرق | Bright Side Arabic,11700.0,1693067.979,5369,Howto & Style,2018
977,Gustavo Paródias,11700.0,2234021.531,738,Comedy,2014
978,Stray Kids,11700.0,2657256.644,716,People & Blogs,2017
979,Morgz,11700.0,2835736.949,783,Gaming,2014
980,CrazyRussianHacker,11700.0,3248245.224,2216,Science & Technology,2012
981,Dani Russo Tv,11700.0,611999.871,277,Comedy,2014
982,Free Fire India Official,11700.0,1491353.574,1292,People & Blogs,2018
983,Beast Philanthropy,11700.0,177174.008,20,People & Blogs,2020
984,Mundo Bita,11700.0,15259330.122,201,Music,2011
985,Lil Wayne,11700.0,5784521.562,269,Music,2013
986,Kendrick Lamar,11700.0,5314288.499,22,People & Blogs,2018
987,Biper y sus Amigos,11700.0,5227636.974,152,Music,2012
988,Halsey,11700.0,4680662.267,52,Music,2014
989,BBC Earth,11700.0,4232351.796,2351,Pets & Animals,2009
990,The Film Theorists,11600.0,2448814.747,386,Film & Animation,2014
991,설기양SULGI,11600.0,3024609.538,605,People & Blogs,2012
993,CarryisLive,11600.0,1453350.866,947,Gaming,2017
994,ILYA BORZOV,11600.0,7932200.518,2212,People & Blogs,2021
995,ToysPlay,11600.0,7317071.431,435,Entertainment,2015
996,Ryan Trahan,11600.0,1660137.189,267,Entertainment,2013
997,Zee Kids,11600.0,7076110.149,1031,Film & Animation,2012
998,Rubén Tuesta oficial,11600.0,6921179.013,782,Comedy,2016
999,Nirahua Music World,11600.0,6032390.525,792,Music,2014
1000,Star Casablanca | نجوم الدار البيضاء,11600.0,5360941.247,1035,Music,2015
