RK,Name,POS,GP,CMP,ATT,CMP%,YDS,AVG,YDS/G,LNG,TD,INT,SACK,SYL,QBR,RTG,Year
1,Philip RiversSD,QB,16,357,541,66.0,4710,8.7,294.4,59,30,13,38,227,66.9,101.8,2010
2,Peyton ManningIND,QB,16,450,679,66.3,4700,6.9,293.8,73,33,17,16,91,71.6,91.9,2010
3,Drew BreesNO,QB,16,448,658,68.1,4620,7.0,288.8,80,33,22,25,185,70.8,90.9,2010
4,Matt SchaubHOU,QB,16,365,574,63.6,4370,7.6,273.1,60,24,12,32,226,61.0,92.0,2010
5,Eli ManningNYG,QB,16,339,539,62.9,4002,7.4,250.1,92,31,25,16,117,57.7,85.3,2010
6,Carson PalmerCIN,QB,16,362,586,61.8,3970,6.8,248.1,78,26,20,26,201,55.1,82.4,2010
7,Aaron RodgersGB,QB,15,312,475,65.7,3922,8.3,261.5,86,28,11,31,193,69.6,101.2,2010
8,Tom BradyNE,QB,16,324,492,65.9,3900,7.9,243.8,79,36,4,25,175,79.1,111.0,2010
9,Matt RyanATL,QB,16,357,571,62.5,3705,6.5,231.6,46,28,9,23,158,71.2,91.0,2010
10,Kyle OrtonDEN,QB,13,293,498,58.8,3653,7.3,281.0,71,20,9,34,243,53.8,87.5,2010
11,Joe FlaccoBAL,QB,16,306,489,62.6,3622,7.4,226.4,67,25,10,40,294,59.1,93.6,2010
12,Sam BradfordSTL,QB,16,354,590,60.0,3512,6.0,219.5,49,18,15,34,244,46.9,76.5,2010
13,Josh FreemanTB,QB,16,291,474,61.4,3451,7.3,215.7,64,25,6,28,195,69.5,95.9,2010
14,Donovan McNabbWSH,QB,13,275,472,58.3,3377,7.2,259.8,76,14,15,37,271,47.8,77.1,2010
15,Chad HenneMIA,QB,15,301,490,61.4,3301,6.7,220.1,57,15,19,30,178,45.7,75.4,2010
16,Mark SanchezNYJ,QB,16,278,507,54.8,3291,6.5,205.7,74,17,13,27,171,51.3,75.3,2010
17,Jay CutlerCHI,QB,15,261,432,60.4,3274,7.6,218.3,89,23,16,52,352,51.4,86.3,2010
18,Ben RoethlisbergerPIT,QB,12,240,389,61.7,3200,8.2,266.7,56,17,5,32,220,67.4,97.0,2010
19,Matt CasselKC,QB,15,262,450,58.2,3116,6.9,207.7,75,27,7,26,182,55.8,93.0,2010
20,Mike VickPHI,QB,12,233,372,62.6,3018,8.1,251.5,91,21,6,34,210,70.4,100.2,2010
21,Matt HasselbeckSEA,QB,14,266,444,59.9,3001,6.8,214.4,87,12,17,29,175,52.3,73.2,2010
22,Ryan FitzpatrickBUF,QB,13,255,441,57.8,3000,6.8,230.8,65,23,15,24,145,52.3,81.8,2010
23,David GarrardJAX,QB,14,236,366,64.5,2734,7.5,195.3,75,23,15,33,253,63.1,90.8,2010
24,Shaun HillDET,QB,11,257,416,61.8,2686,6.5,244.2,75,16,12,17,113,53.2,81.3,2010
25,Brett FavreMIN,QB,13,217,358,60.6,2509,7.0,193.0,53,11,19,22,139,38.4,69.9,2010
26,Jason CampbellOAK,QB,13,194,329,59.0,2387,7.3,183.6,73,13,8,33,208,48.8,84.5,2010
27,Alex SmithSF,QB,11,204,342,59.6,2370,6.9,215.5,62,14,10,25,140,43.8,82.1,2010
28,Jon KitnaDAL,QB,10,209,318,65.7,2365,7.4,236.5,71,16,12,21,100,52.9,88.9,2010
29,Derek AndersonARI,QB,12,169,327,51.7,2065,6.3,172.1,43,7,10,25,176,32.7,65.9,2010
30,Kerry CollinsTEN,QB,10,160,278,57.6,1823,6.6,182.3,80,14,8,13,91,55.4,82.2,2010
31,Tony RomoDAL,QB,6,148,213,69.5,1605,7.5,267.5,69,11,7,7,41,66.4,94.9,2010
32,Colt McCoyCLE,QB,8,135,222,60.8,1576,7.1,197.0,47,6,9,23,132,52.8,74.5,2010
33,Jimmy ClausenCAR,QB,13,157,299,52.5,1558,5.2,119.8,55,3,9,33,223,13.8,58.4,2010
34,Vince YoungTEN,QB,9,93,156,59.6,1255,8.0,139.4,71,10,3,13,80,59.4,98.6,2010
35,Kevin KolbPHI,QB,7,115,189,60.8,1197,6.3,171.0,83,7,7,15,99,44.9,76.1,2010
36,Troy SmithSF,QB,6,73,145,50.3,1176,8.1,196.0,66,5,4,18,112,43.2,77.8,2010
37,Bruce GradkowskiOAK,QB,6,83,157,52.9,1059,6.7,176.5,70,5,7,10,77,26.3,66.3,2010
38,Rex GrossmanWSH,QB,4,74,133,55.6,884,6.6,221.0,64,7,4,9,77,33.0,81.2,2010
39,Jake DelhommeCLE,QB,5,93,149,62.4,872,5.9,174.4,49,2,7,6,49,27.0,63.4,2010
40,Matt MooreCAR,QB,6,79,143,55.2,857,6.0,142.8,39,5,10,13,90,36.9,55.6,2010
41,Drew StantonDET,QB,6,69,119,58.0,780,6.6,130.0,87,4,3,6,42,60.2,78.4,2010
42,Seneca WallaceCLE,QB,8,64,101,63.4,694,6.9,86.8,65,4,2,6,33,48.9,88.5,2010
43,John SkeltonARI,QB,5,60,126,47.6,662,5.3,132.4,74,2,2,9,65,23.6,62.3,2010
44,Tim TebowDEN,TE,9,41,82,50.0,654,8.0,72.7,50,5,3,6,26,56.0,82.1,2010
45,Matthew StaffordDET,QB,3,57,96,59.4,535,5.6,178.3,36,6,1,4,36,50.1,91.3,2010
46,Trent EdwardsBUF/JAX,QB,5,55,101,54.5,521,5.2,104.2,44,2,5,11,95,26.1,54.9,2010
47,Charlie WhitehurstSEA,QB,6,57,99,57.6,507,5.1,84.5,61,2,3,5,13,21.5,65.5,2010
48,Joe WebbMIN,QB,5,54,89,60.7,477,5.4,95.4,46,0,3,8,48,47.7,60.9,2010
49,Tyler ThigpenMIA,QB,5,33,62,53.2,435,7.0,87.0,35,2,2,8,50,29.9,73.0,2010
50,Matt FlynnGB,QB,7,40,66,60.6,433,6.6,61.9,66,3,2,7,38,25.0,82.5,2010
1,Drew BreesNO,QB,16,468,657,71.2,5476,8.3,342.3,79,46,14,24,158,82.3,110.6,2011
2,Tom BradyNE,QB,16,401,611,65.6,5235,8.6,327.2,99,39,12,32,173,73.8,105.6,2011
3,Matthew StaffordDET,QB,16,421,663,63.5,5038,7.6,314.9,73,41,16,36,257,60.5,97.2,2011
4,Eli ManningNYG,QB,16,359,589,61.0,4933,8.4,308.3,99,29,16,28,199,64.2,92.9,2011
5,Aaron RodgersGB,QB,15,343,502,68.3,4643,9.2,309.5,93,45,6,36,219,83.8,122.5,2011
6,Philip RiversSD,QB,16,366,582,62.9,4624,7.9,289.0,58,27,20,30,198,64.9,88.7,2011
7,Tony RomoDAL,QB,16,346,522,66.3,4184,8.0,261.5,77,31,10,36,227,69.0,102.5,2011
8,Matt RyanATL,QB,16,347,566,61.3,4177,7.4,261.1,80,29,12,26,173,69.3,92.2,2011
9,Ben RoethlisbergerPIT,QB,15,324,513,63.2,4077,7.9,271.8,95,21,14,40,269,68.3,90.1,2011
10,Cam NewtonCAR,QB,16,310,517,60.0,4051,7.8,253.2,91,21,17,35,260,56.6,84.5,2011
11,Ryan FitzpatrickBUF,QB,16,353,569,62.0,3832,6.7,239.5,60,24,23,22,148,50.1,79.1,2011
12,Joe FlaccoBAL,QB,16,312,542,57.6,3610,6.7,225.6,74,20,12,31,203,63.7,80.9,2011
13,Josh FreemanTB,QB,15,346,551,62.8,3592,6.5,239.5,65,16,22,29,164,46.1,74.6,2011
14,Matt HasselbeckTEN,QB,16,319,518,61.6,3571,6.9,223.2,80,18,14,19,153,51.4,82.4,2011
15,Mark SanchezNYJ,QB,16,308,543,56.7,3474,6.4,217.1,74,26,18,39,243,42.1,78.2,2011
16,Andy DaltonCIN,QB,16,300,516,58.1,3398,6.6,212.4,84,20,13,24,160,49.5,80.4,2011
17,Mike VickPHI,QB,13,253,423,59.8,3303,7.8,254.1,73,18,14,23,126,67.8,84.9,2011
18,Rex GrossmanWSH,QB,13,265,458,57.9,3151,6.9,242.4,51,16,20,25,201,41.5,72.4,2011
19,Alex SmithSF,QB,16,273,445,61.3,3144,7.1,196.5,56,17,5,44,263,54.5,90.7,2011
20,Tarvaris JacksonSEA,QB,15,271,450,60.2,3091,6.9,206.1,61,14,13,42,293,46.1,79.2,2011
21,Carson PalmerOAK,QB,10,199,328,60.7,2753,8.4,275.3,78,13,16,17,119,53.5,80.5,2011
22,Colt McCoyCLE,QB,13,265,463,57.2,2733,5.9,210.2,56,14,11,32,173,45.9,74.6,2011
23,Matt MooreMIA,QB,13,210,347,60.5,2497,7.2,192.1,65,16,9,36,229,55.7,87.1,2011
24,Matt SchaubHOU,QB,10,178,292,61.0,2479,8.5,247.9,80,15,6,16,98,73.8,96.8,2011
25,Jay CutlerCHI,QB,10,182,314,58.0,2319,7.4,231.9,56,13,7,23,159,60.5,85.7,2011
26,Blaine GabbertJAX,QB,15,210,413,50.8,2214,5.4,147.6,74,12,11,40,293,22.2,65.4,2011
27,Sam BradfordSTL,QB,10,191,357,53.5,2164,6.1,216.4,68,6,6,36,248,31.4,70.5,2011
28,Kevin KolbARI,QB,9,146,253,57.7,1955,7.7,217.2,73,9,8,30,219,33.3,81.1,2011
29,John SkeltonARI,QB,8,151,275,54.9,1913,7.0,239.1,60,11,14,23,162,37.3,68.9,2011
30,Christian PonderMIN,QB,11,158,291,54.3,1853,6.4,168.5,72,13,13,30,164,32.4,70.1,2011
31,Kyle OrtonKC/DEN,QB,9,150,252,59.5,1758,7.0,195.3,52,9,9,10,54,53.0,77.8,2011
32,Tim TebowDEN,TE,14,126,271,46.5,1729,6.4,123.5,56,12,6,33,225,38.6,72.9,2011
33,Matt CasselKC,QB,9,160,269,59.5,1713,6.4,190.3,52,10,9,22,120,48.4,76.6,2011
34,Curtis PainterIND,QB,9,132,243,54.3,1541,6.3,171.2,87,6,9,16,104,30.9,66.6,2011
35,Dan OrlovskyIND,QB,8,122,193,63.2,1201,6.2,150.1,40,6,4,14,84,47.3,82.4,2011
36,Jason CampbellOAK,QB,6,100,165,60.6,1170,7.1,195.0,58,6,4,5,19,56.2,84.2,2011
37,Donovan McNabbMIN,QB,6,94,156,60.3,1026,6.6,171.0,60,4,2,16,113,54.6,82.9,2011
38,T.J. YatesHOU,QB,6,82,134,61.2,949,7.1,158.2,50,3,3,15,74,43.1,80.7,2011
39,Chad HenneMIA,QB,4,64,112,57.1,868,7.8,217.0,41,4,4,11,67,62.5,79.0,2011
40,Vince YoungPHI,QB,6,66,114,57.9,866,7.6,144.3,58,4,9,8,34,40.3,60.8,2011
41,John BeckWSH,QB,4,80,132,60.6,858,6.5,214.5,32,2,4,16,84,38.1,72.1,2011
42,Tyler PalkoKC,QB,6,80,134,59.7,796,5.9,132.7,38,2,7,11,83,32.4,59.8,2011
43,Caleb HanieCHI,QB,6,51,102,50.0,613,6.0,102.2,81,3,9,19,133,19.0,41.8,2011
44,Seneca WallaceCLE,QB,6,55,107,51.4,567,5.3,94.5,76,2,2,6,30,59.8,65.4,2011
45,A.J. FeeleySTL,QB,5,53,97,54.6,548,5.6,109.6,34,1,2,10,72,27.8,66.0,2011
46,Kellen ClemensSTL,QB,3,48,91,52.7,546,6.0,182.0,36,2,1,9,68,34.6,73.8,2011
47,Jake LockerTEN,QB,5,34,66,51.5,542,8.2,108.4,54,4,0,5,37,64.1,99.4,2011
48,Matt FlynnGB,QB,5,33,49,67.3,518,10.6,103.6,80,6,2,5,18,83.5,124.8,2011
49,Kerry CollinsIND,QB,3,48,98,49.0,481,4.9,160.3,36,2,1,5,40,16.8,65.9,2011
50,Josh McCownCHI,QB,3,35,55,63.6,414,7.5,138.0,49,2,4,7,43,32.7,68.3,2011
1,Drew BreesNO,QB,16,422,670,63.0,5177,7.7,323.6,80,43,19,26,190,66.8,96.3,2012
2,Matthew StaffordDET,QB,16,435,727,59.8,4967,6.8,310.4,57,20,17,29,212,57.7,79.8,2012
3,Tony RomoDAL,QB,16,425,648,65.6,4903,7.6,306.4,85,28,19,36,263,64.6,90.4,2012
4,Tom BradyNE,QB,16,401,637,63.0,4827,7.6,301.7,83,34,8,27,182,77.2,98.7,2012
5,Matt RyanATL,QB,16,422,615,68.6,4719,7.7,294.9,80,32,14,28,210,69.5,99.1,2012
6,Peyton ManningDEN,QB,16,400,583,68.6,4659,8.0,291.2,71,37,11,21,137,78.9,105.8,2012
7,Andrew LuckIND,QB,16,339,627,54.1,4374,7.0,273.4,70,23,18,41,246,64.3,76.5,2012
8,Aaron RodgersGB,QB,16,371,552,67.2,4295,7.8,268.4,73,39,8,51,293,71.3,108.0,2012
9,Josh FreemanTB,QB,16,306,558,54.8,4065,7.3,254.1,95,27,17,26,161,46.8,81.6,2012
10,Carson PalmerOAK,QB,15,345,565,61.1,4018,7.1,267.9,64,22,14,26,199,44.3,85.3,2012
11,Matt SchaubHOU,QB,16,350,544,64.3,4008,7.4,250.5,60,22,12,27,216,59.4,90.7,2012
12,Eli ManningNYG,QB,16,321,536,59.9,3948,7.4,246.8,80,26,15,19,136,65.2,87.2,2012
13,Cam NewtonCAR,QB,16,280,485,57.7,3869,8.0,241.8,82,19,12,36,244,55.7,86.2,2012
14,Joe FlaccoBAL,QB,16,317,531,59.7,3817,7.2,238.6,61,22,10,35,227,51.4,87.7,2012
15,Sam BradfordSTL,QB,16,328,551,59.5,3702,6.7,231.4,80,21,13,35,233,52.9,82.6,2012
16,Andy DaltonCIN,QB,16,329,528,62.3,3669,6.9,229.3,59,27,16,46,229,47.3,87.4,2012
17,Philip RiversSD,QB,16,338,527,64.1,3606,6.8,225.4,80,26,15,49,311,43.5,88.6,2012
18,Ryan FitzpatrickBUF,QB,16,306,505,60.6,3400,6.7,212.5,68,24,16,30,161,45.2,83.3,2012
19,Brandon WeedenCLE,QB,15,297,517,57.4,3385,6.5,225.7,71,14,17,28,186,33.7,72.6,2012
20,Ryan TannehillMIA,QB,16,282,484,58.3,3294,6.8,205.9,80,12,13,35,234,49.7,76.1,2012
21,Ben RoethlisbergerPIT,QB,13,284,449,63.3,3265,7.3,251.2,82,26,8,30,182,71.9,97.0,2012
22,Robert Griffin IIIWSH,QB,15,258,393,65.6,3200,8.1,213.3,88,20,5,30,217,68.0,102.4,2012
23,Russell WilsonSEA,QB,16,252,393,64.1,3118,7.9,194.9,67,26,10,33,203,74.8,100.0,2012
24,Jay CutlerCHI,QB,15,255,434,58.8,3033,7.0,202.2,60,19,14,38,250,45.3,81.3,2012
25,Christian PonderMIN,QB,16,300,483,62.1,2935,6.1,183.4,65,18,12,32,184,52.6,81.2,2012
26,Mark SanchezNYJ,QB,15,246,453,54.3,2883,6.4,192.2,66,13,18,34,209,28.2,66.9,2012
27,Mike VickPHI,QB,10,204,351,58.1,2362,6.7,236.2,77,12,10,28,153,49.4,78.1,2012
28,Jake LockerTEN,QB,11,177,314,56.4,2176,6.9,197.8,71,10,11,25,151,40.0,74.0,2012
29,Chad HenneJAX,QB,10,166,308,53.9,2084,6.8,208.4,81,11,11,28,169,29.0,72.2,2012
30,Colin KaepernickSF,QB,13,136,218,62.4,1814,8.3,139.5,57,10,3,16,112,73.7,98.3,2012
31,Matt CasselKC,QB,9,161,277,58.1,1796,6.5,199.6,46,6,12,19,101,25.5,66.7,2012
32,Alex SmithSF,QB,10,153,218,70.2,1737,8.0,173.7,55,13,5,24,137,64.3,104.1,2012
33,Nick FolesPHI,QB,7,161,265,60.8,1699,6.4,242.7,46,6,5,20,131,48.2,79.1,2012
34,Blaine GabbertJAX,QB,10,162,278,58.3,1662,6.0,166.2,80,9,6,22,158,36.3,77.4,2012
35,Matt HasselbeckTEN,QB,8,138,221,62.4,1367,6.2,170.9,37,7,5,14,103,45.5,81.0,2012
36,Kevin KolbARI,QB,6,109,183,59.6,1169,6.4,194.8,46,8,3,27,159,41.6,86.1,2012
37,Brady QuinnKC,QB,10,112,197,56.9,1141,5.8,114.1,57,2,8,21,123,25.4,60.1,2012
38,John SkeltonARI,QB,7,109,201,54.2,1132,5.6,161.7,40,2,9,15,98,18.3,55.4,2012
39,Ryan LindleyARI,QB,6,89,171,52.0,752,4.4,125.3,28,0,7,12,91,10.2,46.7,2012
40,Charlie BatchPIT,QB,2,45,70,64.3,475,6.8,237.5,43,1,4,3,12,40.8,64.9,2012
41,Kirk CousinsWSH,QB,3,33,48,68.8,466,9.7,155.3,77,4,3,3,27,77.3,101.6,2012
42,Brian HoyerARI,QB,2,30,53,56.6,330,6.2,165.0,53,1,2,4,30,33.3,65.8,2012
43,Byron LeftwichPIT,QB,2,25,53,47.2,272,5.1,136.0,37,0,1,3,24,28.1,54.9,2012
44,Jason CampbellCHI,QB,6,32,51,62.7,265,5.2,44.2,45,2,2,6,49,10.8,72.8,2012
45,Greg McElroyNYJ,QB,2,19,31,61.3,214,6.9,107.0,30,1,1,11,71,17.1,79.2,2012
46,Thaddeus LewisCLE,QB,1,22,32,68.8,204,6.4,204.0,23,1,1,3,14,63.5,83.3,2012
47,Tyrod TaylorBAL,QB,7,17,29,58.6,179,6.2,25.6,25,0,1,3,30,63.3,62.3,2012
48,Shaun HillDET,QB,1,10,13,76.9,172,13.2,172.0,46,2,0,0,0,49.7,157.9,2012
49,Terrelle Pryor Sr.OAK,WR,3,14,30,46.7,155,5.2,51.7,38,2,1,0,0,70.9,70.8,2012
50,Matt MooreMIA,QB,2,11,19,57.9,131,6.9,65.5,37,1,0,2,9,70.3,96.6,2012
1,Peyton ManningDEN,QB,16,450,659,68.3,5477,8.3,342.3,78,55,10,18,120,79.0,115.1,2013
2,Drew BreesNO,QB,16,446,650,68.6,5162,7.9,322.6,76,39,12,37,244,69.1,104.7,2013
3,Matthew StaffordDET,QB,16,371,634,58.5,4650,7.3,290.6,87,29,19,23,168,53.5,84.2,2013
4,Matt RyanATL,QB,16,439,651,67.4,4515,6.9,282.2,81,26,17,44,298,67.5,89.6,2013
5,Philip RiversSD,QB,16,378,544,69.5,4478,8.2,279.9,60,32,11,30,150,75.1,105.5,2013
6,Tom BradyNE,QB,16,380,628,60.5,4343,6.9,271.4,81,25,11,40,256,63.1,87.3,2013
7,Andy DaltonCIN,QB,16,363,586,61.9,4293,7.3,268.3,82,33,20,29,182,54.8,88.8,2013
8,Carson PalmerARI,QB,16,362,572,63.3,4274,7.5,267.1,91,24,22,41,289,54.0,83.9,2013
9,Ben RoethlisbergerPIT,QB,16,375,584,64.2,4261,7.3,266.3,67,28,14,42,282,58.0,92.0,2013
10,Ryan TannehillMIA,QB,16,355,588,60.4,3913,6.7,244.6,67,24,17,58,399,48.4,81.7,2013
11,Joe FlaccoBAL,QB,16,362,614,59.0,3912,6.4,244.5,74,19,22,48,324,48.0,73.1,2013
12,Tony RomoDAL,QB,15,342,535,63.9,3828,7.2,255.2,82,31,10,35,272,61.9,96.7,2013
13,Andrew LuckIND,QB,16,343,570,60.2,3822,6.7,238.9,73,23,9,32,227,63.8,87.0,2013
14,Eli ManningNYG,QB,16,317,551,57.5,3818,6.9,238.6,70,18,27,39,281,38.6,69.4,2013
15,Cam NewtonCAR,QB,16,292,473,61.7,3379,7.1,211.2,79,24,13,43,336,64.3,88.8,2013
16,Russell WilsonSEA,QB,16,257,407,63.1,3357,8.2,209.8,80,26,9,44,272,67.2,101.2,2013
17,Alex SmithKC,QB,15,308,508,60.6,3313,6.5,220.9,71,23,7,39,210,45.0,89.1,2013
18,Chad HenneJAX,QB,15,305,503,60.6,3241,6.4,216.1,62,13,14,38,243,34.9,76.5,2013
19,Robert Griffin IIIWSH,QB,13,274,456,60.1,3203,7.0,246.4,62,16,12,38,274,50.4,82.2,2013
20,Colin KaepernickSF,QB,16,243,416,58.4,3197,7.7,199.8,64,21,8,39,231,67.3,91.6,2013
21,Geno SmithNYJ,QB,16,247,443,55.8,3046,6.9,190.4,69,12,21,43,315,41.0,66.5,2013
22,Nick FolesPHI,QB,13,203,317,64.0,2891,9.1,222.4,63,27,2,28,173,69.5,119.2,2013
23,Jay CutlerCHI,QB,11,224,355,63.1,2621,7.4,238.3,67,19,12,19,132,70.1,89.2,2013
24,Mike GlennonTB,QB,13,247,416,59.4,2608,6.3,200.6,85,19,9,40,314,55.2,83.9,2013
25,Aaron RodgersGB,QB,9,193,290,66.6,2536,8.7,281.8,83,17,6,21,117,61.6,104.9,2013
26,Ryan FitzpatrickTEN,QB,11,217,350,62.0,2454,7.0,223.1,77,14,12,21,109,58.7,82.0,2013
27,Matt SchaubHOU,QB,10,219,358,61.2,2310,6.5,231.0,46,10,14,21,162,38.3,73.0,2013
28,Jason CampbellCLE,QB,9,180,317,56.8,2015,6.4,223.9,80,11,8,16,97,43.3,76.9,2013
29,EJ ManuelBUF,QB,10,180,306,58.8,1972,6.4,197.2,45,11,9,28,159,38.2,77.7,2013
30,Josh McCownCHI,QB,8,149,224,66.5,1829,8.2,228.6,80,13,1,11,37,82.4,109.0,2013
31,Matt CasselMIN,QB,9,153,254,60.2,1807,7.1,200.8,79,11,9,16,85,52.3,81.6,2013
32,Terrelle Pryor Sr.OAK,WR,11,156,272,57.4,1798,6.6,163.5,73,7,11,31,203,40.5,69.1,2013
33,Case KeenumHOU,QB,8,137,253,54.2,1760,7.0,220.0,66,9,6,19,201,48.6,78.2,2013
34,Brandon WeedenCLE,QB,8,141,267,52.8,1731,6.5,216.4,95,9,9,27,180,34.4,70.3,2013
35,Sam BradfordSTL,QB,7,159,262,60.7,1687,6.4,241.0,73,14,4,15,97,56.9,90.9,2013
36,Kellen ClemensSTL,QB,10,142,242,58.7,1673,6.9,167.3,81,8,7,21,138,43.4,78.8,2013
37,Christian PonderMIN,QB,9,152,239,63.6,1648,6.9,183.1,47,7,9,27,119,42.2,77.9,2013
38,Matt McGloinOAK,QB,7,118,211,55.9,1547,7.3,221.0,52,8,8,6,53,46.0,76.1,2013
39,Matt FlynnOAK/GB,QB,7,124,200,62.0,1392,7.0,198.9,56,8,5,24,135,18.3,85.7,2013
40,Jake LockerTEN,QB,7,111,183,60.7,1256,6.9,179.4,66,8,4,16,105,55.2,86.7,2013
41,Mike VickPHI,QB,7,77,141,54.6,1215,8.6,173.6,70,5,3,15,99,67.6,86.4,2013
42,Thaddeus LewisBUF,QB,6,93,157,59.2,1092,7.0,182.0,57,4,3,18,100,21.0,81.0,2013
43,Kirk CousinsWSH,QB,5,81,155,52.3,854,5.5,170.8,62,4,7,5,32,36.5,58.4,2013
44,Josh FreemanTB,QB,4,63,147,42.9,761,5.2,190.3,39,2,4,8,61,24.2,52.6,2013
45,Scott TolzienGB,QB,3,55,90,61.1,717,8.0,239.0,52,1,5,3,26,25.5,66.8,2013
46,Brian HoyerCLE,QB,3,57,96,59.4,615,6.4,205.0,47,5,3,6,48,51.1,82.6,2013
47,Blaine GabbertJAX,QB,3,42,86,48.8,481,5.6,160.3,67,1,7,12,67,4.0,36.0,2013
48,Kyle OrtonDAL,QB,3,33,51,64.7,398,7.8,132.7,39,2,2,0,0,47.2,85.3,2013
49,Jeff TuelBUF,QB,2,26,59,44.1,309,5.2,154.5,59,1,3,2,11,11.7,45.1,2013
50,Matt BarkleyPHI,QB,3,30,49,61.2,300,6.1,100.0,26,0,4,3,24,18.9,44.6,2013
1,Drew BreesNO,QB,16,456,659,69.2,4952,7.5,309.5,69,33,17,29,186,73.2,97.0,2014
1,Ben RoethlisbergerPIT,QB,16,408,608,67.1,4952,8.1,309.5,94,32,9,33,172,69.4,103.3,2014
3,Andrew LuckIND,QB,16,380,616,61.7,4761,7.7,297.6,80,40,16,27,161,64.0,96.5,2014
4,Peyton ManningDEN,QB,16,395,597,66.2,4727,7.9,295.4,86,39,15,17,118,72.6,101.5,2014
5,Matt RyanATL,QB,16,415,628,66.1,4694,7.5,293.4,79,28,14,31,205,66.8,93.9,2014
6,Eli ManningNYG,QB,16,379,601,63.1,4410,7.3,275.6,80,30,14,28,187,61.0,92.1,2014
7,Aaron RodgersGB,QB,16,341,520,65.6,4381,8.4,273.8,80,38,5,28,174,77.8,112.2,2014
8,Philip RiversSD,QB,16,379,570,66.5,4286,7.5,267.9,59,31,18,36,189,65.1,93.8,2014
9,Matthew StaffordDET,QB,16,363,602,60.3,4257,7.1,266.1,73,22,12,45,254,44.7,85.7,2014
10,Tom BradyNE,QB,16,373,582,64.1,4109,7.1,256.8,69,33,9,21,134,77.2,97.4,2014
11,Ryan TannehillMIA,QB,16,392,590,66.4,4045,6.9,252.8,50,27,12,46,337,60.5,92.8,2014
12,Joe FlaccoBAL,QB,16,344,554,62.1,3986,7.2,249.1,80,27,12,19,167,68.6,91.0,2014
13,Jay CutlerCHI,QB,15,370,561,66.0,3812,6.8,254.1,74,28,18,38,223,50.9,88.6,2014
14,Tony RomoDAL,QB,15,304,435,69.9,3705,8.5,247.0,68,34,9,29,215,79.2,113.2,2014
15,Russell WilsonSEA,QB,16,285,452,63.1,3475,7.7,217.2,80,20,7,42,242,69.7,95.0,2014
16,Andy DaltonCIN,QB,16,309,481,64.2,3398,7.1,212.4,81,19,17,21,124,49.0,83.5,2014
17,Colin KaepernickSF,QB,16,289,478,60.5,3369,7.0,210.6,80,19,10,52,344,58.1,86.4,2014
18,Brian HoyerCLE,QB,14,242,438,55.3,3326,7.6,237.6,81,12,13,24,160,38.7,76.5,2014
19,Derek CarrOAK,QB,16,348,599,58.1,3270,5.5,204.4,77,21,12,24,149,42.1,76.6,2014
20,Alex SmithKC,QB,15,303,464,65.3,3265,7.0,217.7,70,18,6,45,229,52.0,93.4,2014
21,Cam NewtonCAR,QB,14,262,448,58.5,3127,7.0,223.4,51,18,12,38,300,56.2,82.1,2014
22,Kyle OrtonBUF,QB,12,287,447,64.2,3018,6.8,251.5,84,18,10,33,198,44.5,87.8,2014
23,Teddy BridgewaterMIN,QB,13,259,402,64.4,2919,7.3,224.5,87,14,12,39,249,51.6,85.2,2014
24,Blake BortlesJAX,QB,14,280,475,58.9,2908,6.1,207.7,63,11,17,55,345,28.0,69.5,2014
25,Geno SmithNYJ,QB,14,219,367,59.7,2525,6.9,180.4,74,13,13,28,175,45.8,77.5,2014
26,Ryan FitzpatrickHOU,QB,12,197,312,63.1,2483,8.0,206.9,76,17,8,21,83,61.8,95.3,2014
27,Mark SanchezPHI,QB,9,198,309,64.1,2418,7.8,268.7,72,14,11,23,151,55.3,88.4,2014
28,Josh McCownTB,QB,11,184,327,56.3,2206,6.7,200.5,56,11,14,36,235,34.6,70.5,2014
29,Nick FolesPHI,QB,8,186,311,59.8,2163,7.0,270.4,68,13,10,9,74,63.6,81.4,2014
30,Austin DavisSTL,QB,10,180,284,63.4,2001,7.0,200.1,59,12,9,29,179,44.8,85.1,2014
31,Drew StantonARI,QB,9,132,240,55.0,1711,7.1,190.1,49,7,5,11,66,53.6,78.7,2014
32,Kirk CousinsWSH,QB,6,126,204,61.8,1710,8.4,285.0,81,10,9,8,70,52.3,86.4,2014
33,Robert Griffin IIIWSH,QB,9,147,214,68.7,1694,7.9,188.2,69,4,6,33,227,28.7,86.9,2014
34,Shaun HillSTL,QB,9,145,229,63.3,1657,7.2,184.1,63,8,7,18,116,42.3,83.9,2014
35,Carson PalmerARI,QB,6,141,224,62.9,1626,7.3,271.0,80,11,3,9,59,56.8,95.6,2014
36,Mike GlennonTB,QB,6,117,203,57.6,1417,7.0,236.2,41,10,6,16,91,49.7,83.3,2014
37,Zach MettenbergerTEN,QB,7,107,179,59.8,1412,7.9,201.7,80,8,7,18,138,33.7,83.4,2014
38,Charlie WhitehurstTEN,QB,7,105,185,56.8,1326,7.2,189.4,75,7,2,18,103,43.4,87.4,2014
39,Colt McCoyWSH,QB,5,91,128,71.1,1057,8.3,211.4,70,4,3,17,117,40.0,96.4,2014
40,Jake LockerTEN,QB,7,86,146,58.9,993,6.8,141.9,61,5,7,14,85,45.3,70.9,2014
41,EJ ManuelBUF,QB,5,76,131,58.0,838,6.4,167.6,80,5,3,6,44,26.0,80.3,2014
42,Derek AndersonCAR,QB,6,65,97,67.0,701,7.2,116.8,35,5,0,4,17,71.4,105.2,2014
43,Mike VickNYJ,QB,10,64,121,52.9,604,5.0,60.4,67,3,2,19,85,36.1,68.3,2014
44,Ryan LindleyARI,QB,3,45,93,48.4,562,6.0,187.3,41,2,4,6,46,32.9,56.8,2014
45,Chad HenneJAX,QB,3,42,78,53.8,492,6.3,164.0,63,3,1,16,105,26.0,80.7,2014
46,Case KeenumHOU,QB,2,45,77,58.4,435,5.6,217.5,35,2,2,3,15,39.3,72.2,2014
47,Matt CasselMIN,QB,3,41,71,57.7,425,6.0,141.7,28,3,4,6,39,43.0,65.8,2014
48,Ryan MallettHOU,QB,3,41,75,54.7,400,5.3,133.3,41,2,2,1,5,50.1,67.6,2014
49,Brandon WeedenDAL,QB,5,24,41,58.5,303,7.4,60.6,43,3,2,1,9,4.9,85.7,2014
50,Matt HasselbeckIND,QB,4,30,44,68.2,301,6.8,75.3,32,2,0,2,7,58.8,102.6,2014
1,Drew BreesNO,QB,15,428,627,68.3,4870,7.8,324.7,80,32,11,31,235,66.8,101.0,2015
2,Philip RiversSD,QB,16,437,661,66.1,4792,7.3,299.5,80,29,13,40,264,57.3,93.8,2015
3,Tom BradyNE,QB,16,402,624,64.4,4770,7.6,298.1,76,36,7,38,225,68.4,102.2,2015
4,Carson PalmerARI,QB,16,342,537,63.7,4671,8.7,291.9,68,35,11,25,151,76.4,104.6,2015
5,Matt RyanATL,QB,16,407,614,66.3,4591,7.5,286.9,70,21,16,30,206,64.1,89.0,2015
6,Eli ManningNYG,QB,16,387,618,62.6,4436,7.2,277.3,87,35,14,27,157,57.9,93.6,2015
7,Blake BortlesJAX,QB,16,355,606,58.6,4428,7.3,276.8,90,35,18,51,320,51.4,88.2,2015
8,Matthew StaffordDET,QB,16,398,592,67.2,4262,7.2,266.4,57,32,13,44,251,58.3,97.0,2015
9,Ryan TannehillMIA,QB,16,363,586,61.9,4208,7.2,263.0,54,24,12,45,420,45.6,88.7,2015
10,Kirk CousinsWSH,QB,16,379,543,69.8,4166,7.7,260.4,78,29,11,26,186,67.8,101.6,2015
11,Jameis WinstonTB,QB,16,312,535,58.3,4042,7.6,252.6,68,22,15,27,190,57.2,84.2,2015
12,Russell WilsonSEA,QB,16,329,483,68.1,4024,8.3,251.5,80,34,8,45,265,68.6,110.1,2015
13,Derek CarrOAK,QB,16,350,573,61.1,3987,7.0,249.2,68,32,13,31,230,43.1,91.1,2015
14,Ben RoethlisbergerPIT,QB,12,319,469,68.0,3938,8.4,328.2,69,21,16,20,141,72.8,94.5,2015
15,Ryan FitzpatrickNYJ,QB,16,335,562,59.6,3905,6.9,244.1,69,31,15,19,94,62.0,88.0,2015
16,Cam NewtonCAR,QB,16,296,495,59.8,3837,7.8,239.8,74,35,10,33,284,61.4,99.4,2015
17,Aaron RodgersGB,QB,16,347,572,60.7,3821,6.7,238.8,65,31,8,46,314,60.0,92.7,2015
18,Sam BradfordPHI,QB,14,346,532,65.0,3725,7.0,266.1,78,19,14,28,200,39.2,86.4,2015
19,Jay CutlerCHI,QB,15,311,483,64.4,3659,7.6,243.9,87,21,11,29,150,61.0,92.3,2015
20,Alex SmithKC,QB,16,307,470,65.3,3486,7.4,217.9,80,20,7,45,235,61.1,95.4,2015
21,Andy DaltonCIN,QB,13,255,386,66.1,3250,8.4,250.0,80,25,7,20,118,72.5,106.3,2015
22,Teddy BridgewaterMIN,QB,16,292,447,65.3,3231,7.2,201.9,52,14,9,44,307,57.7,88.7,2015
23,Tyrod TaylorBUF,QB,14,242,380,63.7,3035,8.0,216.8,63,20,6,36,212,66.3,99.4,2015
24,Marcus MariotaTEN,QB,12,230,370,62.2,2818,7.6,234.8,61,19,10,38,258,48.4,91.5,2015
25,Joe FlaccoBAL,QB,10,266,413,64.4,2791,6.8,279.1,50,14,12,16,124,50.8,83.1,2015
26,Brian HoyerHOU,QB,11,224,369,60.7,2606,7.1,236.9,49,19,7,25,185,52.8,91.4,2015
27,Peyton ManningDEN,QB,10,198,331,59.8,2249,6.8,224.9,75,9,17,16,95,44.2,67.9,2015
28,Josh McCownCLE,QB,8,186,292,63.7,2109,7.2,263.6,56,12,4,23,137,52.9,93.3,2015
29,Nick FolesSTL,QB,11,190,337,56.4,2052,6.1,186.5,68,7,10,14,98,28.9,69.0,2015
30,Blaine GabbertSF,QB,8,178,282,63.1,2031,7.2,253.9,71,10,7,25,164,37.6,86.2,2015
31,Brock OsweilerDEN,QB,8,170,275,61.8,1967,7.2,245.9,72,10,6,23,151,54.9,86.4,2015
32,Andrew LuckIND,QB,7,162,293,55.3,1881,6.4,268.7,87,15,12,15,88,52.4,74.9,2015
33,Matt HasselbeckIND,QB,8,156,256,60.9,1690,6.6,211.3,57,9,5,16,101,45.1,84.0,2015
34,Colin KaepernickSF,QB,9,144,244,59.0,1615,6.6,179.4,76,6,5,28,166,43.7,78.5,2015
35,Johnny ManzielCLE,QB,9,129,223,57.8,1500,6.7,166.7,61,7,5,19,141,58.6,79.4,2015
36,Ryan MallettBAL/HOU,QB,8,136,244,55.7,1336,5.5,167.0,48,5,6,6,32,55.4,67.9,2015
37,Matt CasselDAL,QB,9,119,204,58.3,1276,6.3,141.8,51,5,7,14,86,34.1,70.6,2015
38,Brandon WeedenHOU/DAL,QB,6,97,140,69.3,1043,7.4,173.8,67,5,2,10,77,53.2,96.8,2015
39,Zach MettenbergerTEN,QB,7,101,166,60.8,935,5.6,133.6,57,4,7,13,98,20.3,66.7,2015
40,Tony RomoDAL,QB,4,83,121,68.6,884,7.3,221.0,39,5,7,6,35,50.5,79.4,2015
41,AJ McCarronCIN,QB,7,79,119,66.4,854,7.2,122.0,66,6,2,12,63,54.8,97.1,2015
42,Case KeenumSTL,QB,6,76,125,60.8,828,6.6,138.0,60,4,1,4,28,34.8,87.7,2015
43,Kellen MooreDAL,QB,3,61,104,58.7,779,7.5,259.7,36,4,6,5,23,23.0,71.0,2015
44,Jimmy ClausenBAL/CHI,QB,4,72,125,57.6,739,5.9,184.8,48,2,4,7,38,26.6,66.7,2015
45,Mark SanchezPHI,QB,4,59,91,64.8,616,6.8,154.0,43,4,4,9,54,28.1,80.7,2015
46,EJ ManuelBUF,QB,7,52,84,61.9,561,6.7,80.1,58,3,3,6,45,35.7,78.5,2015
47,Austin DavisCLE,QB,3,56,94,59.6,547,5.8,182.3,42,1,3,11,96,33.6,66.2,2015
48,Matt SchaubBAL,QB,2,52,80,65.0,540,6.8,270.0,48,3,4,3,27,40.8,76.0,2015
49,Landry JonesPIT,QB,7,32,55,58.2,513,9.3,73.3,88,3,4,2,17,50.7,77.3,2015
50,Mike VickPIT,QB,5,40,66,60.6,371,5.6,74.2,72,2,1,10,53,20.7,79.8,2015
1,Drew BreesNO,QB,16,471,673,70.0,5208,7.7,325.5,98,37,15,27,184,66.8,101.7,2016
2,Matt RyanATL,QB,16,373,534,69.8,4944,9.3,309.0,76,38,7,37,235,79.6,117.1,2016
3,Kirk CousinsWSH,QB,16,406,606,67.0,4917,8.1,307.3,80,25,12,23,190,66.5,97.2,2016
4,Aaron RodgersGB,QB,16,401,610,65.7,4428,7.3,276.8,66,40,7,35,246,72.4,104.2,2016
5,Philip RiversSD,QB,16,349,578,60.4,4386,7.6,274.1,59,33,21,36,188,58.7,87.9,2016
6,Matthew StaffordDET,QB,16,388,594,65.3,4327,7.3,270.4,73,24,10,37,216,65.2,93.3,2016
7,Joe FlaccoBAL,QB,16,436,672,64.9,4317,6.4,269.8,95,20,15,33,243,52.5,83.5,2016
8,Andrew LuckIND,QB,15,346,545,63.5,4240,7.8,282.7,64,31,13,41,268,65.9,96.4,2016
9,Carson PalmerARI,QB,15,364,597,61.0,4233,7.1,282.2,80,26,14,40,281,52.9,87.2,2016
10,Russell WilsonSEA,QB,16,353,546,64.7,4219,7.7,263.7,59,21,11,41,293,57.1,92.6,2016
11,Andy DaltonCIN,QB,16,364,563,64.7,4206,7.5,262.9,86,18,8,41,264,52.3,91.8,2016
12,Jameis WinstonTB,QB,16,345,567,60.8,4090,7.2,255.6,45,28,18,35,239,59.5,86.1,2016
13,Eli ManningNYG,QB,16,377,598,63.0,4027,6.7,251.7,75,26,16,21,142,45.7,86.0,2016
14,Derek CarrOAK,QB,15,357,560,63.8,3937,7.0,262.5,75,28,6,16,79,56.1,96.7,2016
15,Blake BortlesJAX,QB,16,368,625,58.9,3905,6.2,244.1,51,23,16,34,197,43.0,78.8,2016
16,Sam BradfordMIN,QB,15,395,552,71.6,3877,7.0,258.5,71,20,5,37,276,53.1,99.3,2016
17,Ben RoethlisbergerPIT,QB,14,328,509,64.4,3819,7.5,272.8,72,29,13,17,141,60.5,95.4,2016
18,Carson WentzPHI,QB,16,379,607,62.4,3782,6.2,236.4,73,16,14,33,213,46.7,79.3,2016
19,Dak PrescottDAL,QB,16,311,459,67.8,3667,8.0,229.2,83,23,4,25,143,77.6,104.9,2016
20,Tom BradyNE,QB,12,291,432,67.4,3554,8.2,296.2,79,28,2,15,87,79.4,112.2,2016
21,Cam NewtonCAR,QB,15,270,510,52.9,3509,6.9,233.9,88,19,14,36,277,47.1,75.8,2016
22,Alex SmithKC,QB,15,328,489,67.1,3502,7.2,233.5,80,15,8,28,140,60.8,91.2,2016
23,Marcus MariotaTEN,QB,15,276,451,61.2,3426,7.6,228.4,60,26,9,23,156,59.1,95.6,2016
24,Trevor SiemianDEN,QB,14,289,486,59.5,3401,7.0,242.9,76,18,10,31,187,49.7,84.6,2016
25,Tyrod TaylorBUF,QB,15,269,436,61.7,3023,6.9,201.5,84,17,6,42,192,62.4,89.6,2016
26,Ryan TannehillMIA,QB,13,261,389,67.1,2995,7.7,230.4,74,19,12,29,216,48.6,93.5,2016
27,Brock OsweilerHOU,QB,15,301,510,59.0,2957,5.8,197.1,53,15,16,27,206,49.3,72.2,2016
28,Ryan FitzpatrickNYJ,QB,14,228,403,56.6,2710,6.7,193.6,57,12,17,19,81,39.2,69.6,2016
29,Colin KaepernickSF,QB,12,196,331,59.2,2241,6.8,186.8,65,16,4,36,207,49.2,90.7,2016
30,Case KeenumLAR,QB,10,196,322,60.9,2201,6.8,220.1,65,9,11,23,140,37.5,76.4,2016
31,Matt BarkleyCHI,QB,7,129,216,59.7,1611,7.5,230.1,37,8,14,6,43,33.6,68.3,2016
32,Brian HoyerCHI,QB,6,134,200,67.0,1445,7.2,240.8,64,6,0,4,18,55.1,98.0,2016
33,Cody KesslerCLE,QB,9,128,195,65.6,1380,7.1,153.3,44,6,2,21,140,43.4,92.3,2016
34,Josh McCownCLE,QB,5,90,165,54.5,1100,6.7,220.0,54,6,6,18,126,30.8,72.3,2016
35,Jared GoffLAR,QB,7,112,205,54.6,1089,5.3,155.6,66,5,7,26,222,18.3,63.6,2016
36,Jay CutlerCHI,QB,5,81,137,59.1,1059,7.7,211.8,54,4,5,17,104,28.1,78.1,2016
37,Blaine GabbertSF,QB,6,91,160,56.9,925,5.8,154.2,75,5,6,11,48,54.1,68.4,2016
38,Robert Griffin IIICLE,QB,5,87,147,59.2,886,6.0,177.2,58,2,3,22,138,39.1,72.5,2016
39,Bryce PettyNYJ,QB,6,75,133,56.4,809,6.1,134.8,52,3,7,13,79,15.9,60.0,2016
40,Matt MooreMIA,QB,4,55,87,63.2,721,8.3,180.3,66,8,3,1,0,79.1,105.6,2016
41,Landry JonesPIT,QB,8,53,86,61.6,558,6.5,69.8,51,4,2,4,34,40.8,86.3,2016
42,Jimmy GaroppoloNE,QB,6,43,63,68.3,502,8.0,83.7,37,4,0,3,15,87.5,113.3,2016
43,Paxton LynchDEN,QB,3,49,83,59.0,497,6.0,165.7,31,2,1,9,42,24.1,79.2,2016
44,Tom SavageHOU,QB,3,46,73,63.0,461,6.3,153.7,32,0,0,5,36,57.2,80.9,2016
45,Derek AndersonCAR,QB,5,36,53,67.9,453,8.5,90.6,48,2,5,0,0,14.4,67.6,2016
46,Nick FolesKC,QB,3,36,55,65.5,410,7.5,136.7,49,3,0,4,34,29.9,105.9,2016
47,Jacoby BrissettNE,QB,3,34,55,61.8,400,7.3,133.3,58,0,0,6,46,40.2,83.9,2016
48,Matt CasselTEN,QB,4,30,51,58.8,284,5.6,71.0,50,2,2,5,23,66.6,71.0,2016
49,Shaun HillMIN,QB,3,19,35,54.3,242,6.9,80.7,33,0,0,1,7,57.8,76.1,2016
50,Scott TolzienIND,QB,3,23,37,62.2,216,5.8,72.0,32,1,2,3,21,26.8,64.7,2016
1,Tom BradyNE,QB,16,385,581,66.3,4577,7.9,286.1,64,32,8,35,201,71.1,102.8,2017
2,Philip RiversLAC,QB,16,360,575,62.6,4515,7.9,282.2,75,28,10,18,120,61.3,96.0,2017
3,Matthew StaffordDET,QB,16,371,565,65.7,4446,7.9,277.9,71,29,10,47,287,65.3,99.3,2017
4,Drew BreesNO,QB,16,386,536,72.0,4334,8.1,270.9,54,23,8,20,145,63.1,103.9,2017
5,Ben RoethlisbergerPIT,QB,15,360,561,64.2,4251,7.6,283.4,97,28,14,21,139,67.2,93.4,2017
6,Matt RyanATL,QB,16,342,529,64.7,4095,7.7,255.9,88,20,12,24,156,66.7,91.4,2017
7,Kirk CousinsWSH,QB,16,347,540,64.3,4093,7.6,255.8,74,27,13,41,342,56.2,93.9,2017
8,Alex SmithKC,QB,15,341,505,67.5,4042,8.0,269.5,79,26,5,35,207,65.6,104.7,2017
9,Russell WilsonSEA,QB,16,339,553,61.3,3983,7.2,248.9,74,34,11,43,322,62.4,95.4,2017
10,Jared GoffLAR,QB,15,296,477,62.1,3804,8.0,253.6,94,28,7,25,172,56.3,100.5,2017
11,Blake BortlesJAX,QB,16,315,523,60.2,3687,7.1,230.4,75,21,13,24,123,59.3,84.7,2017
12,Case KeenumMIN,QB,15,325,481,67.6,3547,7.4,236.5,65,22,7,22,136,73.3,98.3,2017
13,Jameis WinstonTB,QB,13,282,442,63.8,3504,7.9,269.5,70,19,11,33,207,52.1,92.2,2017
14,Derek CarrOAK,QB,15,323,515,62.7,3496,6.8,233.1,87,22,13,20,101,50.4,86.4,2017
15,Eli ManningNYG,QB,15,352,571,61.6,3468,6.1,231.2,77,19,13,31,189,47.6,80.4,2017
16,Dak PrescottDAL,QB,16,308,490,62.9,3324,6.8,207.8,81,22,13,32,185,70.0,86.6,2017
17,Andy DaltonCIN,QB,16,297,496,59.9,3320,6.7,207.5,77,25,12,39,255,44.6,86.6,2017
18,Cam NewtonCAR,QB,16,291,492,59.1,3302,6.7,206.4,64,22,16,35,242,52.7,80.7,2017
19,Carson WentzPHI,QB,13,265,440,60.2,3296,7.5,253.5,72,33,7,28,162,78.6,101.9,2017
20,Marcus MariotaTEN,QB,15,281,453,62.0,3232,7.1,215.5,75,13,15,27,173,59.0,79.3,2017
21,Joe FlaccoBAL,QB,16,352,549,64.1,3141,5.7,196.3,66,18,13,27,205,47.1,80.4,2017
22,Jacoby BrissettIND,QB,16,276,469,58.8,3098,6.6,193.6,80,13,7,52,305,44.0,81.7,2017
23,Josh McCownNYJ,QB,13,267,397,67.3,2926,7.4,225.1,69,18,9,39,264,56.6,94.5,2017
24,DeShone KizerCLE,QB,15,255,476,53.6,2894,6.1,192.9,56,11,22,38,226,32.4,60.5,2017
25,Tyrod TaylorBUF,QB,15,263,420,62.6,2799,6.7,186.6,47,14,4,46,256,56.2,89.2,2017
26,Jay CutlerMIA,QB,14,266,429,62.0,2666,6.2,190.4,65,19,14,20,154,43.5,80.8,2017
27,Trevor SiemianDEN,QB,11,206,349,59.0,2285,6.5,207.7,44,12,14,33,220,31.4,73.3,2017
28,Mitch TrubiskyCHI,QB,12,196,330,59.4,2193,6.6,182.8,70,7,7,31,196,33.3,77.5,2017
29,Carson PalmerARI,QB,7,164,267,61.4,1978,7.4,282.6,46,9,7,22,150,50.1,84.4,2017
30,Brett HundleyGB,QB,11,192,316,60.8,1836,5.8,166.9,55,9,12,29,197,45.6,70.6,2017
31,Deshaun WatsonHOU,QB,7,126,204,61.8,1699,8.3,242.7,72,19,8,19,116,83.7,103.0,2017
32,Aaron RodgersGB,QB,7,154,238,64.7,1675,7.0,239.3,72,16,6,22,168,66.6,97.2,2017
33,Jimmy GaroppoloSF,QB,6,120,178,67.4,1560,8.8,260.0,61,7,5,8,57,83.0,96.2,2017
34,C.J. BeathardSF,QB,7,123,224,54.9,1430,6.4,204.3,83,4,6,19,141,36.2,69.2,2017
35,Tom SavageHOU,QB,8,125,223,56.1,1412,6.3,176.5,57,5,6,21,159,42.3,71.4,2017
36,Brian HoyerSF/NE,QB,11,123,211,58.3,1287,6.1,117.0,59,4,4,16,112,35.5,74.5,2017
37,Ryan FitzpatrickTB,QB,6,96,163,58.9,1103,6.8,183.8,41,7,3,7,34,59.1,86.0,2017
38,Brock OsweilerDEN,QB,6,96,172,55.8,1088,6.3,181.3,54,5,5,10,64,50.6,72.5,2017
39,Blaine GabbertARI,QB,5,95,171,55.6,1086,6.4,217.2,52,6,6,23,149,33.2,71.9,2017
40,Drew StantonARI,QB,5,79,159,49.7,894,5.6,178.8,52,6,5,7,40,39.5,66.4,2017
41,Matt MooreMIA,QB,4,78,127,61.4,861,6.8,215.3,61,4,5,12,95,41.5,75.6,2017
42,Mike GlennonCHI,QB,4,93,140,66.4,833,5.9,208.3,29,4,5,8,78,25.1,76.9,2017
43,Bryce PettyNYJ,QB,4,55,112,49.1,544,4.9,136.0,46,1,3,8,55,31.5,55.1,2017
44,Nick FolesPHI,QB,7,57,101,56.4,537,5.3,76.7,35,5,2,5,44,31.1,79.5,2017
45,T.J. YatesHOU,QB,4,47,97,48.5,523,5.4,130.8,40,4,3,13,75,30.9,65.8,2017
46,Kevin HoganCLE,QB,4,46,75,61.3,517,6.9,129.3,49,4,5,6,35,40.5,71.9,2017
47,Sam BradfordMIN,QB,2,32,43,74.4,382,8.9,191.0,44,3,0,5,40,75.1,124.4,2017
48,Paxton LynchDEN,QB,2,30,45,66.7,295,6.6,147.5,30,2,3,9,51,26.0,72.0,2017
49,Patrick MahomesKC,QB,1,22,35,62.9,284,8.1,284.0,51,0,1,2,15,66.8,76.4,2017
50,EJ ManuelOAK,QB,2,24,43,55.8,265,6.2,132.5,41,1,1,4,29,57.0,72.3,2017
1,Ben RoethlisbergerPIT,QB,16,452,675,67.0,5129,7.6,320.6,97,34,16,24,166,69.6,96.5,2018
2,Patrick MahomesKC,QB,16,383,580,66.0,5097,8.8,318.6,89,50,12,26,171,80.3,113.8,2018
3,Matt RyanATL,QB,16,422,608,69.4,4924,8.1,307.8,75,35,7,42,296,65.7,108.1,2018
4,Jared GoffLAR,QB,16,364,561,64.9,4688,8.4,293.0,70,32,12,33,223,63.6,101.1,2018
5,Andrew LuckIND,QB,16,430,639,67.3,4593,7.2,287.1,68,39,15,18,134,69.6,98.7,2018
6,Aaron RodgersGB,QB,16,372,597,62.3,4442,7.4,277.6,75,25,2,49,353,58.0,97.6,2018
7,Tom BradyNE,QB,16,375,570,65.8,4355,7.6,272.2,63,29,11,21,147,68.4,97.7,2018
8,Philip RiversLAC,QB,16,347,508,68.3,4308,8.5,269.3,75,32,12,32,204,67.8,105.5,2018
9,Eli ManningNYG,QB,16,380,576,66.0,4299,7.5,268.7,58,21,11,47,358,49.1,92.4,2018
10,Kirk CousinsMIN,QB,16,425,606,70.1,4298,7.1,268.6,75,30,10,40,262,59.5,99.7,2018
11,Deshaun WatsonHOU,QB,16,345,505,68.3,4165,8.2,260.3,73,26,9,62,384,61.8,103.1,2018
12,Derek CarrOAK,QB,16,381,553,68.9,4049,7.3,253.1,66,19,10,51,299,46.5,93.9,2018
13,Drew BreesNO,QB,15,364,489,74.4,3992,8.2,266.1,72,32,5,17,121,79.2,115.7,2018
14,Case KeenumDEN,QB,16,365,586,62.3,3890,6.6,243.1,64,18,15,34,235,44.5,81.2,2018
15,Dak PrescottDAL,QB,16,356,526,67.7,3885,7.4,242.8,90,22,8,56,347,55.2,96.9,2018
16,Matthew StaffordDET,QB,16,367,555,66.1,3777,6.8,236.1,67,21,11,40,255,51.3,89.9,2018
17,Baker MayfieldCLE,QB,14,310,486,63.8,3725,7.7,266.1,71,27,14,25,173,51.2,93.7,2018
18,Russell WilsonSEA,QB,16,280,427,65.6,3448,8.1,215.5,66,35,7,51,355,63.3,110.9,2018
19,Cam NewtonCAR,QB,14,320,471,67.9,3395,7.2,242.5,82,24,13,29,213,53.2,94.2,2018
20,Mitch TrubiskyCHI,QB,14,289,434,66.6,3223,7.4,230.2,70,24,12,24,143,71.0,95.4,2018
21,Carson WentzPHI,QB,11,279,401,69.6,3074,7.7,279.5,58,21,7,31,202,62.0,102.2,2018
22,Jameis WinstonTB,QB,11,244,378,64.6,2992,7.9,272.0,64,19,14,27,157,66.2,90.2,2018
23,Sam DarnoldNYJ,QB,13,239,414,57.7,2865,6.9,220.4,76,17,15,30,204,45.9,77.6,2018
24,Blake BortlesJAX,QB,13,243,403,60.3,2718,6.7,209.1,80,13,11,31,173,43.4,79.8,2018
25,Andy DaltonCIN,QB,11,226,365,61.9,2566,7.0,233.3,49,21,11,21,157,59.4,89.6,2018
26,Marcus MariotaTEN,QB,14,228,331,68.9,2528,7.6,180.6,61,11,8,42,243,53.2,92.3,2018
27,Joe FlaccoBAL,QB,9,232,379,61.2,2465,6.5,273.9,71,12,6,16,79,54.8,84.2,2018
28,Ryan FitzpatrickTB,QB,8,164,246,66.7,2366,9.6,295.8,75,17,12,14,76,61.0,100.4,2018
29,Josh RosenARI,QB,14,217,393,55.2,2278,5.8,162.7,75,11,14,45,320,24.1,66.7,2018
30,Nick MullensSF,QB,8,176,274,64.2,2277,8.3,284.6,85,13,10,17,127,51.7,90.8,2018
31,Alex SmithWSH,QB,10,205,328,62.5,2180,6.6,218.0,52,10,5,22,121,46.9,85.7,2018
32,Josh AllenBUF,QB,12,169,320,52.8,2074,6.5,172.8,75,10,12,28,213,49.8,67.9,2018
33,Ryan TannehillMIA,QB,11,176,274,64.2,1979,7.2,179.9,75,17,9,35,279,33.2,92.7,2018
34,Nick FolesPHI,QB,5,141,195,72.3,1413,7.2,282.6,83,7,4,9,47,65.4,96.0,2018
35,C.J. BeathardSF,QB,6,102,169,60.4,1252,7.4,208.7,82,8,7,18,156,41.5,81.8,2018
36,Brock OsweilerMIA,QB,7,113,178,63.5,1247,7.0,178.1,75,6,4,17,130,34.5,86.1,2018
37,Lamar JacksonBAL,QB,16,99,170,58.2,1201,7.1,75.1,74,6,3,16,71,42.6,84.5,2018
38,Jeff DriskelCIN,QB,9,105,176,59.7,1003,5.7,111.4,37,6,2,16,122,29.7,82.2,2018
39,Jimmy GaroppoloSF,QB,3,53,89,59.6,718,8.1,239.3,56,5,3,13,97,27.5,90.0,2018
40,Cody KesslerJAX,QB,5,85,131,64.9,709,5.4,141.8,35,2,2,22,149,25.9,77.4,2018
41,Blaine GabbertTEN,QB,8,61,101,60.4,626,6.2,78.3,35,4,4,5,37,27.0,74.9,2018
42,Josh JohnsonWSH,QB,4,52,91,57.1,590,6.5,147.5,79,3,4,9,67,47.4,69.4,2018
43,Josh McCownNYJ,QB,4,60,110,54.5,539,4.9,134.8,41,1,4,7,35,33.8,55.8,2018
44,Chase DanielCHI,QB,5,53,76,69.7,515,6.8,103.0,46,3,2,9,40,27.5,90.6,2018
45,Tyrod TaylorCLE,QB,4,42,85,49.4,473,5.6,118.3,47,2,2,13,81,27.0,64.5,2018
46,Derek AndersonBUF,QB,2,42,70,60.0,465,6.6,232.5,40,0,4,5,33,26.6,56.0,2018
47,Sam BradfordARI,QB,3,50,80,62.5,400,5.0,133.3,35,2,4,6,33,27.9,62.5,2018
48,Colt McCoyWSH,QB,3,34,54,63.0,372,6.9,124.0,53,3,3,6,36,38.8,78.6,2018
49,Taylor HeinickeCAR,QB,6,35,57,61.4,320,5.6,53.3,33,1,3,2,17,18.3,60.6,2018
50,Nathan PetermanBUF,QB,4,44,81,54.3,296,3.7,74.0,26,1,7,7,34,8.0,30.7,2018
1,Jameis WinstonTB,QB,16,380,626,60.7,5109,8.2,319.3,71,33,30,47,282,55.7,84.3,2019
2,Dak PrescottDAL,QB,16,388,596,65.1,4902,8.2,306.4,62,30,11,23,151,71.9,99.7,2019
3,Jared GoffLAR,QB,16,394,626,62.9,4638,7.4,289.9,66,22,16,22,170,50.6,86.5,2019
4,Philip RiversLAC,QB,16,390,591,66.0,4615,7.8,288.4,84,23,20,34,222,50.5,88.5,2019
5,Matt RyanATL,QB,15,408,616,66.2,4466,7.3,297.7,93,26,14,48,316,59.6,92.1,2019
6,Russell WilsonSEA,QB,16,341,516,66.1,4110,8.0,256.9,60,31,5,48,319,71.5,106.3,2019
7,Tom BradyNE,QB,16,373,613,60.8,4057,6.6,253.6,59,24,8,27,185,55.7,88.0,2019
8,Derek CarrOAK,QB,16,361,513,70.4,4054,7.9,253.4,75,21,8,29,184,64.1,100.8,2019
9,Carson WentzPHI,QB,16,388,607,63.9,4039,6.7,252.4,53,27,7,37,230,62.8,93.1,2019
10,Patrick MahomesKC,QB,14,319,484,65.9,4031,8.3,287.9,83,26,5,17,127,77.7,105.3,2019
11,Aaron RodgersGB,QB,16,353,569,62.0,4002,7.0,250.1,74,26,4,36,284,52.5,95.4,2019
12,Jimmy GaroppoloSF,QB,16,329,476,69.1,3978,8.4,248.6,75,27,13,36,237,60.8,102.0,2019
13,Deshaun WatsonHOU,QB,15,333,495,67.3,3852,7.8,256.8,54,26,12,44,257,70.5,98.0,2019
14,Baker MayfieldCLE,QB,16,317,534,59.4,3827,7.2,239.2,89,22,21,40,285,54.4,78.8,2019
15,Kyler MurrayARI,QB,16,349,542,64.4,3722,6.9,232.6,88,20,12,48,309,57.7,87.4,2019
16,Kirk CousinsMIN,QB,15,307,444,69.1,3603,8.1,240.2,66,26,6,28,206,60.4,107.4,2019
17,Ryan FitzpatrickMIA,QB,15,311,502,62.0,3529,7.0,235.3,51,20,13,40,209,68.3,85.5,2019
18,Andy DaltonCIN,QB,13,314,528,59.5,3494,6.6,268.8,66,16,14,37,249,42.1,78.3,2019
19,Kyle AllenCAR,QB,13,303,489,62.0,3322,6.8,255.5,52,17,16,46,397,38.3,80.0,2019
20,Gardner MinshewJAX,QB,14,285,470,60.6,3271,7.0,233.6,70,21,6,33,184,44.6,91.2,2019
21,Mitch TrubiskyCHI,QB,15,326,516,63.2,3138,6.1,209.2,53,17,10,38,234,41.5,83.0,2019
22,Lamar JacksonBAL,QB,15,265,401,66.1,3127,7.8,208.5,83,36,6,23,106,83.0,113.3,2019
23,Josh AllenBUF,QB,16,271,461,58.8,3089,6.7,193.1,53,20,9,38,237,49.4,85.3,2019
24,Daniel JonesNYG,QB,13,284,459,61.9,3027,6.6,232.8,75,24,12,38,295,55.7,87.7,2019
25,Sam DarnoldNYJ,QB,13,273,441,61.9,3024,6.9,232.6,92,19,13,33,212,45.6,84.3,2019
26,Drew BreesNO,QB,11,281,378,74.3,2979,7.9,270.8,61,27,4,12,89,73.3,116.3,2019
27,Jacoby BrissettIND,QB,15,272,447,60.8,2942,6.6,196.1,50,18,6,27,159,52.1,88.0,2019
28,Ryan TannehillTEN,QB,12,201,286,70.3,2742,9.6,228.5,91,22,6,31,212,64.2,117.5,2019
29,Matthew StaffordDET,QB,8,187,291,64.3,2499,8.6,312.4,66,19,5,18,137,71.3,106.0,2019
30,Joe FlaccoDEN,QB,8,171,262,65.3,1822,7.0,227.8,70,6,5,26,194,50.8,85.1,2019
31,Mason RudolphPIT,QB,10,176,283,62.2,1765,6.2,176.5,76,13,9,15,124,36.2,82.0,2019
32,Case KeenumWSH,QB,10,160,247,64.8,1707,6.9,170.7,69,11,5,15,145,45.6,91.3,2019
33,Teddy BridgewaterNO,QB,9,133,196,67.9,1384,7.1,153.8,45,9,2,12,89,50.9,99.1,2019
34,Dwayne HaskinsWSH,QB,9,119,203,58.6,1365,6.7,151.7,75,7,7,29,204,28.0,76.1,2019
35,Marcus MariotaTEN,QB,7,95,160,59.4,1203,7.5,171.9,75,7,2,25,162,35.5,92.3,2019
36,Devlin HodgesPIT,QB,8,100,160,62.5,1063,6.6,132.9,79,5,8,15,102,31.8,71.4,2019
37,Eli ManningNYG,QB,4,91,147,61.9,1042,7.1,260.5,55,6,5,5,44,36.2,82.6,2019
38,Drew LockDEN,QB,5,100,156,64.1,1020,6.5,204.0,48,7,3,5,26,50.2,89.7,2019
39,David BloughDET,QB,5,94,174,54.0,984,5.7,196.8,75,4,6,14,104,34.0,64.0,2019
40,Nick FolesJAX,QB,4,77,117,65.8,736,6.3,184.0,39,3,2,8,60,35.5,84.6,2019
41,Jeff DriskelDET,QB,3,62,105,59.0,685,6.5,228.3,47,4,4,11,46,49.9,75.3,2019
42,Matt MooreKC,QB,6,59,91,64.8,659,7.2,109.8,57,4,0,8,65,57.5,100.9,2019
43,Matt SchaubATL,QB,6,50,67,74.6,580,8.7,96.7,35,3,1,2,19,80.2,109.0,2019
44,Cam NewtonCAR,QB,2,50,89,56.2,572,6.4,286.0,44,0,1,6,43,22.5,71.0,2019
45,Josh RosenMIA,QB,6,58,109,53.2,567,5.2,94.5,40,1,5,16,93,19.7,52.0,2019
46,Brandon AllenDEN,QB,3,39,84,46.4,515,6.1,171.7,75,3,2,9,59,40.1,68.3,2019
47,Ryan FinleyCIN,QB,3,41,87,47.1,474,5.4,158.0,47,2,2,11,93,25.0,62.1,2019
48,Chase DanielCHI,QB,3,45,64,70.3,435,6.8,145.0,37,3,2,7,48,59.6,91.6,2019
49,Luke FalkNYJ,QB,3,47,73,64.4,416,5.7,138.7,36,0,3,16,96,9.6,62.4,2019
50,Brian HoyerIND,QB,4,35,65,53.8,372,5.7,93.0,23,4,4,5,47,17.4,65.7,2019
1,Deshaun WatsonHOU,QB,16,382,544,70.2,4823,8.9,301.4,77,33,7,49,293,63.7,112.4,2020
2,Patrick MahomesKC,QB,15,390,588,66.3,4740,8.1,316.0,75,38,6,22,147,78.1,108.2,2020
3,Tom BradyTB,QB,16,401,610,65.7,4633,7.6,289.6,50,40,12,21,143,66.0,102.2,2020
4,Matt RyanATL,QB,16,407,626,65.0,4581,7.3,286.3,63,26,11,41,257,59.8,93.3,2020
5,Josh AllenBUF,QB,16,396,572,69.2,4544,7.9,284.0,55,37,10,26,159,76.6,107.2,2020
6,Justin HerbertLAC,QB,15,396,595,66.6,4336,7.3,289.1,72,31,10,32,218,62.6,98.3,2020
7,Aaron RodgersGB,QB,16,372,526,70.7,4299,8.2,268.7,78,48,5,20,182,79.8,121.5,2020
8,Kirk CousinsMIN,QB,16,349,516,67.6,4265,8.3,266.6,71,35,13,39,256,55.8,105.0,2020
9,Russell WilsonSEA,QB,16,384,558,68.8,4212,7.5,263.3,62,40,13,47,301,67.1,105.1,2020
10,Philip RiversIND,QB,16,369,543,68.0,4169,7.7,260.6,55,24,11,19,118,55.0,97.0,2020
11,Derek CarrLV,QB,16,348,517,67.3,4103,7.9,256.4,85,27,9,26,150,64.3,101.4,2020
12,Matthew StaffordDET,QB,16,339,528,64.2,4084,7.7,255.3,73,26,10,38,254,61.3,96.3,2020
13,Kyler MurrayARI,QB,16,375,558,67.2,3971,7.1,248.2,80,26,12,27,176,61.9,94.3,2020
14,Jared GoffLAR,QB,15,370,552,67.0,3952,7.2,263.5,56,20,13,23,161,50.8,90.0,2020
15,Ryan TannehillTEN,QB,16,315,481,65.5,3819,7.9,238.7,75,33,7,24,173,72.6,106.5,2020
16,Ben RoethlisbergerPIT,QB,15,399,608,65.6,3803,6.3,253.5,84,33,10,13,118,52.5,94.1,2020
17,Teddy BridgewaterCAR,QB,15,340,492,69.1,3733,7.6,248.9,75,15,11,31,205,56.8,92.1,2020
18,Baker MayfieldCLE,QB,16,305,486,62.8,3563,7.3,222.7,75,26,8,26,162,65.5,95.9,2020
19,Daniel JonesNYG,QB,14,280,448,62.5,2943,6.6,210.2,53,11,10,45,286,54.0,80.4,2020
20,Drew BreesNO,QB,12,275,390,70.5,2942,7.5,245.2,52,24,6,13,89,68.3,106.4,2020
21,Drew LockDEN,QB,13,254,443,57.3,2933,6.6,225.6,92,16,15,19,123,41.2,75.4,2020
22,Lamar JacksonBAL,QB,15,242,376,64.4,2757,7.3,183.8,47,26,9,29,160,67.3,99.3,2020
23,Joe BurrowCIN,QB,10,264,404,65.3,2688,6.7,268.8,67,13,5,32,231,48.5,89.8,2020
24,Cam NewtonNE,QB,15,242,368,65.8,2657,7.2,177.1,50,8,10,31,195,39.4,82.9,2020
25,Carson WentzPHI,QB,12,251,437,57.4,2620,6.0,218.3,59,16,15,50,326,41.9,72.8,2020
26,Nick MullensSF,QB,10,211,326,64.7,2437,7.5,243.7,49,12,12,19,139,36.3,84.1,2020
27,Gardner MinshewJAX,QB,9,216,327,66.1,2259,6.9,251.0,51,16,5,27,147,44.0,95.9,2020
28,Sam DarnoldNYJ,QB,12,217,364,59.6,2208,6.1,184.0,69,9,11,35,234,32.9,72.7,2020
29,Andy DaltonDAL,QB,11,216,333,64.9,2169,6.5,197.2,69,14,8,24,183,46.1,87.3,2020
30,Ryan FitzpatrickMIA,QB,9,183,267,68.5,2091,7.8,232.3,70,13,8,14,65,70.9,95.6,2020
31,Mitch TrubiskyCHI,QB,10,199,297,67.0,2055,6.9,205.5,53,16,8,18,125,53.8,93.5,2020
32,Dak PrescottDAL,QB,5,151,222,68.0,1856,8.4,371.2,58,9,4,10,66,73.1,99.6,2020
33,Nick FolesCHI,QB,9,202,312,64.7,1852,5.9,205.8,50,10,8,18,145,36.0,80.8,2020
34,Tua TagovailoaMIA,QB,10,186,290,64.1,1814,6.3,181.4,35,11,5,20,136,44.8,87.1,2020
35,Alex SmithWSH,QB,8,168,252,66.7,1582,6.3,197.8,68,6,8,22,139,28.2,78.5,2020
36,Dwayne HaskinsWSH,QB,7,148,241,61.4,1439,6.0,205.6,50,5,7,20,141,24.8,73.0,2020
37,Jimmy GaroppoloSF,QB,6,94,140,67.1,1096,7.8,182.7,76,7,5,11,77,54.0,92.4,2020
38,Mike GlennonJAX,QB,5,111,179,62.0,1072,6.0,214.4,46,7,5,9,53,29.8,80.1,2020
39,Jalen HurtsPHI,QB,15,77,148,52.0,1061,7.2,70.7,81,6,4,13,59,33.8,77.6,2020
40,Taysom HillNO,TE,16,88,121,72.7,928,7.7,58.0,44,4,2,14,87,51.1,98.8,2020
41,Brandon AllenCIN,QB,5,90,142,63.4,925,6.5,185.0,72,5,4,7,51,37.5,82.0,2020
42,Joe FlaccoNYJ,QB,5,74,134,55.2,864,6.4,172.8,52,6,3,7,69,50.3,80.6,2020
43,C.J. BeathardSF,QB,6,66,104,63.5,787,7.6,131.2,49,6,0,9,71,46.0,105.7,2020
44,Jake LutonJAX,QB,3,60,110,54.5,624,5.7,208.0,73,2,6,7,52,32.8,54.5,2020
45,Kyle AllenWSH,QB,4,60,87,69.0,610,7.0,152.5,52,4,1,7,44,68.2,99.3,2020
46,Jeff DriskelDEN,QB,3,35,64,54.7,432,6.8,144.0,45,3,2,11,98,36.1,78.4,2020
47,Colt McCoyNYG,QB,4,40,66,60.6,375,5.7,93.8,35,1,1,5,24,29.7,75.0,2020
48,PJ WalkerCAR,QB,4,32,56,57.1,368,6.6,92.0,52,1,5,4,31,9.6,45.8,2020
49,Mason RudolphPIT,QB,5,25,43,58.1,324,7.5,64.8,47,2,1,1,8,72.7,87.7,2020
50,Brett RypienDEN,QB,3,27,40,67.5,295,7.4,98.3,48,2,4,1,0,50.3,66.1,2020
1,Tom BradyTB,QB,17,485,719,67.5,5316,7.4,312.7,62,43,12,22,144,73.1,102.1,2021
2,Justin HerbertLAC,QB,17,443,672,65.9,5014,7.5,294.9,72,38,15,31,214,70.9,97.7,2021
3,Matthew StaffordLAR,QB,17,404,601,67.2,4886,8.1,287.4,79,41,17,30,243,69.2,102.9,2021
4,Patrick MahomesKC,QB,17,436,658,66.3,4839,7.4,284.6,75,37,13,28,146,67.7,98.5,2021
5,Derek CarrLV,QB,17,428,626,68.4,4804,7.7,282.6,61,23,14,40,241,58.4,94.0,2021
6,Joe BurrowCIN,QB,16,366,520,70.4,4611,8.9,288.2,82,34,14,51,370,60.2,108.3,2021
7,Dak PrescottDAL,QB,16,410,596,68.8,4449,7.5,278.1,51,37,10,30,144,60.5,104.2,2021
8,Josh AllenBUF,QB,17,409,646,63.3,4407,6.8,259.2,61,36,15,26,164,66.3,92.2,2021
9,Kirk CousinsMIN,QB,16,372,561,66.3,4221,7.5,263.8,64,33,7,28,197,58.3,103.1,2021
10,Aaron RodgersGB,QB,16,366,531,68.9,4115,7.8,257.2,75,37,4,30,188,74.1,111.9,2021
11,Matt RyanATL,QB,17,375,560,67.0,3968,7.1,233.4,64,20,12,40,274,52.2,90.4,2021
12,Jimmy GaroppoloSF,QB,15,301,441,68.3,3810,8.6,254.0,83,20,12,29,201,59.2,98.7,2021
13,Mac JonesNE,QB,17,352,521,67.6,3801,7.3,223.6,75,22,13,28,241,56.9,92.5,2021
14,Kyler MurrayARI,QB,14,333,481,69.2,3787,7.9,270.5,77,24,10,31,286,63.2,100.6,2021
15,Ben RoethlisbergerPIT,QB,16,390,605,64.5,3740,6.2,233.8,59,22,10,38,239,41.3,86.8,2021
16,Ryan TannehillTEN,QB,17,357,531,67.2,3734,7.0,219.6,57,21,14,47,327,61.8,89.6,2021
17,Trevor LawrenceJAX,QB,17,359,602,59.6,3641,6.0,214.2,58,12,17,32,238,39.1,71.9,2021
18,Carson WentzIND,QB,17,322,516,62.4,3563,6.9,209.6,76,27,7,32,227,60.6,94.6,2021
19,Taylor HeinickeWSH,QB,16,321,494,65.0,3419,6.9,213.7,73,20,15,38,278,45.8,85.9,2021
20,Jared GoffDET,QB,14,332,494,67.2,3245,6.6,231.8,63,19,8,35,280,45.5,91.5,2021
21,Jalen HurtsPHI,QB,15,265,432,61.3,3144,7.3,209.6,91,16,9,26,150,54.6,87.2,2021
22,Russell WilsonSEA,QB,14,259,400,64.8,3113,7.8,222.4,69,25,6,33,266,60.6,103.1,2021
23,Lamar JacksonBAL,QB,12,246,382,64.4,2882,7.5,240.2,49,16,13,38,190,56.8,87.0,2021
24,Davis MillsHOU,QB,13,263,394,66.8,2664,6.8,204.9,67,16,10,31,206,41.2,88.8,2021
25,Tua TagovailoaMIA,QB,13,263,388,67.8,2653,6.8,204.1,65,16,10,20,152,55.7,90.1,2021
26,Sam DarnoldCAR,QB,12,243,406,59.9,2527,6.2,210.6,63,9,13,35,204,38.8,71.9,2021
27,Zach WilsonNYJ,QB,13,213,383,55.6,2334,6.1,179.5,54,9,11,44,370,33.4,69.7,2021
28,Andy DaltonCHI,QB,8,149,236,63.1,1515,6.4,189.4,60,8,9,18,143,39.2,76.9,2021
29,Jacoby BrissettMIA,QB,11,141,225,62.7,1283,5.7,116.6,52,5,4,19,132,54.3,78.1,2021
30,Trevor SiemianNO,QB,6,108,188,57.4,1154,6.1,192.3,46,11,3,9,64,41.3,88.4,2021
31,Tyler HuntleyBAL,QB,7,122,188,64.9,1081,5.8,154.4,43,3,4,18,107,55.0,76.6,2021
32,Taysom HillNO,TE,12,78,134,58.2,978,7.3,81.5,70,4,5,9,64,48.5,75.4,2021
33,Tyrod TaylorHOU,QB,6,91,150,60.7,966,6.4,161.0,52,5,5,13,119,46.4,76.7,2021
34,Mike WhiteNYJ,QB,4,88,132,66.7,953,7.2,238.3,28,5,8,4,18,56.5,75.1,2021
35,Mike GlennonNYG,QB,6,90,167,53.9,790,4.7,131.7,60,4,10,9,68,14.7,49.7,2021
36,Drew LockDEN,QB,6,67,111,60.4,787,7.1,131.2,44,2,2,9,52,28.1,80.4,2021
37,Colt McCoyARI,QB,8,74,99,74.7,740,7.5,92.5,50,3,1,6,40,60.4,101.4,2021
38,Geno SmithSEA,QB,4,65,95,68.4,702,7.4,175.5,84,5,1,13,117,51.8,103.0,2021
39,Cam NewtonCAR,QB,8,69,126,54.8,684,5.4,85.5,64,4,5,10,83,30.4,64.4,2021
40,Josh JohnsonBAL/NYJ,QB,4,57,85,67.1,638,7.5,159.5,28,5,2,3,23,57.7,99.0,2021
41,Trey LanceSF,QB,6,41,71,57.7,603,8.5,100.5,76,5,2,4,15,39.0,97.3,2021
42,Tim BoyleDET,QB,5,61,94,64.9,526,5.6,105.2,42,3,6,0,0,31.4,63.5,2021
43,Case KeenumCLE,QB,7,47,72,65.3,462,6.4,66.0,34,3,1,5,29,42.7,91.3,2021
44,Gardner MinshewPHI,QB,4,41,60,68.3,439,7.3,109.8,36,4,1,5,31,66.2,104.8,2021
45,Cooper RushDAL,QB,5,30,47,63.8,422,9.0,84.4,73,3,1,3,19,47.8,105.1,2021
46,Jordan LoveGB,QB,6,36,62,58.1,411,6.6,68.5,62,2,3,3,23,36.8,68.7,2021
47,PJ WalkerCAR,QB,5,36,66,54.5,362,5.5,72.4,24,1,3,7,47,23.4,56.5,2021
48,Joe FlaccoNYJ,QB,2,27,42,64.3,338,8.0,169.0,62,3,0,2,13,49.5,113.0,2021
49,Mason RudolphPIT,QB,2,35,58,60.3,277,4.8,138.5,36,1,1,0,0,45.4,70.8,2021
50,Nick FolesCHI,QB,1,24,35,68.6,250,7.1,250.0,30,1,0,4,21,51.6,98.5,2021
1,Patrick MahomesKC,QB,17,435,648,67.1,5250,8.1,308.8,67,41,12,26,188,77.7,105.2,2022
2,Justin HerbertLAC,QB,17,477,699,68.2,4739,6.8,278.8,55,25,10,38,206,58.4,93.2,2022
3,Tom BradyTB,QB,17,490,733,66.8,4694,6.4,276.1,63,25,9,22,160,52.6,90.7,2022
4,Kirk CousinsMIN,QB,17,424,643,65.9,4547,7.1,267.5,66,29,14,46,329,50.0,92.5,2022
5,Joe BurrowCIN,QB,16,414,606,68.3,4475,7.4,279.7,60,35,12,41,259,58.8,100.8,2022
6,Jared GoffDET,QB,17,382,587,65.1,4438,7.6,261.1,81,29,7,23,156,61.2,99.3,2022
7,Josh AllenBUF,QB,16,359,567,63.3,4283,7.6,267.7,98,35,14,33,162,71.5,96.6,2022
8,Geno SmithSEA,QB,17,399,572,69.8,4282,7.5,251.9,54,30,11,46,348,60.9,100.9,2022
9,Trevor LawrenceJAX,QB,17,387,584,66.3,4113,7.0,241.9,59,25,8,27,184,54.7,95.2,2022
10,Jalen HurtsPHI,QB,15,306,460,66.5,3701,8.0,246.7,68,22,6,38,231,66.4,101.6,2022
11,Aaron RodgersGB,QB,17,350,542,64.6,3695,6.8,217.4,58,26,12,32,258,39.3,91.1,2022
12,Tua TagovailoaMIA,QB,13,259,400,64.8,3548,8.9,272.9,84,25,8,21,163,68.9,105.5,2022
13,Russell WilsonDEN,QB,15,292,483,60.5,3524,7.3,234.9,67,16,11,55,368,37.0,84.4,2022
14,Derek CarrLV,QB,15,305,502,60.8,3522,7.0,234.8,60,24,14,27,191,55.6,86.3,2022
15,Daniel JonesNYG,QB,16,317,472,67.2,3205,6.8,200.3,65,15,5,44,243,60.8,92.5,2022
16,Davis MillsHOU,QB,15,292,479,61.0,3118,6.5,207.9,58,17,15,31,244,33.2,78.8,2022
17,Matt RyanIND,QB,12,309,461,67.0,3057,6.6,254.8,45,14,13,38,287,43.1,83.9,2022
18,Mac JonesNE,QB,14,288,442,65.2,2997,6.8,214.1,48,14,11,34,231,36.2,84.8,2022
19,Andy DaltonNO,QB,14,252,378,66.7,2871,7.6,205.1,64,18,9,25,189,50.7,95.2,2022
20,Dak PrescottDAL,QB,12,261,394,66.2,2860,7.3,238.3,68,23,15,20,126,57.9,91.1,2022
21,Jacoby BrissettCLE,QB,16,236,369,64.0,2608,7.1,163.0,55,12,6,24,160,60.1,88.9,2022
22,Ryan TannehillTEN,QB,12,212,325,65.2,2536,7.8,211.3,69,13,6,33,238,49.2,94.6,2022
23,Jimmy GaroppoloSF,QB,11,207,308,67.2,2437,7.9,221.5,57,16,4,18,100,54.5,103.0,2022
24,Kenny PickettPIT,QB,13,245,389,63.0,2404,6.2,184.9,57,7,9,27,182,51.6,76.7,2022
25,Kyler MurrayARI,QB,11,259,390,66.4,2368,6.1,215.3,38,14,7,25,192,51.6,87.2,2022
26,Lamar JacksonBAL,QB,12,203,326,62.3,2242,6.9,186.8,75,17,7,26,114,59.2,91.1,2022
26,Justin FieldsCHI,QB,15,192,318,60.4,2242,7.1,149.5,56,17,11,55,359,54.1,85.2,2022
28,Marcus MariotaATL,QB,13,184,300,61.3,2219,7.4,170.7,75,15,9,28,195,55.5,88.2,2022
29,Baker MayfieldLAR/CAR,QB,12,201,335,60.0,2163,6.5,180.3,75,10,8,36,217,24.5,79.0,2022
30,Matthew StaffordLAR,QB,9,206,303,68.0,2087,6.9,231.9,75,10,8,29,208,50.5,87.4,2022
31,Taylor HeinickeWSH,QB,9,161,259,62.2,1859,7.2,206.6,61,12,6,19,141,44.6,89.6,2022
32,Carson WentzWSH,QB,8,172,276,62.3,1755,6.4,219.4,75,11,9,26,159,33.0,80.2,2022
33,Zach WilsonNYJ,QB,9,132,242,54.5,1688,7.0,187.6,79,6,7,23,175,36.6,72.8,2022
34,Brock PurdySF,QB,9,114,170,67.1,1374,8.1,152.7,54,13,4,11,84,65.5,107.3,2022
35,Mitch TrubiskyPIT,QB,7,117,180,65.0,1252,7.0,178.9,45,4,5,11,68,56.4,81.1,2022
36,Mike WhiteNYJ,QB,4,103,175,58.9,1192,6.8,298.0,60,3,4,9,76,37.2,75.7,2022
37,Sam DarnoldCAR,QB,6,82,140,58.6,1143,8.2,190.5,52,7,3,10,78,48.4,92.6,2022
38,Deshaun WatsonCLE,QB,6,99,170,58.2,1102,6.5,183.7,46,7,5,20,106,38.3,79.1,2022
39,Joe FlaccoNYJ,QB,5,110,191,57.6,1051,5.5,210.2,66,5,3,10,66,34.2,75.2,2022
39,Cooper RushDAL,QB,9,94,162,58.0,1051,6.5,116.8,46,5,3,7,49,59.0,80.0,2022
41,Jameis WinstonNO,QB,3,73,115,63.5,858,7.5,286.0,51,4,5,11,74,32.7,79.5,2022
42,Bailey ZappeNE,QB,4,65,92,70.7,781,8.5,195.3,53,5,3,6,40,34.4,100.9,2022
43,Colt McCoyARI,QB,4,90,132,68.2,780,5.9,195.0,47,1,3,13,97,37.4,76.6,2022
44,PJ WalkerCAR,QB,6,63,106,59.4,731,6.9,121.8,62,3,3,7,46,23.5,78.0,2022
45,Desmond RidderATL,QB,4,73,115,63.5,708,6.2,177.0,40,2,0,9,33,49.7,86.4,2022
46,Teddy BridgewaterMIA,QB,5,49,79,62.0,683,8.6,136.6,64,4,4,7,45,47.6,85.6,2022
47,Gardner MinshewPHI,QB,5,44,76,57.9,663,8.7,132.6,78,3,3,6,28,39.7,83.4,2022
48,Tyler HuntleyBAL,QB,6,75,112,67.0,658,5.9,109.7,40,2,3,7,34,41.2,77.2,2022
49,Jarrett StidhamLV,QB,5,53,83,63.9,656,7.9,131.2,60,4,3,7,47,58.8,89.2,2022
50,Sam EhlingerIND,QB,4,64,101,63.4,573,5.7,143.3,47,3,3,14,87,31.8,76.1,2022
