RK,Name,POS,GP,G,A,PTS,+/-,PIM,TOI/G,PPG,PPA,S,S%,SHFT,GWG,FW,FL,FO%,SOA,SOG,SO%,Year
1,Danny BrierePHI,C,23,12,18,30,9,18,19:37,4,6,63,19.0,601,4,82,91,47.4,0,0,0.0,2010
2,Jonathan ToewsCHI,C,22,7,22,29,-1,4,20:58,5,10,58,12.1,643,3,277,183,60.2,0,0,0.0,2010
3,Patrick KaneCHI,RW,22,10,18,28,-2,6,18:58,1,10,64,15.6,585,1,2,5,28.6,0,0,0.0,2010
4,Mike RichardsPHI,C,23,7,16,23,-1,18,21:45,2,10,59,11.9,734,1,216,240,47.4,0,0,0.0,2010
5,Patrick SharpCHI,LW,22,11,11,22,10,16,17:50,3,3,76,14.5,561,1,120,121,49.8,0,0,0.0,2010
6,Claude GirouxPHI,RW,23,10,11,21,7,4,18:44,3,4,47,21.3,622,2,120,154,43.8,0,0,0.0,2010
6,Ville LeinoPHI,LW,19,7,14,21,10,6,16:15,0,5,36,19.4,432,2,13,22,37.1,0,0,0.0,2010
8,Michael CammalleriMTL,LW,19,13,6,19,-6,6,20:40,4,3,60,21.7,493,3,12,16,42.9,0,0,0.0,2010
8,Sidney CrosbyPIT,C,13,6,13,19,6,6,23:31,1,8,41,14.6,333,1,155,122,56.0,0,0,0.0,2010
10,Chris ProngerPHI,D,23,4,14,18,5,36,29:03,3,5,41,9.8,839,0,0,0,0.0,0,0,0.0,2010
10,Johan FranzenDET,RW,12,6,12,18,8,16,17:34,1,5,48,12.5,294,1,3,8,27.3,0,0,0.0,2010
12,Scott HartnellPHI,LW,23,8,9,17,4,25,16:13,3,4,30,26.7,537,0,1,4,20.0,0,0,0.0,2010
12,Duncan KeithCHI,D,22,2,15,17,2,10,28:11,0,5,61,3.3,729,0,0,0,0.0,0,0,0.0,2010
12,Joe PavelskiSJ,C,15,9,8,17,6,6,21:31,5,2,65,13.8,428,3,118,112,51.3,0,0,0.0,2010
15,Dustin ByfuglienCHI,D,22,11,5,16,-4,20,16:15,5,0,45,24.4,505,5,1,2,33.3,0,0,0.0,2010
15,Dave BollandCHI,C,22,8,8,16,6,30,18:39,2,2,35,22.9,667,1,127,196,39.3,0,0,0.0,2010
17,Marian HossaCHI,RW,22,3,12,15,7,25,18:25,0,1,73,4.1,605,1,1,2,33.3,0,0,0.0,2010
17,Mikael SamuelssonVAN,RW,12,8,7,15,7,16,17:58,3,1,42,19.0,303,1,4,7,36.4,0,0,0.0,2010
17,Brian GiontaMTL,RW,19,9,6,15,-6,14,22:11,4,1,70,12.9,536,1,7,11,38.9,0,0,0.0,2010
17,Henrik ZetterbergDET,C,12,7,8,15,11,6,20:25,2,3,45,15.6,329,2,87,105,45.3,0,0,0.0,2010
21,Dan BoyleSJ,D,15,2,12,14,-1,8,27:10,1,8,47,4.3,504,0,0,0,0.0,0,0,0.0,2010
21,Scott GomezMTL,C,19,2,12,14,-6,25,21:10,0,6,46,4.3,515,0,188,194,49.2,0,0,0.0,2010
21,Daniel SedinVAN,LW,12,5,9,14,4,12,19:46,1,3,38,13.2,327,2,0,2,0.0,0,0,0.0,2010
21,Henrik SedinVAN,C,12,3,11,14,3,6,20:38,0,4,23,13.0,348,1,155,108,58.9,0,0,0.0,2010
21,Kris VersteegCHI,RW,22,6,8,14,4,14,17:12,0,2,55,10.9,627,2,13,19,40.6,0,0,0.0,2010
26,Patrick MarleauSJ,C,14,8,5,13,-3,8,22:06,3,3,56,14.3,414,2,27,31,46.6,0,0,0.0,2010
26,Dany HeatleySJ,LW,14,2,11,13,-7,16,20:41,1,5,45,4.4,380,0,1,3,25.0,0,0,0.0,2010
26,Pavel DatsyukDET,C,12,6,7,13,3,8,18:48,1,1,39,15.4,316,1,129,114,53.1,0,0,0.0,2010
26,Matthew CarlePHI,D,23,1,12,13,6,8,25:53,0,1,33,3.0,816,0,0,0,0.0,0,0,0.0,2010
30,Simon GagnePHI,LW,19,9,3,12,-2,0,17:34,5,1,52,17.3,468,2,3,1,75.0,0,0,0.0,2010
30,Sergei GoncharPIT,D,13,2,10,12,4,4,26:26,1,6,24,8.3,368,1,0,0,0.0,0,0,0.0,2010
30,Joe ThorntonSJ,C,15,3,9,12,-11,18,21:19,1,3,35,8.6,425,1,141,118,54.4,0,0,0.0,2010
30,Dennis WidemanBOS,D,13,1,11,12,3,4,26:02,0,4,29,3.4,398,0,0,0,0.0,0,0,0.0,2010
34,Todd BertuzziDET,RW,12,2,9,11,4,12,17:07,1,2,19,10.5,283,0,1,5,16.7,0,0,0.0,2010
34,Brian RafalskiDET,D,12,3,8,11,4,2,23:58,1,4,23,13.0,334,0,0,0,0.0,0,0,0.0,2010
34,Kimmo TimonenPHI,D,23,1,10,11,6,20,26:37,0,5,45,2.2,777,0,0,0,0.0,0,0,0.0,2010
34,Tomas PlekanecMTL,C,19,4,7,11,-4,20,19:57,1,1,39,10.3,539,1,180,202,47.1,0,0,0.0,2010
34,Chris KunitzPIT,LW,13,4,7,11,3,8,17:25,1,0,38,10.5,287,0,0,2,0.0,0,0,0.0,2010
34,Patrice BergeronBOS,C,13,4,7,11,4,2,20:22,0,2,37,10.8,366,1,169,123,57.9,0,0,0.0,2010
34,Brent SeabrookCHI,D,22,4,7,11,8,14,24:10,1,0,39,10.3,731,0,0,0,0.0,0,0,0.0,2010
34,Evgeni MalkinPIT,C,13,5,6,11,0,6,21:53,4,4,58,8.6,298,1,39,52,42.9,0,0,0.0,2010
42,Nicklas LidstromDET,D,12,4,6,10,7,2,26:22,3,2,39,10.3,371,0,0,0,0.0,0,0,0.0,2010
42,Mark RecchiBOS,RW,13,6,4,10,0,6,19:29,3,2,26,23.1,335,0,4,3,57.1,0,0,0.0,2010
42,Miroslav SatanBOS,RW,13,5,5,10,4,16,18:31,2,1,37,13.5,287,3,4,6,40.0,0,0,0.0,2010
42,Ryan KeslerVAN,C,12,1,9,10,3,4,21:18,0,1,21,4.8,343,0,124,110,53.0,0,0,0.0,2010
42,Alex OvechkinWSH,LW,7,5,5,10,5,0,23:06,1,0,34,14.7,160,0,1,1,50.0,0,0,0.0,2010
42,Ryane CloweSJ,LW,15,2,8,10,4,28,20:10,0,2,42,4.8,397,0,11,27,28.9,0,0,0.0,2010
48,Bill GuerinPIT,RW,11,4,5,9,3,2,18:17,1,2,30,13.3,247,0,1,3,25.0,0,0,0.0,2010
48,Roman HamrlikMTL,D,19,0,9,9,-1,15,20:08,0,1,21,0.0,516,0,0,0,0.0,0,0,0.0,2010
48,Valtteri FilppulaDET,C,12,4,5,9,1,6,18:34,2,2,33,12.1,313,0,16,18,47.1,0,0,0.0,2010
1,David KrejciBOS,C,25,12,11,23,8,10,20:07,2,2,57,21.1,607,4,202,188,51.8,0,0,0.0,2011
2,Henrik SedinVAN,C,25,3,19,22,-11,16,20:56,2,9,46,6.5,741,1,228,270,45.8,0,0,0.0,2011
3,Daniel SedinVAN,LW,25,9,11,20,-9,32,20:12,5,5,99,9.1,716,2,2,6,25.0,0,0,0.0,2011
3,Martin St. LouisTB,RW,18,10,10,20,-8,4,21:11,4,7,50,20.0,450,1,2,10,16.7,0,0,0.0,2011
3,Patrice BergeronBOS,C,23,6,14,20,15,28,18:42,0,1,67,9.0,662,1,299,198,60.2,0,0,0.0,2011
6,Vincent LecavalierTB,C,18,6,13,19,6,16,19:51,3,4,56,10.7,444,3,187,188,49.9,0,0,0.0,2011
6,Ryan KeslerVAN,C,25,7,12,19,0,47,22:34,4,4,76,9.2,764,2,329,279,54.1,0,0,0.0,2011
6,Brad MarchandBOS,LW,25,11,8,19,12,40,16:46,0,0,61,18.0,602,1,2,5,28.6,0,0,0.0,2011
9,Joe ThorntonSJ,C,18,3,14,17,-5,16,22:15,0,8,48,6.3,565,2,199,137,59.2,0,0,0.0,2011
9,Michael RyderBOS,RW,25,8,9,17,8,8,14:34,2,2,44,18.2,482,2,0,3,0.0,0,0,0.0,2011
9,Nathan HortonBOS,RW,21,8,9,17,11,35,16:54,1,2,52,15.4,460,3,1,2,33.3,0,0,0.0,2011
9,Alex BurrowsVAN,RW,25,9,8,17,0,34,20:40,1,0,62,14.5,778,2,10,10,50.0,0,0,0.0,2011
9,Teddy PurcellTB,RW,18,6,11,17,4,2,13:42,1,3,46,13.0,350,1,2,9,18.2,0,0,0.0,2011
14,Dan BoyleSJ,D,18,4,12,16,-7,8,26:10,2,6,67,6.0,559,1,0,0,0.0,0,0,0.0,2011
15,Pavel DatsyukDET,C,11,4,11,15,10,8,21:09,2,3,38,10.5,316,0,79,64,55.2,0,0,0.0,2011
15,Ryane CloweSJ,LW,17,6,9,15,5,32,19:27,3,1,39,15.4,447,0,1,2,33.3,0,0,0.0,2011
17,Mark RecchiBOS,RW,25,5,9,14,7,8,16:09,2,2,40,12.5,562,1,18,20,47.4,0,0,0.0,2011
17,Steve DownieTB,RW,17,2,12,14,7,40,12:35,0,3,27,7.4,296,1,11,12,47.8,0,0,0.0,2011
17,Logan CoutureSJ,C,18,7,7,14,2,2,19:23,1,2,64,10.9,518,0,105,127,45.3,0,0,0.0,2011
20,Patrick MarleauSJ,C,18,7,6,13,-1,9,22:21,3,2,59,11.9,562,1,42,47,47.2,0,0,0.0,2011
20,Chris KellyBOS,C,25,5,8,13,11,6,15:28,0,0,28,17.9,576,0,124,135,47.9,0,0,0.0,2011
20,Joel WardNSH,RW,12,7,6,13,4,6,20:25,2,2,28,25.0,354,1,15,23,39.5,0,0,0.0,2011
20,Steven StamkosTB,C,18,6,7,13,-5,6,19:43,3,3,46,13.0,432,1,95,92,50.8,0,0,0.0,2011
24,Simon GagneTB,LW,15,5,7,12,6,4,15:52,0,3,21,23.8,323,1,3,1,75.0,0,0,0.0,2011
24,Christian EhrhoffVAN,D,23,2,10,12,-13,16,22:26,1,7,50,4.0,657,0,0,0,0.0,0,0,0.0,2011
24,Rich PeverleyBOS,C,25,4,8,12,6,17,16:11,0,0,42,9.5,581,2,91,79,53.5,0,0,0.0,2011
24,Claude GirouxPHI,RW,11,1,11,12,2,8,21:57,0,4,21,4.8,315,0,122,97,55.7,0,0,0.0,2011
24,Milan LucicBOS,LW,25,5,7,12,11,63,17:54,1,0,56,8.9,568,0,3,11,21.4,0,0,0.0,2011
29,Tomas KaberleBOS,D,25,0,11,11,8,4,16:01,0,5,33,0.0,528,0,0,0,0.0,0,0,0.0,2011
29,Dennis SeidenbergBOS,D,25,1,10,11,12,31,27:37,0,2,63,1.6,827,0,0,0,0.0,0,0,0.0,2011
29,Sean BergenheimTB,LW,16,9,2,11,2,8,14:09,0,1,46,19.6,338,1,9,10,47.4,0,0,0.0,2011
29,Dominic MooreTB,C,18,3,8,11,-3,18,17:46,1,0,26,11.5,446,0,110,117,48.5,0,0,0.0,2011
29,Alexander EdlerVAN,D,25,2,9,11,-4,8,24:46,0,2,58,3.4,785,0,0,0,0.0,0,0,0.0,2011
34,Michael CammalleriMTL,LW,7,3,7,10,-5,0,23:35,1,4,24,12.5,206,0,15,14,51.7,0,0,0.0,2011
34,Alex OvechkinWSH,LW,9,5,5,10,-1,10,23:30,1,4,34,14.7,228,1,3,0,100.0,0,0,0.0,2011
34,Devin SetoguchiSJ,RW,18,7,3,10,-7,12,17:26,3,1,65,10.8,471,2,0,0,0.0,0,0,0.0,2011
34,Kevin BieksaVAN,D,25,5,5,10,6,51,25:40,1,1,47,10.6,787,1,0,0,0.0,0,0,0.0,2011
34,Joe PavelskiSJ,C,18,5,5,10,1,10,21:08,1,2,58,8.6,525,1,162,134,54.7,0,0,0.0,2011
34,Andrew FerenceBOS,D,25,4,6,10,10,37,20:36,1,1,38,10.5,742,1,0,0,0.0,0,0,0.0,2011
40,Danny BrierePHI,C,11,7,2,9,-7,14,19:56,2,1,47,14.9,281,1,50,48,51.0,0,0,0.0,2011
40,Zdeno CharaBOS,D,24,2,7,9,16,34,27:39,1,1,62,3.2,816,0,2,0,100.0,0,0,0.0,2011
40,David LegwandNSH,C,12,6,3,9,1,8,22:06,1,0,31,19.4,383,0,124,123,50.2,0,0,0.0,2011
40,Dany HeatleySJ,LW,18,3,6,9,-2,12,18:56,0,2,47,6.4,493,0,8,10,44.4,0,0,0.0,2011
40,Johnny BoychukBOS,D,25,3,6,9,12,12,20:38,0,0,51,5.9,740,1,0,0,0.0,0,0,0.0,2011
40,Ian WhiteSJ,D,17,1,8,9,3,8,20:04,1,3,40,2.5,461,0,0,0,0.0,0,0,0.0,2011
40,Jannik HansenVAN,RW,25,3,6,9,7,18,15:50,0,1,50,6.0,600,0,8,12,40.0,0,0,0.0,2011
47,Nicklas LidstromDET,D,11,4,4,8,8,4,21:49,2,2,26,15.4,309,0,0,0,0.0,0,0,0.0,2011
47,Henrik ZetterbergDET,C,7,3,5,8,6,2,21:59,1,3,20,15.0,210,0,64,65,49.6,0,0,0.0,2011
47,Christopher HigginsVAN,LW,25,4,4,8,1,2,17:08,1,1,49,8.2,658,3,18,17,51.4,0,0,0.0,2011
47,Corey PerryANA,RW,6,2,6,8,0,4,25:15,1,2,18,11.1,187,1,0,0,0.0,0,0,0.0,2011
1,Dustin BrownLA,RW,20,8,12,20,16,34,20:43,1,3,59,13.6,545,3,9,11,45.0,0,0,0.0,2012
1,Anze KopitarLA,C,20,8,12,20,16,9,22:02,0,6,56,14.3,552,1,179,189,48.6,0,0,0.0,2012
3,Ilya KovalchukNJ,LW,23,8,11,19,-7,6,22:44,5,3,70,11.4,576,0,2,4,33.3,0,0,0.0,2012
4,Claude GirouxPHI,RW,10,8,9,17,2,13,22:42,3,4,36,22.2,284,0,123,114,51.9,0,0,0.0,2012
5,Drew DoughtyLA,D,20,4,12,16,11,14,26:08,1,5,44,9.1,660,0,0,0,0.0,0,0,0.0,2012
6,Brad RichardsNYR,C,20,6,9,15,-2,8,22:11,2,6,71,8.5,517,0,217,220,49.7,0,0,0.0,2012
6,Justin WilliamsLA,RW,20,4,11,15,8,12,18:24,1,3,58,6.9,477,0,0,2,0.0,0,0,0.0,2012
6,Mike RichardsLA,C,20,4,11,15,1,17,19:30,2,4,41,9.8,551,1,168,169,49.9,0,0,0.0,2012
6,Zach PariseNJ,LW,24,8,7,15,-8,4,20:52,3,3,87,9.2,666,1,0,2,0.0,0,0,0.0,2012
10,Bryce SalvadorNJ,D,24,4,10,14,9,26,22:24,0,1,30,13.3,695,1,0,0,0.0,0,0,0.0,2012
10,Travis ZajacNJ,C,24,7,7,14,-6,4,20:28,1,3,49,14.3,647,2,243,205,54.2,0,0,0.0,2012
12,Danny BrierePHI,C,11,8,5,13,-6,4,17:44,1,3,26,30.8,257,1,79,50,61.2,0,0,0.0,2012
12,Jeff CarterLA,C,20,8,5,13,0,4,18:02,4,0,54,14.8,510,3,30,27,52.6,0,0,0.0,2012
12,Adam HenriqueNJ,C,24,5,8,13,12,11,17:14,0,2,40,12.5,611,3,148,191,43.7,0,0,0.0,2012
15,David ClarksonNJ,RW,24,3,9,12,8,32,14:51,0,3,41,7.3,512,3,15,25,37.5,0,0,0.0,2012
15,Dan GirardiNYR,D,20,3,9,12,6,2,26:51,1,3,35,8.6,604,3,0,0,0.0,0,0,0.0,2012
17,Marian GaborikNYR,RW,20,5,6,11,0,2,19:55,0,3,60,8.3,482,1,0,0,0.0,0,0,0.0,2012
17,Dustin PennerLA,LW,20,3,8,11,4,32,13:13,0,0,37,8.1,395,2,0,1,0.0,0,0,0.0,2012
19,Andy McDonaldSTL,C,9,5,5,10,-2,8,20:22,2,4,26,19.2,263,1,33,24,57.9,0,0,0.0,2012
19,Dainius ZubrusNJ,C,24,3,7,10,0,18,18:07,1,2,40,7.5,628,1,29,28,50.9,0,0,0.0,2012
19,Antoine VermettePHX,C,16,5,5,10,-2,24,18:03,3,0,24,20.8,420,0,169,119,58.7,0,0,0.0,2012
19,Ryan CallahanNYR,RW,20,6,4,10,2,12,23:32,2,1,53,11.3,553,0,3,3,50.0,0,0,0.0,2012
19,Artem AnisimovNYR,C,20,3,7,10,1,4,13:51,0,3,19,15.8,374,0,30,37,44.8,0,0,0.0,2012
19,Jakub VoracekPHI,RW,11,2,8,10,0,8,15:57,1,3,20,10.0,235,1,4,2,66.7,0,0,0.0,2012
19,Michael Del ZottoNYR,D,20,2,8,10,-4,12,21:39,1,3,35,5.7,504,1,0,0,0.0,0,0,0.0,2012
26,Shane DoanPHX,RW,16,5,4,9,2,41,20:47,1,0,47,10.6,432,2,4,7,36.4,0,0,0.0,2012
26,Alexei PonikarovskyNJ,LW,24,1,8,9,8,12,14:23,0,0,26,3.8,517,1,2,3,40.0,0,0,0.0,2012
26,Marek ZidlickyNJ,D,24,1,8,9,-2,22,23:46,0,4,43,2.3,712,0,0,0,0.0,0,0,0.0,2012
26,Alex OvechkinWSH,LW,14,5,4,9,-2,8,19:51,2,2,50,10.0,325,1,1,0,100.0,0,0,0.0,2012
26,Keith YandlePHX,D,16,1,8,9,5,10,21:27,0,3,22,4.5,440,0,0,0,0.0,0,0,0.0,2012
26,Trevor LewisLA,C,20,3,6,9,7,2,14:54,1,0,37,8.1,446,0,10,10,50.0,0,0,0.0,2012
26,Jordan StaalPIT,C,6,6,3,9,2,2,19:49,1,0,12,50.0,161,1,52,53,49.5,0,0,0.0,2012
26,Brayden SchennPHI,C,11,3,6,9,-3,8,14:16,2,1,11,27.3,222,0,32,42,43.2,0,0,0.0,2012
26,Derek StepanNYR,C,20,1,8,9,-2,4,19:06,1,2,38,2.6,465,0,103,131,44.0,0,0,0.0,2012
35,Patrik EliasNJ,C,24,5,3,8,-3,10,18:30,2,0,57,8.8,627,0,135,183,42.5,0,0,0.0,2012
35,Scott HartnellPHI,LW,11,3,5,8,-7,15,17:28,3,4,27,11.1,240,1,4,8,33.3,0,0,0.0,2012
35,Jaromir JagrPHI,RW,11,1,7,8,-5,2,14:59,0,6,26,3.8,230,1,0,1,0.0,0,0,0.0,2012
35,Rostislav KleslaPHX,D,15,2,6,8,-2,4,18:36,0,0,24,8.3,397,0,0,0,0.0,0,0,0.0,2012
35,Sidney CrosbyPIT,C,6,3,5,8,-3,9,20:36,0,3,13,23.1,137,0,74,61,54.8,0,0,0.0,2012
35,Evgeni MalkinPIT,C,6,3,5,8,-1,6,22:15,1,3,26,11.5,139,0,48,43,52.7,0,0,0.0,2012
35,Nicklas BackstromWSH,C,13,2,6,8,2,18,21:31,0,2,25,8.0,323,1,116,117,49.8,0,0,0.0,2012
35,Mikkel BoedkerPHX,LW,16,4,4,8,1,0,16:55,0,1,32,12.5,390,2,1,2,33.3,0,0,0.0,2012
35,Dwight KingLA,LW,20,5,3,8,3,13,12:53,0,1,33,15.2,380,2,0,0,0.0,0,0,0.0,2012
44,Ruslan FedotenkoNYR,LW,20,2,5,7,7,8,15:17,0,0,25,8.0,425,0,8,1,88.9,0,0,0.0,2012
44,Daymond LangkowPHX,C,16,1,6,7,2,4,15:24,0,0,17,5.9,346,0,81,115,41.3,0,0,0.0,2012
44,Ray WhitneyPHX,LW,16,2,5,7,-1,10,19:07,0,3,34,5.9,404,1,11,21,34.4,0,0,0.0,2012
44,Jason ChimeraWSH,LW,14,4,3,7,5,6,13:42,0,0,28,14.3,262,1,8,2,80.0,0,0,0.0,2012
44,Brooks LaichWSH,C,14,2,5,7,1,6,20:13,0,1,26,7.7,375,0,113,120,48.5,0,0,0.0,2012
44,Steve BernierNJ,RW,24,2,5,7,3,27,10:21,0,0,22,9.1,387,0,2,3,40.0,0,0,0.0,2012
44,Ryan CarterNJ,C,23,5,2,7,4,32,8:42,0,0,21,23.8,322,2,17,11,60.7,0,0,0.0,2012
1,David KrejciBOS,C,22,9,17,26,13,14,22:15,1,2,56,16.1,586,2,149,181,45.2,0,0,0.0,2013
2,Nathan HortonBOS,RW,22,7,12,19,20,14,18:29,2,2,38,18.4,532,3,1,1,50.0,0,0,0.0,2013
2,Patrick KaneCHI,RW,23,9,10,19,7,8,20:55,0,1,88,10.2,604,2,1,5,16.7,0,0,0.0,2013
2,Milan LucicBOS,LW,22,7,12,19,12,14,20:56,0,1,42,16.7,547,0,18,16,52.9,0,0,0.0,2013
5,Bryan BickellCHI,LW,23,9,8,17,11,14,15:22,1,0,49,18.4,509,2,1,2,33.3,0,0,0.0,2013
6,Marian HossaCHI,RW,22,7,9,16,8,2,19:56,3,3,70,10.0,632,2,0,1,0.0,0,0,0.0,2013
6,Patrick SharpCHI,LW,23,10,6,16,1,8,18:15,2,2,91,11.0,537,2,32,28,53.3,0,0,0.0,2013
6,Evgeni MalkinPIT,C,15,4,12,16,-2,26,20:29,0,6,67,6.0,347,1,79,90,46.7,0,0,0.0,2013
6,Kris LetangPIT,D,15,3,13,16,2,8,27:37,2,7,49,6.1,454,1,0,0,0.0,0,0,0.0,2013
10,Zdeno CharaBOS,D,22,3,12,15,7,20,29:31,0,4,55,5.5,784,0,0,0,0.0,0,0,0.0,2013
10,Patrice BergeronBOS,C,22,9,6,15,2,13,20:43,4,0,71,12.7,631,2,304,190,61.5,0,0,0.0,2013
10,Sidney CrosbyPIT,C,14,7,8,15,-3,8,23:05,2,5,59,11.9,365,0,172,172,50.0,0,0,0.0,2013
13,Jonathan ToewsCHI,C,23,3,11,14,9,18,21:33,1,3,70,4.3,687,0,268,237,53.1,0,0,0.0,2013
14,Duncan KeithCHI,D,22,2,11,13,10,18,27:37,0,5,51,3.9,745,0,0,0,0.0,0,0,0.0,2013
14,Jeff CarterLA,C,18,6,7,13,6,14,19:37,1,3,56,10.7,480,0,77,91,45.8,0,0,0.0,2013
14,Brad MarchandBOS,LW,22,4,9,13,4,21,19:34,0,3,57,7.0,584,1,4,11,26.7,0,0,0.0,2013
14,Slava VoynovLA,D,18,6,7,13,9,0,21:54,0,2,34,17.6,548,4,0,0,0.0,0,0,0.0,2013
18,Jarome IginlaPIT,RW,15,4,8,12,-4,16,15:45,2,3,34,11.8,305,0,6,9,40.0,0,0,0.0,2013
18,Henrik ZetterbergDET,C,14,4,8,12,3,8,19:58,1,2,58,6.9,368,1,62,67,48.1,0,0,0.0,2013
18,Mike RichardsLA,C,15,3,9,12,5,8,19:08,1,4,23,13.0,415,0,102,101,50.2,0,0,0.0,2013
18,Joe PavelskiSJ,C,11,4,8,12,0,0,21:12,3,5,36,11.1,328,0,90,77,53.9,0,0,0.0,2013
18,Derick BrassardNYR,C,12,2,10,12,1,2,18:54,1,2,22,9.1,266,1,82,82,50.0,0,0,0.0,2013
23,Michal HandzusCHI,C,23,3,8,11,7,6,16:03,0,0,17,17.6,551,0,156,180,46.4,0,0,0.0,2013
23,Pascal DupuisPIT,RW,15,7,4,11,2,12,18:52,0,0,37,18.9,372,0,0,4,0.0,0,0,0.0,2013
23,Paul MartinPIT,D,15,2,9,11,5,4,26:38,1,3,23,8.7,462,0,0,0,0.0,0,0,0.0,2013
23,Logan CoutureSJ,C,11,5,6,11,-6,0,20:31,5,3,33,15.2,312,3,76,50,60.3,0,0,0.0,2013
27,Daniel AlfredssonOTT,RW,10,4,6,10,5,6,19:09,3,2,27,14.8,261,0,3,9,25.0,0,0,0.0,2013
27,Daniel ClearyDET,LW,14,4,6,10,-1,2,16:47,1,1,20,20.0,339,0,1,3,25.0,0,0,0.0,2013
27,Jaromir JagrBOS,RW,22,0,10,10,-1,8,17:55,0,3,58,0.0,506,0,0,0,0.0,0,0,0.0,2013
27,Joe ThorntonSJ,C,11,2,8,10,5,2,20:16,1,5,25,8.0,310,0,121,91,57.1,0,0,0.0,2013
27,Chris KunitzPIT,LW,15,5,5,10,-1,6,18:18,3,0,32,15.6,341,1,1,1,50.0,0,0,0.0,2013
27,James NealPIT,LW,13,6,4,10,-3,8,17:42,2,0,51,11.8,289,1,0,3,0.0,0,0,0.0,2013
27,Michael FrolikCHI,RW,23,3,7,10,1,6,13:09,0,0,46,6.5,503,1,3,13,18.8,0,0,0.0,2013
34,Justin WilliamsLA,RW,18,6,3,9,0,8,18:35,1,0,57,10.5,445,2,1,1,50.0,0,0,0.0,2013
34,Pavel DatsyukDET,C,14,3,6,9,2,4,20:58,0,2,39,7.7,394,0,181,144,55.7,0,0,0.0,2013
34,Daniel PailleBOS,LW,22,4,5,9,4,0,12:31,0,0,27,14.8,407,3,1,1,50.0,0,0,0.0,2013
34,Anze KopitarLA,C,18,3,6,9,-2,12,21:14,1,3,32,9.4,485,1,174,161,51.9,0,0,0.0,2013
34,Kyle TurrisOTT,C,10,6,3,9,2,13,19:57,1,0,29,20.7,264,1,120,97,55.3,0,0,0.0,2013
34,Andrew ShawCHI,RW,23,5,4,9,2,35,14:49,1,0,36,13.9,460,2,85,95,47.2,0,0,0.0,2013
34,Damien BrunnerDET,RW,14,5,4,9,2,4,13:06,0,3,31,16.1,257,1,2,4,33.3,0,0,0.0,2013
41,Dan BoyleSJ,D,11,3,5,8,-3,2,22:11,1,4,26,11.5,281,1,0,0,0.0,0,0,0.0,2013
41,Patrick MarleauSJ,C,11,5,3,8,0,2,21:17,1,3,41,12.2,323,1,14,9,60.9,0,0,0.0,2013
41,Johnny OduyaCHI,D,23,3,5,8,12,16,22:44,0,0,30,10.0,732,1,0,0,0.0,0,0,0.0,2013
41,Erik KarlssonOTT,D,10,1,7,8,0,6,26:44,0,3,28,3.6,267,0,0,0,0.0,0,0,0.0,2013
41,Tyler SeguinBOS,C,22,1,7,8,-2,4,16:03,0,3,70,1.4,484,0,4,9,30.8,0,0,0.0,2013
46,Johnny BoychukBOS,D,22,6,1,7,4,10,23:55,0,0,63,9.5,706,1,0,0,0.0,0,0,0.0,2013
46,Gregory CampbellBOS,C,15,3,4,7,7,11,11:35,0,0,20,15.0,257,1,52,51,50.5,0,0,0.0,2013
46,James van RiemsdykTOR,LW,7,2,5,7,-1,4,19:41,1,2,33,6.1,178,0,2,6,25.0,0,0,0.0,2013
46,Erik CondraOTT,RW,10,1,6,7,-1,2,13:36,1,1,14,7.1,212,0,1,3,25.0,0,0,0.0,2013
46,Mats ZuccarelloNYR,RW,12,1,6,7,-2,4,16:21,0,3,22,4.5,239,0,0,2,0.0,0,0,0.0,2013
1,Anze KopitarLA,C,26,5,21,26,9,14,21:13,1,6,46,10.9,717,1,301,266,53.1,0,0,0.0,2014
2,Justin WilliamsLA,RW,26,9,16,25,13,35,16:48,2,2,67,13.4,599,2,3,2,60.0,0,0,0.0,2014
2,Jeff CarterLA,C,26,10,15,25,5,4,18:15,4,4,73,13.7,664,1,139,150,48.1,0,0,0.0,2014
4,Marian GaborikLA,RW,26,14,8,22,6,6,17:45,3,5,78,17.9,602,1,0,0,0.0,0,0,0.0,2014
5,Patrick KaneCHI,RW,19,8,12,20,5,8,21:22,1,4,58,13.8,506,4,0,2,0.0,0,0,0.0,2014
6,Drew DoughtyLA,D,26,5,13,18,2,30,28:45,1,9,60,8.3,923,1,0,0,0.0,0,0,0.0,2014
7,Jonathan ToewsCHI,C,19,9,8,17,3,8,21:42,2,3,33,27.3,597,4,261,218,54.5,0,0,0.0,2014
7,Ryan McDonaghNYR,D,25,4,13,17,-1,8,26:48,2,5,46,8.7,866,0,0,0,0.0,0,0,0.0,2014
9,Brandon SaadCHI,LW,19,6,10,16,10,6,17:30,1,2,35,17.1,458,1,14,29,32.6,0,0,0.0,2014
10,Martin St. LouisNYR,RW,25,8,7,15,-5,2,19:15,2,4,55,14.5,679,3,1,1,50.0,0,0,0.0,2014
10,Ryan GetzlafANA,C,12,4,11,15,-2,10,21:25,1,5,32,12.5,327,0,89,137,39.4,0,0,0.0,2014
10,Brent SeabrookCHI,D,16,3,12,15,0,21,23:22,2,4,24,12.5,509,0,0,0,0.0,0,0,0.0,2014
10,Derek StepanNYR,C,24,5,10,15,-1,2,19:46,2,4,50,10.0,689,0,215,295,42.2,0,0,0.0,2014
14,Marian HossaCHI,RW,19,2,12,14,0,8,20:25,1,2,75,2.7,566,0,0,0,0.0,0,0,0.0,2014
14,Dustin BrownLA,RW,26,6,8,14,7,22,16:57,1,0,64,9.4,653,2,3,6,33.3,0,0,0.0,2014
14,Zach PariseMIN,LW,13,4,10,14,-3,6,20:28,2,1,49,8.2,365,1,1,2,33.3,0,0,0.0,2014
14,Evgeni MalkinPIT,C,13,6,8,14,6,8,21:00,1,1,40,15.0,312,1,42,50,45.7,0,0,0.0,2014
14,P.K. SubbanMTL,D,17,5,9,14,1,24,27:26,4,5,50,10.0,540,1,0,0,0.0,0,0,0.0,2014
14,Tyler ToffoliLA,RW,26,7,7,14,6,10,13:18,0,2,65,10.8,512,2,0,0,0.0,0,0,0.0,2014
20,Lars EllerMTL,C,17,5,8,13,6,18,16:27,0,0,23,21.7,415,1,117,154,43.2,0,0,0.0,2014
20,Mats ZuccarelloNYR,RW,25,5,8,13,7,20,17:40,0,3,54,9.3,646,0,1,2,33.3,0,0,0.0,2014
20,Chris KreiderNYR,LW,15,5,8,13,-2,14,16:48,3,2,29,17.2,390,1,0,2,0.0,0,0,0.0,2014
23,Brad RichardsNYR,C,25,5,7,12,-2,4,17:00,2,3,74,6.8,547,2,140,156,47.3,0,0,0.0,2014
23,Derick BrassardNYR,C,23,6,6,12,4,8,15:46,0,3,45,13.3,554,2,158,177,47.2,0,0,0.0,2014
23,Jake MuzzinLA,D,26,6,6,12,6,8,23:23,3,3,48,12.5,876,1,0,0,0.0,0,0,0.0,2014
23,Carl HagelinNYR,LW,25,7,5,12,0,16,15:58,0,0,56,12.5,615,1,1,1,50.0,0,0,0.0,2014
23,Tanner PearsonLA,LW,24,4,8,12,10,8,12:16,0,0,53,7.5,466,0,0,2,0.0,0,0,0.0,2014
28,Corey PerryANA,RW,13,4,7,11,-2,19,19:41,2,2,38,10.5,325,0,0,3,0.0,0,0,0.0,2014
28,Duncan KeithCHI,D,19,4,7,11,7,8,27:49,0,2,27,14.8,631,1,0,0,0.0,0,0,0.0,2014
28,Rene BourqueMTL,RW,17,8,3,11,4,27,14:40,0,0,51,15.7,362,2,0,2,0.0,0,0,0.0,2014
28,Max PaciorettyMTL,LW,17,5,6,11,-1,8,19:18,1,4,55,9.1,449,2,1,3,25.0,0,0,0.0,2014
28,Dwight KingLA,LW,26,3,8,11,5,20,14:56,0,0,32,9.4,552,0,2,2,50.0,0,0,0.0,2014
28,Brendan GallagherMTL,RW,17,4,7,11,0,6,16:36,1,1,38,10.5,415,0,5,4,55.6,0,0,0.0,2014
34,Andrei MarkovMTL,D,17,1,9,10,-4,10,25:59,0,7,31,3.2,543,0,0,0,0.0,0,0,0.0,2014
34,Rick NashNYR,LW,25,3,7,10,-1,8,17:25,1,1,83,3.6,701,1,0,0,0.0,0,0,0.0,2014
34,Patrick SharpCHI,LW,19,5,5,10,-2,6,18:35,1,1,60,8.3,458,0,16,21,43.2,0,0,0.0,2014
34,Mike RichardsLA,C,26,3,7,10,-6,17,15:32,0,2,43,7.0,621,1,180,154,53.9,0,0,0.0,2014
34,Thomas VanekMTL,LW,17,5,5,10,-4,4,14:52,3,1,28,17.9,354,0,3,7,30.0,0,0,0.0,2014
34,Jussi JokinenPIT,LW,13,7,3,10,5,10,15:43,1,0,31,22.6,291,3,14,13,51.9,0,0,0.0,2014
34,Benoit PouliotNYR,LW,25,5,5,10,8,26,15:42,1,0,40,12.5,599,1,8,9,47.1,0,0,0.0,2014
34,Bryan BickellCHI,LW,19,7,3,10,1,8,16:16,2,0,44,15.9,449,0,2,2,50.0,0,0,0.0,2014
34,Paul StastnyCOL,C,7,5,5,10,-1,4,22:13,1,0,13,38.5,209,1,78,82,48.8,0,0,0.0,2014
34,Alec MartinezLA,D,26,5,5,10,1,12,16:37,2,3,38,13.2,644,3,0,0,0.0,0,0,0.0,2014
34,Torey KrugBOS,D,12,2,8,10,-2,6,19:36,1,4,28,7.1,305,0,0,0,0.0,0,0,0.0,2014
34,Nathan MacKinnonCOL,C,7,2,8,10,2,4,20:33,0,1,18,11.1,181,1,11,16,40.7,0,0,0.0,2014
46,Jason PominvilleMIN,RW,13,2,7,9,-3,0,18:15,0,2,32,6.3,320,0,11,13,45.8,0,0,0.0,2014
46,Tomas PlekanecMTL,C,17,4,5,9,-7,8,20:19,0,2,42,9.5,498,1,193,195,49.7,0,0,0.0,2014
46,Patrice BergeronBOS,C,12,3,6,9,1,4,19:41,0,4,40,7.5,338,0,174,129,57.4,0,0,0.0,2014
46,Sidney CrosbyPIT,C,13,1,8,9,-4,4,21:18,0,4,38,2.6,331,1,157,138,53.2,0,0,0.0,2014
46,Matt NiskanenPIT,D,13,2,7,9,-2,8,19:53,2,4,24,8.3,329,0,0,0,0.0,0,0,0.0,2014
1,Patrick KaneCHI,RW,23,11,12,23,7,0,20:23,2,5,64,17.2,646,3,0,1,0.0,0,0,0.0,2015
1,Tyler JohnsonTB,C,26,13,10,23,7,24,18:30,2,5,60,21.7,668,4,176,178,49.7,0,0,0.0,2015
3,Nikita KucherovTB,RW,26,10,12,22,7,14,16:59,3,5,57,17.5,613,3,0,0,0.0,0,0,0.0,2015
4,Duncan KeithCHI,D,23,3,18,21,16,4,31:06,0,5,59,5.1,870,3,0,0,0.0,0,0,0.0,2015
4,Jonathan ToewsCHI,C,23,10,11,21,7,8,20:54,3,2,61,16.4,701,0,296,232,56.1,0,0,0.0,2015
6,Ryan GetzlafANA,C,16,2,18,20,6,6,22:25,2,3,48,4.2,468,0,177,169,51.2,0,0,0.0,2015
7,Corey PerryANA,RW,16,10,8,18,6,14,19:54,2,2,64,15.6,415,2,0,2,0.0,0,0,0.0,2015
7,Alex KillornTB,LW,26,9,9,18,3,12,20:10,1,2,66,13.6,703,2,2,9,18.2,0,0,0.0,2015
7,Steven StamkosTB,C,26,7,11,18,2,20,18:33,2,6,65,10.8,609,1,116,111,51.1,0,0,0.0,2015
7,Jakob SilfverbergANA,RW,16,4,14,18,6,16,19:01,1,3,41,9.8,459,1,1,5,16.7,0,0,0.0,2015
11,Marian HossaCHI,RW,23,4,13,17,7,10,19:51,1,3,69,5.8,668,2,3,0,100.0,0,0,0.0,2015
12,Derick BrassardNYR,C,19,9,7,16,9,20,17:48,2,3,55,16.4,480,1,157,180,46.6,0,0,0.0,2015
12,Ondrej PalatTB,LW,26,8,8,16,5,12,19:10,4,2,43,18.6,678,0,24,43,35.8,0,0,0.0,2015
14,Patrick SharpCHI,LW,23,5,10,15,2,8,15:34,1,3,64,7.8,528,0,5,8,38.5,0,0,0.0,2015
15,Brad RichardsCHI,C,23,3,11,14,4,8,16:43,1,3,50,6.0,558,0,151,153,49.7,0,0,0.0,2015
15,Rick NashNYR,LW,19,5,9,14,8,4,18:30,2,1,69,7.2,532,0,1,0,100.0,0,0,0.0,2015
15,Valtteri FilppulaTB,C,26,4,10,14,-6,4,19:13,2,2,31,12.9,653,1,212,197,51.8,0,0,0.0,2015
15,Victor HedmanTB,D,26,1,13,14,11,6,23:57,1,3,64,1.6,742,0,0,0,0.0,0,0,0.0,2015
19,Ryan KeslerANA,C,16,7,6,13,2,24,20:28,1,1,33,21.2,473,1,221,163,57.6,0,0,0.0,2015
20,Derek StepanNYR,C,19,5,7,12,-1,10,19:31,2,2,48,10.4,514,1,130,184,41.4,0,0,0.0,2015
20,Andrew ShawCHI,RW,23,5,7,12,-4,36,15:33,2,2,45,11.1,553,0,85,85,50.0,0,0,0.0,2015
22,Brent SeabrookCHI,D,23,7,4,11,5,10,26:17,1,0,44,15.9,855,1,0,0,0.0,0,0,0.0,2015
22,Keith YandleNYR,D,19,2,9,11,7,10,18:00,0,4,32,6.3,472,0,0,0,0.0,0,0,0.0,2015
22,Pat MaroonANA,LW,16,7,4,11,4,6,17:55,3,1,42,16.7,391,1,3,5,37.5,0,0,0.0,2015
22,Brandon SaadCHI,LW,23,8,3,11,5,6,20:16,0,0,59,13.6,696,2,6,4,60.0,0,0,0.0,2015
22,Sami VatanenANA,D,16,3,8,11,5,8,21:13,0,4,35,8.6,484,0,0,0,0.0,0,0,0.0,2015
27,Dan BoyleNYR,D,19,3,7,10,-3,2,19:48,1,5,32,9.4,535,1,0,0,0.0,0,0,0.0,2015
27,Zach PariseMIN,LW,10,4,6,10,0,4,18:53,1,3,20,20.0,247,0,0,1,0.0,0,0,0.0,2015
27,Cam FowlerANA,D,16,2,8,10,5,2,23:07,0,5,28,7.1,501,0,0,0,0.0,0,0,0.0,2015
27,Teuvo TeravainenCHI,RW,18,4,6,10,2,0,13:28,1,0,26,15.4,383,1,1,9,10.0,0,0,0.0,2015
27,Hampus LindholmANA,D,16,2,8,10,2,10,23:15,0,2,21,9.5,491,0,0,0,0.0,0,0,0.0,2015
32,Francois BeaucheminANA,D,16,0,9,9,4,2,25:24,0,3,25,0.0,513,0,0,0,0.0,0,0,0.0,2015
32,Joel WardWSH,RW,14,3,6,9,1,2,19:02,0,0,39,7.7,366,1,4,3,57.1,0,0,0.0,2015
32,Alex OvechkinWSH,LW,14,5,4,9,-3,6,19:57,1,1,61,8.2,351,0,1,0,100.0,0,0,0.0,2015
32,Andrew CoglianoANA,C,16,3,6,9,9,4,16:15,0,0,47,6.4,419,0,8,13,38.1,0,0,0.0,2015
32,Anton StralmanTB,D,26,1,8,9,1,8,22:30,0,3,52,1.9,709,0,0,0,0.0,0,0,0.0,2015
32,Matt BeleskeyANA,LW,16,8,1,9,-4,2,15:59,3,0,45,17.8,385,3,1,1,50.0,0,0,0.0,2015
32,Ryan McDonaghNYR,D,19,3,6,9,2,8,23:30,2,1,33,9.1,576,2,0,0,0.0,0,0,0.0,2015
32,Chris KreiderNYR,LW,19,7,2,9,-1,14,17:14,2,0,38,18.4,468,2,0,1,0.0,0,0,0.0,2015
32,Johnny GaudreauCGY,LW,11,4,5,9,-2,6,19:10,2,3,24,16.7,276,0,0,0,0.0,0,0,0.0,2015
41,Jiri HudlerCGY,RW,11,4,4,8,-2,2,16:21,3,1,15,26.7,276,1,1,0,100.0,0,0,0.0,2015
41,Ryan CallahanTB,RW,25,2,6,8,3,14,16:52,1,1,56,3.6,571,0,3,5,37.5,0,0,0.0,2015
41,Nicklas BackstromWSH,C,14,3,5,8,-3,2,21:35,1,0,24,12.5,392,1,182,129,58.5,0,0,0.0,2015
41,P.K. SubbanMTL,D,12,1,7,8,1,31,26:45,0,1,36,2.8,364,0,0,0,0.0,0,0,0.0,2015
41,Kevin ShattenkirkSTL,D,6,0,8,8,2,2,22:55,0,1,13,0.0,162,0,0,0,0.0,0,0,0.0,2015
41,J.T. MillerNYR,C,19,1,7,8,3,2,14:38,0,2,32,3.1,383,0,30,25,54.5,0,0,0.0,2015
47,Martin St. LouisNYR,RW,19,1,6,7,-1,4,16:30,1,2,32,3.1,449,0,5,6,45.5,0,0,0.0,2015
47,Jason ChimeraWSH,LW,14,3,4,7,4,4,15:35,0,0,35,8.6,318,1,3,8,27.3,0,0,0.0,2015
47,Antoine VermetteCHI,C,20,4,3,7,5,4,13:07,0,0,16,25.0,422,3,166,116,58.9,0,0,0.0,2015
47,Dennis WidemanCGY,D,11,0,7,7,-2,12,26:28,0,3,18,0.0,361,0,0,0,0.0,0,0,0.0,2015
1,Logan CoutureSJ,C,24,10,20,30,5,8,19:21,4,7,65,15.4,670,2,127,167,43.2,0,0,0.0,2016
2,Brent BurnsSJ,D,24,7,17,24,11,12,25:07,4,6,77,9.1,709,0,0,0,0.0,0,0,0.0,2016
3,Joe PavelskiSJ,C,24,14,9,23,1,4,20:46,5,4,74,18.9,653,4,176,161,52.2,0,0,0.0,2016
4,Phil KesselPIT,C,24,10,12,22,5,4,17:46,5,6,98,10.2,560,0,0,0,0.0,0,0,0.0,2016
5,Joe ThorntonSJ,C,24,3,18,21,2,10,19:39,1,6,34,8.8,630,1,127,120,51.4,0,0,0.0,2016
6,Sidney CrosbyPIT,C,24,6,13,19,-2,4,20:26,3,6,69,8.7,662,3,295,268,52.4,0,0,0.0,2016
6,Nikita KucherovTB,RW,17,11,8,19,13,8,20:08,3,1,51,21.6,444,0,0,0,0.0,0,0,0.0,2016
8,Evgeni MalkinPIT,C,23,6,12,18,1,18,17:30,4,5,72,8.3,536,1,110,117,48.5,0,0,0.0,2016
8,Nick BoninoPIT,C,24,4,14,18,9,12,17:12,0,3,41,9.8,633,2,199,211,48.5,0,0,0.0,2016
10,Tyler JohnsonTB,C,17,7,10,17,9,12,17:46,0,4,33,21.2,406,3,125,161,43.7,0,0,0.0,2016
11,Carl HagelinPIT,LW,24,6,10,16,9,14,16:22,1,0,59,10.2,597,1,1,4,20.0,0,0,0.0,2016
12,Kris LetangPIT,D,23,3,12,15,6,22,28:52,0,5,70,4.3,807,1,0,0,0.0,0,0,0.0,2016
12,Jamie BennDAL,LW,13,5,10,15,2,10,21:21,0,4,32,15.6,376,1,16,12,57.1,0,0,0.0,2016
12,Vladimir TarasenkoSTL,RW,20,9,6,15,-5,2,18:00,1,5,62,14.5,549,0,1,1,50.0,0,0,0.0,2016
12,Robby FabbriSTL,C,20,4,11,15,1,6,14:21,2,3,28,14.3,423,0,2,1,66.7,0,0,0.0,2016
16,David BackesSTL,RW,20,7,7,14,1,8,18:40,3,1,36,19.4,573,3,101,115,46.8,0,0,0.0,2016
16,Victor HedmanTB,D,17,4,10,14,2,14,27:26,2,2,46,8.7,527,1,0,0,0.0,0,0,0.0,2016
16,Jaden SchwartzSTL,C,20,4,10,14,-5,6,18:08,3,2,36,11.1,571,1,25,26,49.0,0,0,0.0,2016
16,Jonathan DrouinTB,LW,17,5,9,14,-1,14,17:02,1,5,35,14.3,371,1,6,4,60.0,0,0,0.0,2016
20,Patrick MarleauSJ,C,24,5,8,13,4,8,16:47,1,5,41,12.2,587,1,44,51,46.3,0,0,0.0,2016
20,Jason SpezzaDAL,C,13,5,8,13,0,2,17:35,1,4,34,14.7,318,2,94,103,47.7,0,0,0.0,2016
20,Joel WardSJ,RW,24,7,6,13,2,16,15:52,1,2,35,20.0,588,1,54,84,39.1,0,0,0.0,2016
20,Troy BrouwerSTL,RW,20,8,5,13,-1,26,18:58,3,1,35,22.9,590,1,2,3,40.0,0,0,0.0,2016
20,Paul StastnySTL,C,20,3,10,13,-4,16,20:05,1,3,39,7.7,601,1,255,181,58.5,0,0,0.0,2016
20,Patric HornqvistPIT,RW,24,9,4,13,-5,10,17:22,2,1,80,11.3,594,1,0,1,0.0,0,0,0.0,2016
20,Alex KillornTB,LW,17,5,8,13,6,42,18:19,0,1,35,14.3,429,2,2,5,28.6,0,0,0.0,2016
20,Colin WilsonNSH,C,14,5,8,13,8,0,16:59,0,0,27,18.5,339,0,2,5,28.6,0,0,0.0,2016
28,Chris KunitzPIT,LW,24,4,8,12,2,15,14:19,2,2,50,8.0,528,0,1,1,50.0,0,0,0.0,2016
28,Alex OvechkinWSH,LW,12,5,7,12,3,2,21:19,3,4,62,8.1,288,1,0,0,0.0,0,0,0.0,2016
28,Marc-Edouard VlasicSJ,D,24,1,11,12,14,12,23:33,0,3,40,2.5,722,0,0,0,0.0,0,0,0.0,2016
28,John CarlsonWSH,D,12,5,7,12,-2,4,26:53,4,4,49,10.2,391,1,0,0,0.0,0,0,0.0,2016
28,Joonas DonskoiSJ,RW,24,6,6,12,0,4,15:32,0,1,35,17.1,574,2,0,0,0.0,0,0,0.0,2016
33,Nicklas BackstromWSH,C,12,2,9,11,3,8,20:02,0,6,24,8.3,309,1,109,120,47.6,0,0,0.0,2016
33,Kevin ShattenkirkSTL,D,20,2,9,11,-8,19,21:03,0,6,38,5.3,552,0,0,0,0.0,0,0,0.0,2016
33,John TavaresNYI,C,11,6,5,11,-3,6,22:53,2,3,40,15.0,293,2,123,94,56.7,0,0,0.0,2016
33,Tomas HertlSJ,C,20,6,5,11,8,4,17:47,2,0,50,12.0,508,1,15,12,55.6,0,0,0.0,2016
37,Alex SteenSTL,LW,20,4,6,10,-2,30,21:20,1,4,39,10.3,646,1,29,69,29.6,0,0,0.0,2016
37,Alex PietrangeloSTL,D,20,2,8,10,3,16,28:48,0,3,36,5.6,689,0,0,0,0.0,0,0,0.0,2016
37,T.J. OshieWSH,RW,12,6,4,10,2,11,19:00,2,2,32,18.8,288,2,35,24,59.3,0,0,0.0,2016
37,Ondrej PalatTB,LW,17,4,6,10,0,14,19:28,2,1,34,11.8,448,2,0,2,0.0,0,0,0.0,2016
37,Conor ShearyPIT,LW,23,4,6,10,-1,8,13:57,0,1,38,10.5,473,1,0,1,0.0,0,0,0.0,2016
42,Patrik BerglundSTL,C,20,4,5,9,4,4,14:46,0,0,37,10.8,473,0,48,54,47.1,0,0,0.0,2016
42,Roman JosiNSH,D,14,1,8,9,-6,12,27:57,0,2,42,2.4,481,0,0,0,0.0,0,0,0.0,2016
42,Jori LehteraSTL,C,20,3,6,9,0,10,15:40,0,0,29,10.3,507,1,125,120,51.0,0,0,0.0,2016
42,Bryan RustPIT,RW,23,6,3,9,7,6,11:30,0,0,34,17.6,421,1,3,2,60.0,0,0,0.0,2016
42,Chris TierneySJ,C,24,5,4,9,8,6,14:45,0,0,15,33.3,565,0,123,144,46.1,0,0,0.0,2016
47,James NealNSH,LW,14,4,4,8,1,8,21:29,1,0,47,8.5,398,1,0,2,0.0,0,0,0.0,2016
47,Kyle OkposoNYI,RW,11,2,6,8,-3,4,22:03,1,3,44,4.5,291,0,15,11,57.7,0,0,0.0,2016
47,Cody EakinDAL,C,13,1,7,8,-4,8,18:48,0,0,16,6.3,345,1,136,114,54.4,0,0,0.0,2016
47,Ryan JohansenNSH,C,14,4,4,8,0,16,18:42,0,2,23,17.4,360,0,105,100,51.2,0,0,0.0,2016
1,Evgeni MalkinPIT,C,25,10,18,28,9,53,18:03,1,10,60,16.7,610,0,151,171,46.9,0,0,0.0,2017
2,Sidney CrosbyPIT,C,24,8,19,27,4,10,19:23,4,5,63,12.7,625,0,276,285,49.2,0,0,0.0,2017
3,Phil KesselPIT,C,25,8,15,23,12,2,17:32,5,6,68,11.8,580,2,0,5,0.0,0,0,0.0,2017
4,Jake GuentzelPIT,LW,25,13,8,21,1,10,17:29,1,2,52,25.0,612,5,0,3,0.0,0,0,0.0,2017
5,Ryan GetzlafANA,C,17,8,11,19,7,8,24:10,3,1,53,15.1,517,1,143,126,53.2,0,0,0.0,2017
6,Erik KarlssonOTT,D,19,2,16,18,13,10,28:07,0,3,53,3.8,616,2,0,0,0.0,0,0,0.0,2017
7,Filip ForsbergNSH,LW,22,9,7,16,14,14,19:59,1,0,71,12.7,617,0,1,1,50.0,0,0,0.0,2017
7,Leon DraisaitlEDM,C,13,6,10,16,8,19,19:32,1,5,22,27.3,324,1,79,91,46.5,0,0,0.0,2017
9,Bobby RyanOTT,RW,19,6,9,15,1,14,17:13,3,2,42,14.3,443,3,2,5,28.6,0,0,0.0,2017
10,Roman JosiNSH,D,22,6,8,14,2,12,25:45,2,3,76,7.9,704,1,0,0,0.0,0,0,0.0,2017
10,Jakob SilfverbergANA,RW,17,9,5,14,-4,6,19:53,2,1,61,14.8,474,2,0,0,0.0,0,0,0.0,2017
12,Nicklas BackstromWSH,C,13,6,7,13,0,2,20:44,1,4,26,23.1,361,1,135,148,47.7,0,0,0.0,2017
12,Ryan EllisNSH,D,22,5,8,13,4,12,23:25,2,1,48,10.4,679,1,0,0,0.0,0,0,0.0,2017
12,Ryan JohansenNSH,C,14,3,10,13,12,12,20:45,0,1,15,20.0,395,1,165,139,54.3,0,0,0.0,2017
12,Justin SchultzPIT,D,21,4,9,13,3,4,19:44,3,4,26,15.4,572,2,0,0,0.0,0,0,0.0,2017
12,Rickard RakellANA,RW,15,7,6,13,13,0,19:03,0,1,48,14.6,384,0,1,3,25.0,0,0,0.0,2017
12,Viktor ArvidssonNSH,LW,22,3,10,13,3,19,18:39,0,1,49,6.1,586,1,6,3,66.7,0,0,0.0,2017
18,P.K. SubbanNSH,D,22,2,10,12,5,29,25:32,0,6,39,5.1,708,0,0,0,0.0,0,0,0.0,2017
18,T.J. OshieWSH,RW,13,4,8,12,2,4,20:53,2,2,27,14.8,356,1,23,30,43.4,0,0,0.0,2017
18,Colton SissonsNSH,C,22,6,6,12,7,16,15:03,1,2,28,21.4,512,2,129,135,48.9,0,0,0.0,2017
21,Chris KunitzPIT,LW,20,2,9,11,6,27,14:51,0,1,28,7.1,453,1,1,5,16.7,0,0,0.0,2017
21,Corey PerryANA,RW,17,4,7,11,4,34,17:52,1,0,43,9.3,423,3,0,1,0.0,0,0,0.0,2017
21,Derick BrassardOTT,C,19,4,7,11,-3,8,18:11,0,4,49,8.2,479,0,135,137,49.6,0,0,0.0,2017
21,Mark LetestuEDM,C,13,5,6,11,-4,2,17:35,4,4,33,15.2,335,0,90,109,45.2,0,0,0.0,2017
21,Mike HoffmanOTT,LW,19,6,5,11,3,10,18:22,1,0,49,12.2,454,1,0,2,0.0,0,0,0.0,2017
21,Mattias EkholmNSH,D,22,1,10,11,6,38,25:20,1,2,33,3.0,714,0,0,0,0.0,0,0,0.0,2017
27,Kyle TurrisOTT,C,19,4,6,10,2,25,21:18,0,3,46,8.7,518,1,197,166,54.3,0,0,0.0,2017
27,Evgeny KuznetsovWSH,C,13,5,5,10,-1,8,19:49,0,3,43,11.6,319,1,83,105,44.1,0,0,0.0,2017
27,Jean-Gabriel PageauOTT,C,19,8,2,10,5,16,18:18,0,0,44,18.2,507,1,184,155,54.3,0,0,0.0,2017
30,Matt CullenPIT,C,25,2,7,9,-1,24,14:19,0,0,22,9.1,575,0,180,139,56.4,0,0,0.0,2017
30,Justin WilliamsWSH,RW,13,3,6,9,0,6,18:38,1,2,29,10.3,318,1,6,3,66.7,0,0,0.0,2017
30,Clarke MacArthurOTT,LW,19,3,6,9,5,12,15:10,2,0,32,9.4,379,1,3,5,37.5,0,0,0.0,2017
30,James NealNSH,LW,22,6,3,9,-8,14,17:54,1,0,67,9.0,526,2,1,0,100.0,0,0,0.0,2017
30,Patric HornqvistPIT,RW,19,5,4,9,6,18,14:16,1,1,44,11.4,398,1,3,1,75.0,0,0,0.0,2017
30,Ian ColePIT,D,25,0,9,9,2,22,18:50,0,0,23,0.0,696,0,0,0,0.0,0,0,0.0,2017
30,Cam FowlerANA,D,13,2,7,9,-6,2,26:30,0,2,26,7.7,402,0,0,0,0.0,0,0,0.0,2017
30,Austin WatsonNSH,LW,22,4,5,9,3,28,13:40,0,0,28,14.3,464,0,1,2,33.3,0,0,0.0,2017
30,Jaden SchwartzSTL,C,11,4,5,9,4,2,21:32,1,0,33,12.1,300,3,3,6,33.3,0,0,0.0,2017
30,Mika ZibanejadNYR,C,12,2,7,9,4,0,17:52,0,1,34,5.9,335,1,102,116,46.8,0,0,0.0,2017
30,Bryan RustPIT,RW,23,7,2,9,5,10,15:56,0,0,42,16.7,569,2,0,2,0.0,0,0,0.0,2017
30,Connor McDavidEDM,C,13,5,4,9,3,2,22:24,1,3,37,13.5,362,0,39,70,35.8,0,0,0.0,2017
42,Ryan KeslerANA,C,17,1,7,8,-6,32,21:21,0,4,45,2.2,492,0,207,171,54.8,0,0,0.0,2017
42,Ron HainseyPIT,D,25,2,6,8,5,6,21:06,0,0,29,6.9,747,0,0,0,0.0,0,0,0.0,2017
42,Alex OvechkinWSH,LW,13,5,3,8,-4,8,19:29,2,2,49,10.2,322,0,0,0,0.0,0,0,0.0,2017
42,Pat MaroonEDM,LW,13,3,5,8,2,28,17:21,1,0,33,9.1,291,1,0,0,0.0,0,0,0.0,2017
42,Mark StoneOTT,RW,19,5,3,8,5,20,20:41,0,0,43,11.6,500,0,6,3,66.7,0,0,0.0,2017
42,Marcus JohanssonWSH,LW,13,2,6,8,-1,2,19:29,0,1,23,8.7,317,1,1,3,25.0,0,0,0.0,2017
42,Olli MaattaPIT,D,25,2,6,8,8,12,20:36,0,0,35,5.7,740,1,0,0,0.0,0,0,0.0,2017
42,Shea TheodoreANA,D,14,2,6,8,1,4,17:25,0,2,24,8.3,308,0,0,0,0.0,0,0,0.0,2017
50,Alex SteenSTL,LW,10,3,4,7,1,4,19:12,0,2,20,15.0,257,0,13,27,32.5,0,0,0.0,2017
1,Evgeny KuznetsovWSH,C,24,12,20,32,12,16,20:33,3,9,89,13.5,565,2,124,201,38.2,0,0,0.0,2018
2,Alex OvechkinWSH,LW,24,15,12,27,8,8,20:43,6,5,99,15.2,583,2,0,0,0.0,0,0,0.0,2018
3,Nicklas BackstromWSH,C,20,5,18,23,-1,6,20:37,0,13,36,13.9,509,1,167,156,51.7,0,0,0.0,2018
4,Reilly SmithVGK,RW,20,5,17,22,5,10,20:22,1,6,46,10.9,523,1,0,0,0.0,0,0,0.0,2018
5,Sidney CrosbyPIT,C,12,9,12,21,7,6,20:17,1,4,29,31.0,308,0,151,132,53.4,0,0,0.0,2018
5,Blake WheelerWPG,RW,17,3,18,21,2,10,20:20,2,5,49,6.1,424,1,3,1,75.0,0,0,0.0,2018
5,T.J. OshieWSH,RW,24,8,13,21,5,31,20:15,6,5,55,14.5,591,2,33,35,48.5,0,0,0.0,2018
5,Jonathan MarchessaultVGK,C,20,8,13,21,8,10,19:25,1,5,86,9.3,474,2,38,71,34.9,0,0,0.0,2018
5,Jake GuentzelPIT,LW,12,10,11,21,10,8,18:10,2,0,34,29.4,297,2,4,5,44.4,0,0,0.0,2018
10,John CarlsonWSH,D,24,5,15,20,11,8,25:38,4,8,80,6.3,678,0,0,0,0.0,0,0,0.0,2018
10,Mark ScheifeleWPG,C,17,14,6,20,6,10,21:21,4,1,45,31.1,418,1,153,169,47.5,0,0,0.0,2018
10,David PastrnakBOS,RW,12,6,14,20,2,8,19:16,1,5,44,13.6,279,0,0,0,0.0,0,0,0.0,2018
13,Lars EllerWSH,C,24,7,11,18,6,18,16:59,1,3,52,13.5,549,3,167,163,50.6,0,0,0.0,2018
14,Brad MarchandBOS,LW,12,4,13,17,4,16,20:32,1,1,30,13.3,300,1,8,17,32.0,0,0,0.0,2018
14,Nikita KucherovTB,RW,17,7,10,17,-6,10,17:54,2,7,61,11.5,401,3,0,0,0.0,0,0,0.0,2018
16,Patrice BergeronBOS,C,11,6,10,16,6,2,20:17,2,3,46,13.0,282,0,152,117,56.5,0,0,0.0,2018
16,Dustin ByfuglienWPG,D,17,5,11,16,2,20,26:29,0,6,55,9.1,471,1,0,0,0.0,0,0,0.0,2018
16,Steven StamkosTB,C,17,7,9,16,-1,4,17:37,6,6,38,18.4,392,0,86,81,51.5,0,0,0.0,2018
16,Filip ForsbergNSH,LW,13,7,9,16,2,2,17:45,1,5,58,12.1,335,1,0,0,0.0,0,0,0.0,2018
16,Brayden PointTB,C,17,7,9,16,-6,10,18:54,1,5,37,18.9,410,0,59,69,46.1,0,0,0.0,2018
21,Paul StastnyWPG,C,17,6,9,15,5,0,17:23,1,4,23,26.1,359,3,130,115,53.1,0,0,0.0,2018
21,William KarlssonVGK,C,20,7,8,15,8,2,21:40,2,3,50,14.0,526,2,160,170,48.5,0,0,0.0,2018
21,Tom WilsonWSH,RW,21,5,10,15,11,31,17:45,0,0,34,14.7,509,0,5,10,33.3,0,0,0.0,2018
24,Ryan JohansenNSH,C,13,5,9,14,3,2,19:00,1,5,22,22.7,344,0,143,96,59.8,0,0,0.0,2018
25,Logan CoutureSJ,C,10,4,8,12,0,4,20:12,2,4,32,12.5,275,1,17,12,58.6,0,0,0.0,2018
25,Ondrej PalatTB,LW,17,6,6,12,-1,2,15:49,0,1,31,19.4,379,2,0,3,0.0,0,0,0.0,2018
25,Torey KrugBOS,D,11,3,9,12,-5,8,20:16,0,7,33,9.1,273,0,0,0,0.0,0,0,0.0,2018
25,Patrik LaineWPG,RW,17,5,7,12,2,4,17:47,3,3,56,8.9,350,0,2,4,33.3,0,0,0.0,2018
29,James NealVGK,LW,20,6,5,11,0,12,17:05,1,1,64,9.4,418,0,0,0,0.0,0,0,0.0,2018
29,Kris LetangPIT,D,12,3,8,11,0,15,25:15,0,3,25,12.0,364,0,0,0,0.0,0,0,0.0,2018
29,Patric HornqvistPIT,RW,10,5,6,11,-2,22,18:22,2,1,35,14.3,242,0,3,0,100.0,0,0,0.0,2018
29,Victor HedmanTB,D,17,1,10,11,-4,10,26:03,0,6,35,2.9,507,1,0,0,0.0,0,0,0.0,2018
33,David KrejciBOS,C,12,3,7,10,-4,6,17:26,2,2,17,17.6,265,0,85,105,44.7,0,0,0.0,2018
33,Shea TheodoreVGK,D,20,3,7,10,2,8,21:48,1,2,39,7.7,549,1,0,0,0.0,0,0,0.0,2018
33,Alex TuchVGK,RW,20,6,4,10,0,12,15:45,3,2,44,13.6,392,2,33,44,42.9,0,0,0.0,2018
33,Kyle ConnorWPG,LW,17,3,7,10,2,2,17:44,1,0,36,8.3,378,0,0,1,0.0,0,0,0.0,2018
37,Phil KesselPIT,C,12,1,8,9,-5,2,17:43,0,6,18,5.6,256,0,1,1,50.0,0,0,0.0,2018
37,Matt NiskanenWSH,D,24,1,8,9,6,8,25:22,0,0,32,3.1,674,0,0,0,0.0,0,0,0.0,2018
37,David PerronVGK,LW,15,1,8,9,1,10,16:32,0,2,16,6.3,302,0,10,19,34.5,0,0,0.0,2018
37,P.K. SubbanNSH,D,13,4,5,9,-2,10,26:35,4,1,38,10.5,438,1,0,0,0.0,0,0,0.0,2018
37,Brett ConnollyWSH,RW,24,6,3,9,4,6,11:47,1,0,32,18.8,404,0,1,4,20.0,0,0,0.0,2018
37,Sean CouturierPHI,C,5,5,4,9,1,2,22:09,0,2,14,35.7,125,2,47,44,51.6,0,0,0.0,2018
37,Erik HaulaVGK,LW,20,3,6,9,-3,27,16:38,0,2,35,8.6,432,1,134,130,50.8,0,0,0.0,2018
37,Tomas HertlSJ,C,10,6,3,9,2,8,20:09,1,2,34,17.6,272,2,105,77,57.7,0,0,0.0,2018
37,Viktor ArvidssonNSH,LW,13,5,4,9,-1,6,18:05,0,1,45,11.1,324,1,0,5,0.0,0,0,0.0,2018
37,Mitchell MarnerTOR,RW,7,2,7,9,2,4,17:03,0,2,17,11.8,176,1,2,3,40.0,0,0,0.0,2018
47,Evgeni MalkinPIT,C,9,4,4,8,-7,16,18:56,3,3,23,17.4,203,2,38,39,49.4,0,0,0.0,2018
47,Joe PavelskiSJ,C,10,2,6,8,-3,8,21:24,2,4,30,6.7,267,0,79,69,53.4,0,0,0.0,2018
47,Jay BeagleWSH,C,23,2,6,8,7,8,12:42,0,0,12,16.7,481,1,184,122,60.1,0,0,0.0,2018
47,Devante Smith-PellyWSH,RW,24,7,1,8,-2,12,12:01,0,0,29,24.1,424,2,6,8,42.9,0,0,0.0,2018
1,Brad MarchandBOS,LW,24,9,14,23,4,14,20:15,3,9,72,12.5,610,2,9,25,26.5,0,0,0.0,2019
1,Ryan O'ReillySTL,C,26,8,15,23,2,4,21:00,1,4,54,14.8,730,2,308,307,50.1,0,0,0.0,2019
3,Logan CoutureSJ,C,20,14,6,20,3,6,20:08,3,2,67,20.9,565,1,112,128,46.7,0,0,0.0,2019
3,Jaden SchwartzSTL,C,26,12,8,20,9,2,17:28,2,0,63,19.0,635,2,10,7,58.8,0,0,0.0,2019
5,Alex PietrangeloSTL,D,26,3,16,19,5,12,25:44,0,4,77,3.9,895,1,0,0,0.0,0,0,0.0,2019
5,David PastrnakBOS,RW,24,9,10,19,0,4,17:33,3,6,82,11.0,524,2,0,0,0.0,0,0,0.0,2019
7,Torey KrugBOS,D,24,2,16,18,4,10,22:21,2,10,55,3.6,676,0,0,0,0.0,0,0,0.0,2019
8,Patrice BergeronBOS,C,24,9,8,17,4,12,18:42,7,3,87,10.3,620,2,294,207,58.7,0,0,0.0,2019
8,Vladimir TarasenkoSTL,RW,26,11,6,17,-5,4,18:19,5,2,90,12.2,646,2,0,1,0.0,0,0,0.0,2019
10,Brent BurnsSJ,D,20,5,11,16,2,6,28:24,1,4,57,8.8,668,0,0,0,0.0,0,0,0.0,2019
10,David KrejciBOS,C,24,4,12,16,5,8,16:56,0,3,32,12.5,506,1,141,131,51.8,0,0,0.0,2019
10,David PerronSTL,LW,26,7,9,16,4,16,18:11,2,2,58,12.1,614,2,2,3,40.0,0,0,0.0,2019
10,Erik KarlssonSJ,D,19,2,14,16,-3,8,24:44,0,6,51,3.9,569,1,0,0,0.0,0,0,0.0,2019
10,Charlie CoyleBOS,C,24,9,7,16,8,12,15:27,2,2,39,23.1,487,1,122,135,47.5,0,0,0.0,2019
15,Tomas HertlSJ,C,19,10,5,15,2,4,21:51,5,2,59,16.9,548,2,244,190,56.2,0,0,0.0,2019
15,Timo MeierSJ,RW,20,5,10,15,3,34,17:05,0,1,54,9.3,500,1,5,4,55.6,0,0,0.0,2019
17,Mikko RantanenCOL,RW,12,6,8,14,-1,4,21:39,2,3,34,17.6,288,2,0,3,0.0,0,0,0.0,2019
18,Tyler BozakSTL,C,26,5,8,13,-2,8,14:07,1,2,33,15.2,582,2,161,137,54.0,0,0,0.0,2019
18,Nathan MacKinnonCOL,C,12,6,7,13,-4,2,23:42,2,4,57,10.5,312,3,81,103,44.0,0,0,0.0,2019
20,Brayden SchennSTL,C,26,5,7,12,-2,14,18:42,1,2,57,8.8,656,0,150,152,49.7,0,0,0.0,2019
20,Mark StoneVGK,RW,7,6,6,12,2,2,21:34,2,2,16,37.5,183,1,0,3,0.0,0,0,0.0,2019
20,Colton ParaykoSTL,D,26,2,10,12,6,10,25:07,1,2,59,3.4,904,0,0,0,0.0,0,0,0.0,2019
20,Sebastian AhoCAR,C,15,5,7,12,3,2,20:57,2,0,39,12.8,399,0,64,73,46.7,0,0,0.0,2019
24,Max PaciorettyVGK,LW,7,5,6,11,1,4,19:33,2,1,30,16.7,169,1,4,6,40.0,0,0,0.0,2019
24,Tyler SeguinDAL,C,13,4,7,11,3,2,21:01,1,1,49,8.2,405,1,127,115,52.5,0,0,0.0,2019
24,Mats ZuccarelloDAL,RW,13,4,7,11,2,6,17:06,1,1,22,18.2,329,1,0,0,0.0,0,0,0.0,2019
24,Marcus JohanssonBOS,LW,22,4,7,11,0,0,14:01,2,0,36,11.1,393,1,7,6,53.8,0,0,0.0,2019
24,Gustav NyquistSJ,LW,20,1,10,11,1,0,15:32,0,0,23,4.3,453,0,0,1,0.0,0,0,0.0,2019
24,Jaccob SlavinCAR,D,15,0,11,11,5,0,26:09,0,2,28,0.0,472,0,0,0,0.0,0,0,0.0,2019
24,Artemi PanarinCBJ,LW,10,5,6,11,0,0,21:44,1,3,27,18.5,246,0,0,0,0.0,0,0,0.0,2019
24,Jake DeBruskBOS,LW,24,4,7,11,4,10,14:58,1,3,62,6.5,467,1,3,13,18.8,0,0,0.0,2019
32,Joe ThorntonSJ,C,19,4,6,10,-6,6,15:55,0,1,29,13.8,434,0,112,106,51.4,0,0,0.0,2019
32,Alexander RadulovDAL,RW,13,5,5,10,5,8,19:24,2,1,50,10.0,369,1,2,0,100.0,0,0,0.0,2019
32,Jordan StaalCAR,C,15,4,6,10,7,8,19:19,1,2,19,21.1,416,2,175,163,51.8,0,0,0.0,2019
32,Jamie BennDAL,LW,13,2,8,10,2,10,19:49,1,1,43,4.7,373,0,45,43,51.1,0,0,0.0,2019
32,Matt DucheneCBJ,C,10,5,5,10,4,0,16:47,3,1,18,27.8,204,2,73,69,51.4,0,0,0.0,2019
32,Sean KuralyBOS,C,20,4,6,10,4,8,15:38,0,0,52,7.7,459,2,115,113,50.4,0,0,0.0,2019
32,Teuvo TeravainenCAR,RW,15,7,3,10,6,2,19:55,0,1,37,18.9,401,1,11,15,42.3,0,0,0.0,2019
39,Alex OvechkinWSH,LW,7,4,5,9,-2,19,21:48,3,0,22,18.2,178,1,0,0,0.0,0,0,0.0,2019
39,Joe PavelskiSJ,C,13,4,5,9,-3,4,19:39,2,1,26,15.4,328,0,55,60,47.8,0,0,0.0,2019
39,Jordan EberleNYI,RW,8,4,5,9,4,2,16:33,0,4,25,16.0,158,1,1,5,16.7,0,0,0.0,2019
39,John KlingbergDAL,D,13,2,7,9,8,6,24:38,0,2,26,7.7,345,2,0,0,0.0,0,0,0.0,2019
39,Seth JonesCBJ,D,10,3,6,9,0,0,28:32,1,3,27,11.1,349,1,0,0,0.0,0,0,0.0,2019
39,Oskar SundqvistSTL,C,25,4,5,9,5,8,16:08,0,0,44,9.1,592,1,96,108,47.1,0,0,0.0,2019
39,Warren FoegeleCAR,LW,15,5,4,9,6,6,14:26,0,1,21,23.8,330,1,2,1,66.7,0,0,0.0,2019
39,Kevin LabancSJ,RW,20,4,5,9,-7,14,14:50,1,3,34,11.8,409,1,3,4,42.9,0,0,0.0,2019
47,Dustin ByfuglienWPG,D,6,2,6,8,4,4,25:41,0,2,12,16.7,167,0,0,0,0.0,0,0,0.0,2019
47,Marc-Edouard VlasicSJ,D,18,3,5,8,6,4,23:33,0,0,26,11.5,555,1,0,0,0.0,0,0,0.0,2019
47,Paul StastnyVGK,C,7,2,6,8,2,2,20:08,1,2,15,13.3,173,1,83,68,55.0,0,0,0.0,2019
47,Nicklas BackstromWSH,C,7,5,3,8,-4,4,20:57,2,1,18,27.8,183,1,88,79,52.7,0,0,0.0,2019
1,Nikita KucherovTB,RW,25,7,27,34,15,22,21:40,0,12,92,7.6,668,1,0,2,0.0,0,0,0.0,2020
2,Brayden PointTB,C,23,14,19,33,12,10,20:32,4,3,68,20.6,600,3,213,156,57.7,0,0,0.0,2020
3,Miro HeiskanenDAL,D,27,6,20,26,8,2,25:57,2,6,59,10.2,862,0,0,0,0.0,0,0,0.0,2020
4,Nathan MacKinnonCOL,C,15,9,16,25,13,12,21:50,3,6,65,13.8,378,0,93,101,47.9,0,0,0.0,2020
5,Victor HedmanTB,D,25,10,12,22,13,24,26:27,3,7,82,12.2,737,3,0,0,0.0,0,0,0.0,2020
6,John KlingbergDAL,D,26,4,17,21,-5,14,23:20,0,7,50,8.0,733,2,0,0,0.0,0,0,0.0,2020
6,Mikko RantanenCOL,RW,15,7,14,21,11,6,20:04,2,6,55,12.7,351,0,8,10,44.4,0,0,0.0,2020
8,Josh BaileyNYI,RW,22,2,18,20,8,0,19:12,0,6,31,6.5,591,1,4,15,21.1,0,0,0.0,2020
9,Joe PavelskiDAL,C,27,13,6,19,6,30,18:40,3,2,62,21.0,697,0,206,160,56.3,0,0,0.0,2020
9,Jamie BennDAL,LW,27,8,11,19,2,32,17:11,3,1,69,11.6,671,1,140,116,54.7,0,0,0.0,2020
9,Shea TheodoreVGK,D,20,7,12,19,7,8,22:24,3,5,80,8.8,544,1,0,0,0.0,0,0,0.0,2020
12,Alexander RadulovDAL,RW,27,8,10,18,0,24,16:43,2,4,49,16.3,608,4,1,1,50.0,0,0,0.0,2020
12,Nazem KadriCOL,C,15,9,9,18,3,10,18:34,6,2,56,16.1,324,5,124,109,53.2,0,0,0.0,2020
12,Brock NelsonNYI,C,22,9,9,18,4,12,19:20,1,1,57,15.8,584,3,181,162,52.8,0,0,0.0,2020
12,Ondrej PalatTB,LW,25,11,7,18,14,10,20:54,3,2,80,13.8,670,3,7,16,30.4,0,0,0.0,2020
12,J.T. MillerVAN,C,17,6,12,18,3,14,20:35,2,6,31,19.4,489,0,86,69,55.5,0,0,0.0,2020
12,Elias PetterssonVAN,C,17,7,11,18,2,2,19:21,4,6,38,18.4,425,2,39,40,49.4,0,0,0.0,2020
18,Mark StoneVGK,RW,20,7,10,17,-1,6,18:32,1,3,41,17.1,450,1,3,10,23.1,0,0,0.0,2020
18,Andre BurakovskyCOL,LW,15,7,10,17,7,4,13:26,1,2,24,29.2,289,1,1,1,50.0,0,0,0.0,2020
18,Mathew BarzalNYI,C,22,5,12,17,2,10,20:15,1,4,53,9.4,524,1,92,104,46.9,0,0,0.0,2020
18,Denis GurianovDAL,RW,27,9,8,17,0,2,13:53,2,5,54,16.7,558,2,1,1,50.0,0,0,0.0,2020
22,Quinn HughesVAN,D,17,2,14,16,-2,2,22:47,1,8,30,6.7,444,0,0,0,0.0,0,0,0.0,2020
23,Cale MakarCOL,D,15,4,11,15,12,0,23:40,2,4,36,11.1,391,2,0,0,0.0,0,0,0.0,2020
24,Jordan EberleNYI,RW,22,5,9,14,2,10,18:54,2,3,53,9.4,520,2,1,5,16.7,0,0,0.0,2020
24,Reilly SmithVGK,RW,20,5,9,14,2,8,17:38,1,4,47,10.6,467,1,0,2,0.0,0,0,0.0,2020
24,Yanni GourdeTB,C,25,7,7,14,12,19,18:18,2,0,54,13.0,610,2,127,166,43.3,0,0,0.0,2020
24,Anthony BeauvillierNYI,LW,22,9,5,14,6,10,18:33,2,2,67,13.4,552,3,0,2,0.0,0,0,0.0,2020
28,Kevin ShattenkirkTB,D,25,3,10,13,8,6,19:30,1,1,43,7.0,599,2,0,0,0.0,0,0,0.0,2020
28,Tyler SeguinDAL,C,26,2,11,13,1,12,18:31,0,2,69,2.9,699,0,167,147,53.2,0,0,0.0,2020
28,Kevin HayesPHI,C,16,4,9,13,7,2,18:35,0,0,44,9.1,399,0,83,84,49.7,0,0,0.0,2020
28,Gabriel LandeskogCOL,LW,14,2,11,13,7,12,19:43,0,6,35,5.7,304,0,54,49,52.4,0,0,0.0,2020
28,Blake ColemanTB,C,25,5,8,13,6,31,17:53,0,0,65,7.7,631,0,2,2,50.0,0,0,0.0,2020
28,Roope HintzDAL,C,25,2,11,13,-3,10,13:43,1,7,51,3.9,527,0,79,74,51.6,0,0,0.0,2020
34,Sebastian AhoCAR,C,8,3,9,12,6,4,20:38,1,2,15,20.0,211,0,54,67,44.6,0,0,0.0,2020
34,David KrejciBOS,C,13,4,8,12,-5,6,20:26,2,5,23,17.4,304,0,78,75,51.0,0,0,0.0,2020
34,Brad MarchandBOS,LW,13,7,5,12,0,2,21:17,3,2,28,25.0,326,1,5,3,62.5,0,0,0.0,2020
34,Bo HorvatVAN,C,17,10,2,12,0,4,20:36,3,0,48,20.8,472,2,246,171,59.0,0,0,0.0,2020
34,Alex TuchVGK,RW,20,8,4,12,5,8,15:44,1,1,51,15.7,393,3,1,13,7.1,0,0,0.0,2020
39,Ryan O'ReillySTL,C,9,4,7,11,3,0,23:16,2,2,23,17.4,262,1,133,79,62.7,0,0,0.0,2020
39,Anders LeeNYI,LW,22,7,4,11,4,15,18:11,3,1,72,9.7,529,0,38,43,46.9,0,0,0.0,2020
39,Jean-Gabriel PageauNYI,C,22,8,3,11,10,21,17:11,0,0,44,18.2,593,0,208,166,55.6,0,0,0.0,2020
39,Brock BoeserVAN,RW,17,4,7,11,-1,10,18:53,2,4,31,12.9,414,1,2,1,66.7,0,0,0.0,2020
43,Alex KillornTB,LW,24,5,5,10,-6,27,19:43,2,2,37,13.5,654,0,4,3,57.1,0,0,0.0,2020
43,William KarlssonVGK,C,20,4,6,10,2,0,19:11,1,1,53,7.5,487,0,135,180,42.9,0,0,0.0,2020
43,Jonathan MarchessaultVGK,C,20,3,7,10,1,16,16:32,1,1,57,5.3,407,1,15,16,48.4,0,0,0.0,2020
43,Ryan PulockNYI,D,22,2,8,10,-1,6,22:42,2,1,45,4.4,643,0,0,0,0.0,0,0,0.0,2020
43,Devon ToewsNYI,D,22,2,8,10,3,6,20:29,0,3,20,10.0,564,0,0,0,0.0,0,0,0.0,2020
43,David PastrnakBOS,RW,10,3,7,10,-3,2,21:37,2,4,40,7.5,234,0,1,0,100.0,0,0,0.0,2020
43,Pierre-Luc DuboisCBJ,LW,10,4,6,10,3,4,22:57,1,1,27,14.8,283,1,100,79,55.9,0,0,0.0,2020
43,Mikhail SergachevTB,D,25,3,7,10,4,26,22:36,1,3,52,5.8,682,0,0,0,0.0,0,0,0.0,2020
1,Nikita KucherovTB,RW,23,8,24,32,6,14,18:17,4,15,62,12.9,508,0,0,0,0.0,0,0,0.0,2021
2,Brayden PointTB,C,23,14,9,23,7,8,18:55,7,5,49,28.6,525,3,140,128,52.2,0,0,0.0,2021
3,Steven StamkosTB,C,23,8,10,18,0,4,15:52,5,7,43,18.6,469,2,100,88,53.2,0,0,0.0,2021
3,Victor HedmanTB,D,23,2,16,18,1,8,24:42,2,11,55,3.6,677,0,0,0,0.0,0,0,0.0,2021
5,Alex KillornTB,LW,19,8,9,17,-1,6,17:31,4,4,39,20.5,439,0,1,0,100.0,0,0,0.0,2021
6,William KarlssonVGK,C,19,4,12,16,10,2,18:24,0,1,34,11.8,459,0,180,134,57.3,0,0,0.0,2021
6,Nick SuzukiMTL,C,22,7,9,16,-6,2,18:55,2,4,53,13.2,529,1,150,178,45.7,0,0,0.0,2021
8,Nathan MacKinnonCOL,C,10,8,7,15,6,2,20:44,2,4,38,21.1,273,2,59,61,49.2,0,0,0.0,2021
8,David PastrnakBOS,RW,11,7,8,15,3,8,19:43,3,4,52,13.5,255,1,1,0,100.0,0,0,0.0,2021
10,Tyler ToffoliMTL,RW,22,5,9,14,-6,6,17:47,1,4,49,10.2,523,2,10,7,58.8,0,0,0.0,2021
10,Mathew BarzalNYI,C,19,6,8,14,0,19,17:22,1,4,44,13.6,391,1,40,64,38.5,0,0,0.0,2021
12,Josh BaileyNYI,RW,19,6,7,13,-2,4,17:21,1,1,34,17.6,438,1,2,7,22.2,0,0,0.0,2021
12,Gabriel LandeskogCOL,LW,10,4,9,13,1,9,20:28,1,2,23,17.4,263,1,72,48,60.0,0,0,0.0,2021
12,Ondrej PalatTB,LW,23,5,8,13,8,10,16:19,0,0,42,11.9,507,2,3,16,15.8,0,0,0.0,2021
12,Jean-Gabriel PageauNYI,C,19,3,10,13,9,6,17:09,1,1,39,7.7,482,0,189,156,54.8,0,0,0.0,2021
12,Mikko RantanenCOL,RW,10,5,8,13,5,4,21:22,3,3,32,15.6,268,2,8,6,57.1,0,0,0.0,2021
12,Anthony BeauvillierNYI,LW,19,5,8,13,-1,4,17:40,2,1,53,9.4,436,1,0,0,0.0,0,0,0.0,2021
18,Brad MarchandBOS,LW,11,8,4,12,2,12,20:40,5,1,32,25.0,291,2,2,2,50.0,0,0,0.0,2021
18,Alex PietrangeloVGK,D,19,4,8,12,8,18,25:07,0,2,76,5.3,549,1,0,0,0.0,0,0,0.0,2021
18,Brock NelsonNYI,C,19,7,5,12,-1,4,17:46,1,1,35,20.0,442,2,110,122,47.4,0,0,0.0,2021
18,Anthony CirelliTB,C,23,5,7,12,9,20,16:56,0,2,41,12.2,532,1,92,97,48.7,0,0,0.0,2021
18,Charlie McAvoyBOS,D,11,1,11,12,2,4,26:39,0,8,30,3.3,340,1,0,0,0.0,0,0,0.0,2021
18,Cole CaufieldMTL,RW,20,4,8,12,-5,0,15:14,2,1,48,8.3,429,0,0,0,0.0,0,0,0.0,2021
24,Max PaciorettyVGK,LW,13,5,6,11,6,4,18:14,0,1,45,11.1,317,3,6,7,46.2,0,0,0.0,2021
24,Jordan EberleNYI,RW,19,4,7,11,-1,4,16:07,2,2,46,8.7,384,0,0,2,0.0,0,0,0.0,2021
24,Blake ColemanTB,C,23,3,8,11,5,22,16:09,0,0,45,6.7,543,1,1,0,100.0,0,0,0.0,2021
24,Sebastian AhoCAR,C,11,6,5,11,5,12,21:53,2,2,38,15.8,304,2,78,83,48.4,0,0,0.0,2021
28,Corey PerryMTL,RW,22,4,6,10,-5,25,13:54,2,2,30,13.3,428,1,0,0,0.0,0,0,0.0,2021
28,Reilly SmithVGK,RW,19,3,7,10,7,4,17:39,0,0,41,7.3,455,1,0,2,0.0,0,0,0.0,2021
28,Jonathan HuberdeauFLA,C,6,2,8,10,-3,4,19:44,1,4,18,11.1,141,0,6,7,46.2,0,0,0.0,2021
28,Shea TheodoreVGK,D,19,1,9,10,7,10,23:07,0,1,52,1.9,526,0,0,0,0.0,0,0,0.0,2021
28,Erik CernakTB,D,21,1,9,10,12,16,19:56,0,0,36,2.8,556,0,0,0,0.0,0,0,0.0,2021
28,Cale MakarCOL,D,10,2,8,10,0,2,24:23,2,4,23,8.7,302,0,0,0,0.0,0,0,0.0,2021
34,Patrice BergeronBOS,C,11,4,5,9,1,4,19:50,0,3,44,9.1,296,1,135,112,54.7,0,0,0.0,2021
34,David KrejciBOS,C,11,2,7,9,0,2,20:09,1,5,32,6.3,249,0,84,70,54.5,0,0,0.0,2021
34,Kyle PalmieriNYI,C,19,7,2,9,5,10,15:35,1,1,35,20.0,434,1,2,3,40.0,0,0,0.0,2021
34,Jonathan MarchessaultVGK,C,19,6,3,9,8,12,17:37,1,0,51,11.8,435,0,12,29,29.3,0,0,0.0,2021
34,Alex TuchVGK,RW,19,4,5,9,6,6,16:28,1,0,42,9.5,416,1,10,10,50.0,0,0,0.0,2021
34,Nicolas RoyVGK,C,19,4,5,9,-2,8,14:07,0,0,23,17.4,394,2,132,100,56.9,0,0,0.0,2021
40,Eric StaalMTL,C,21,2,6,8,-2,6,11:31,0,0,21,9.5,385,1,74,93,44.3,0,0,0.0,2021
40,Jordan StaalCAR,C,11,5,3,8,4,6,19:47,1,0,26,19.2,308,2,132,94,58.4,0,0,0.0,2021
40,Ryan McDonaghTB,D,23,0,8,8,18,14,22:49,0,0,23,0.0,654,0,0,0,0.0,0,0,0.0,2021
40,Mark StoneVGK,RW,19,5,3,8,2,0,19:48,0,1,32,15.6,467,1,3,5,37.5,0,0,0.0,2021
40,Joel ArmiaMTL,RW,21,5,3,8,-1,10,13:41,0,0,40,12.5,448,0,8,14,36.4,0,0,0.0,2021
40,Brandon SaadCOL,LW,10,7,1,8,3,12,15:15,1,0,19,36.8,219,0,3,5,37.5,0,0,0.0,2021
40,Mattias JanmarkVGK,C,16,4,4,8,1,0,13:48,0,1,19,21.1,301,0,0,0,0.0,0,0,0.0,2021
40,William NylanderTOR,RW,7,5,3,8,3,4,18:20,1,0,21,23.8,176,1,8,3,72.7,0,0,0.0,2021
40,Andrei SvechnikovCAR,RW,11,2,6,8,4,14,18:35,0,3,41,4.9,274,0,0,1,0.0,0,0,0.0,2021
40,Jesperi KotkaniemiMTL,C,19,5,3,8,-5,14,13:42,0,0,28,17.9,371,1,76,78,49.4,0,0,0.0,2021
50,Cal ClutterbuckNYI,RW,19,4,3,7,5,10,13:55,0,0,23,17.4,397,0,1,1,50.0,0,0,0.0,2021
1,Connor McDavidEDM,C,16,10,23,33,15,10,23:02,2,6,61,16.4,421,1,92,83,52.6,0,0,0.0,2022
2,Leon DraisaitlEDM,C,16,7,25,32,4,6,21:22,3,6,44,15.9,399,1,143,151,48.6,0,0,0.0,2022
3,Cale MakarCOL,D,20,8,21,29,7,10,27:04,2,10,71,11.3,618,1,0,0,0.0,0,0,0.0,2022
4,Nikita KucherovTB,RW,23,8,19,27,7,14,20:44,6,5,77,10.4,556,1,0,0,0.0,0,0,0.0,2022
5,Mikko RantanenCOL,RW,20,5,20,25,3,4,20:11,1,11,53,9.4,507,0,26,36,41.9,0,0,0.0,2022
6,Mika ZibanejadNYR,C,20,10,14,24,0,4,20:50,6,5,63,15.9,504,1,207,199,51.0,0,0,0.0,2022
6,Nathan MacKinnonCOL,C,20,13,11,24,11,8,21:24,6,3,117,11.1,534,0,139,154,47.4,0,0,0.0,2022
8,Adam FoxNYR,D,20,5,18,23,0,2,26:38,2,10,42,11.9,615,1,0,0,0.0,0,0,0.0,2022
9,Gabriel LandeskogCOL,LW,20,11,11,22,15,6,20:57,5,4,56,19.6,518,1,135,95,58.7,0,0,0.0,2022
10,Ondrej PalatTB,LW,23,11,10,21,10,10,16:59,0,2,49,22.4,546,3,2,10,16.7,0,0,0.0,2022
11,Steven StamkosTB,C,23,11,8,19,7,25,18:54,1,6,68,16.2,566,1,169,142,54.3,0,0,0.0,2022
11,Victor HedmanTB,D,23,3,16,19,2,10,24:40,2,7,77,3.9,667,0,0,0,0.0,0,0,0.0,2022
13,Evander KaneEDM,LW,15,13,4,17,2,37,19:38,2,1,57,22.8,362,2,6,8,42.9,0,0,0.0,2022
14,Zach HymanEDM,LW,16,11,5,16,4,4,20:28,3,1,67,16.4,408,1,4,4,50.0,0,0,0.0,2022
14,Chris KreiderNYR,LW,20,10,6,16,-1,14,19:03,3,3,49,20.4,469,3,2,11,15.4,0,0,0.0,2022
14,Artemi PanarinNYR,LW,20,6,10,16,-5,8,20:18,3,6,50,12.0,418,1,0,1,0.0,0,0,0.0,2022
17,Nazem KadriCOL,C,16,7,8,15,7,8,17:21,2,0,58,12.1,369,2,94,93,50.3,0,0,0.0,2022
17,Valeri NichushkinCOL,RW,20,9,6,15,6,8,20:15,1,0,72,12.5,553,2,0,0,0.0,0,0,0.0,2022
17,Devon ToewsCOL,D,20,5,10,15,5,8,25:52,0,2,44,11.4,643,0,0,0,0.0,0,0,0.0,2022
20,Ryan Nugent-HopkinsEDM,C,16,6,8,14,-3,14,20:22,1,3,35,17.1,411,1,73,99,42.4,0,0,0.0,2022
20,Johnny GaudreauCGY,LW,12,3,11,14,-3,2,19:33,0,3,52,5.8,302,2,0,0,0.0,0,0,0.0,2022
20,Artturi LehkonenCOL,LW,20,8,6,14,2,20,17:06,2,1,43,18.6,493,4,1,7,12.5,0,0,0.0,2022
20,Andrew CoppNYR,C,20,6,8,14,-2,2,19:48,0,3,41,14.6,472,0,96,120,44.4,0,0,0.0,2022
24,David PerronSTL,LW,12,9,4,13,0,10,19:50,4,3,42,21.4,288,2,0,0,0.0,0,0,0.0,2022
24,Frank VatranoNYR,RW,20,5,8,13,-1,13,15:07,2,2,41,12.2,401,0,0,0,0.0,0,0,0.0,2022
26,Ryan O'ReillySTL,C,12,7,5,12,3,2,21:23,4,1,34,20.6,314,1,161,134,54.6,0,0,0.0,2022
26,Carter VerhaegheFLA,C,10,6,6,12,7,4,16:45,0,0,22,27.3,218,3,0,1,0.0,0,0,0.0,2022
28,Corey PerryTB,RW,23,6,5,11,-2,26,12:41,4,2,43,14.0,372,0,1,1,50.0,0,0,0.0,2022
28,Brad MarchandBOS,LW,7,4,7,11,3,10,20:08,1,5,21,19.0,187,1,2,3,40.0,0,0,0.0,2022
28,Teuvo TeravainenCAR,RW,14,4,7,11,4,2,16:54,1,2,34,11.8,305,1,2,0,100.0,0,0,0.0,2022
28,Pavel BuchnevichSTL,LW,12,1,10,11,-3,6,18:55,1,1,22,4.5,304,0,5,4,55.6,0,0,0.0,2022
28,Sebastian AhoCAR,C,14,4,7,11,0,12,19:12,1,1,32,12.5,326,1,86,83,50.9,0,0,0.0,2022
33,Sidney CrosbyPIT,C,6,2,8,10,2,2,20:25,1,1,22,9.1,170,0,80,70,53.3,0,0,0.0,2022
33,Vincent TrocheckCAR,C,14,6,4,10,7,10,18:21,1,3,31,19.4,318,0,120,86,58.3,0,0,0.0,2022
33,Jake GuentzelPIT,LW,7,8,2,10,1,2,22:27,1,1,39,20.5,201,1,0,0,0.0,0,0,0.0,2022
33,Tony DeAngeloCAR,D,14,1,9,10,0,12,21:31,1,5,28,3.6,339,1,0,0,0.0,0,0,0.0,2022
33,Matthew TkachukCGY,LW,12,4,6,10,-6,20,17:59,1,2,35,11.4,289,0,1,1,50.0,0,0,0.0,2022
33,Mikhail SergachevTB,D,23,2,8,10,7,18,22:16,0,2,26,7.7,651,0,0,0,0.0,0,0,0.0,2022
39,Vladimir TarasenkoSTL,RW,12,6,3,9,-2,0,16:59,1,2,32,18.8,293,1,0,1,0.0,0,0,0.0,2022
39,Ryan StromeNYR,C,19,2,7,9,0,10,18:17,1,2,49,4.1,397,1,65,88,42.5,0,0,0.0,2022
39,Elias LindholmCGY,C,12,5,4,9,-7,6,21:10,2,1,34,14.7,352,1,141,115,55.1,0,0,0.0,2022
39,Nicholas PaulTB,LW,23,5,4,9,0,6,18:18,0,1,44,11.4,580,2,190,192,49.7,0,0,0.0,2022
39,Auston MatthewsTOR,C,7,4,5,9,1,0,22:17,1,1,29,13.8,175,1,69,56,55.2,0,0,0.0,2022
39,Jordan KyrouSTL,C,12,7,2,9,-4,4,15:46,2,1,32,21.9,247,1,1,3,25.0,0,0,0.0,2022
39,Filip ChytilNYR,C,20,7,2,9,-2,4,13:23,1,0,45,15.6,345,3,38,71,34.9,0,0,0.0,2022
39,Evan BouchardEDM,D,16,3,6,9,-4,4,18:08,1,2,39,7.7,371,0,0,0,0.0,0,0,0.0,2022
39,Ross ColtonTB,C,23,5,4,9,-2,13,13:08,2,0,39,12.8,448,2,27,35,43.5,0,0,0.0,2022
39,Bowen ByramCOL,D,20,0,9,9,15,10,19:21,0,1,44,0.0,532,0,0,0,0.0,0,0,0.0,2022
39,Alexis LafreniereNYR,LW,20,2,7,9,-3,11,14:02,0,2,30,6.7,356,0,7,17,29.2,0,0,0.0,2022
50,Claude GirouxFLA,RW,10,3,5,8,2,0,18:00,0,0,25,12.0,233,0,69,56,55.2,0,0,0.0,2022
